testIdx,testName,mutantIdx,operatorName,blockPath,locationKey,candidateSIDs,resolvedCount,evidenceMetric,reachability,reachabilityStrict
1,Dead-Dead,1,SumOperator,stateMachine/Subtract,+-,"",0,none,NaN,NaN
2,Dead-Regen,1,SumOperator,stateMachine/Subtract,+-,"",0,none,NaN,NaN
3,Dead-ED,1,SumOperator,stateMachine/Subtract,+-,"",0,none,NaN,NaN
4,Dead-NoCharge,1,SumOperator,stateMachine/Subtract,+-,"",0,none,NaN,NaN
5,Dead-Combined,1,SumOperator,stateMachine/Subtract,+-,"",0,none,NaN,NaN
6,NoCharge-DEAD,1,SumOperator,stateMachine/Subtract,+-,"",0,none,NaN,NaN
7,NoCharge-Regen,1,SumOperator,stateMachine/Subtract,+-,"",0,none,NaN,NaN
8,NoCharge-ED,1,SumOperator,stateMachine/Subtract,+-,"",0,none,NaN,NaN
9,NoCharge-Combined,1,SumOperator,stateMachine/Subtract,+-,"",0,none,NaN,NaN
10,NoCharge-NoCharge,1,SumOperator,stateMachine/Subtract,+-,"",0,none,NaN,NaN
11,ED-ED,1,SumOperator,stateMachine/Subtract,+-,"",0,none,NaN,NaN
12,ED-Regen,1,SumOperator,stateMachine/Subtract,+-,"",0,none,NaN,NaN
13,ED-DEAD,1,SumOperator,stateMachine/Subtract,+-,"",0,none,NaN,NaN
14,ED-NoCharge,1,SumOperator,stateMachine/Subtract,+-,"",0,none,NaN,NaN
15,ED-Combined,1,SumOperator,stateMachine/Subtract,+-,"",0,none,NaN,NaN
16,Combined-Combined,1,SumOperator,stateMachine/Subtract,+-,"",0,none,NaN,NaN
17,Combined-Regen,1,SumOperator,stateMachine/Subtract,+-,"",0,none,NaN,NaN
18,Combined-DEAD,1,SumOperator,stateMachine/Subtract,+-,"",0,none,NaN,NaN
19,Combined-ED,1,SumOperator,stateMachine/Subtract,+-,"",0,none,NaN,NaN
20,Combined-NoCharge,1,SumOperator,stateMachine/Subtract,+-,"",0,none,NaN,NaN
21,Regen-Regen,1,SumOperator,stateMachine/Subtract,+-,"",0,none,NaN,NaN
22,Regen-DEAD,1,SumOperator,stateMachine/Subtract,+-,"",0,none,NaN,NaN
23,Regen-ED,1,SumOperator,stateMachine/Subtract,+-,"",0,none,NaN,NaN
24,Regen-NoCharge,1,SumOperator,stateMachine/Subtract,+-,"",0,none,NaN,NaN
25,Regen-Combined,1,SumOperator,stateMachine/Subtract,+-,"",0,none,NaN,NaN
1,Dead-Dead,2,SumOperator,stateMachine/Subtract,+-,"",0,none,NaN,NaN
2,Dead-Regen,2,SumOperator,stateMachine/Subtract,+-,"",0,none,NaN,NaN
3,Dead-ED,2,SumOperator,stateMachine/Subtract,+-,"",0,none,NaN,NaN
4,Dead-NoCharge,2,SumOperator,stateMachine/Subtract,+-,"",0,none,NaN,NaN
5,Dead-Combined,2,SumOperator,stateMachine/Subtract,+-,"",0,none,NaN,NaN
6,NoCharge-DEAD,2,SumOperator,stateMachine/Subtract,+-,"",0,none,NaN,NaN
7,NoCharge-Regen,2,SumOperator,stateMachine/Subtract,+-,"",0,none,NaN,NaN
8,NoCharge-ED,2,SumOperator,stateMachine/Subtract,+-,"",0,none,NaN,NaN
9,NoCharge-Combined,2,SumOperator,stateMachine/Subtract,+-,"",0,none,NaN,NaN
10,NoCharge-NoCharge,2,SumOperator,stateMachine/Subtract,+-,"",0,none,NaN,NaN
11,ED-ED,2,SumOperator,stateMachine/Subtract,+-,"",0,none,NaN,NaN
12,ED-Regen,2,SumOperator,stateMachine/Subtract,+-,"",0,none,NaN,NaN
13,ED-DEAD,2,SumOperator,stateMachine/Subtract,+-,"",0,none,NaN,NaN
14,ED-NoCharge,2,SumOperator,stateMachine/Subtract,+-,"",0,none,NaN,NaN
15,ED-Combined,2,SumOperator,stateMachine/Subtract,+-,"",0,none,NaN,NaN
16,Combined-Combined,2,SumOperator,stateMachine/Subtract,+-,"",0,none,NaN,NaN
17,Combined-Regen,2,SumOperator,stateMachine/Subtract,+-,"",0,none,NaN,NaN
18,Combined-DEAD,2,SumOperator,stateMachine/Subtract,+-,"",0,none,NaN,NaN
19,Combined-ED,2,SumOperator,stateMachine/Subtract,+-,"",0,none,NaN,NaN
20,Combined-NoCharge,2,SumOperator,stateMachine/Subtract,+-,"",0,none,NaN,NaN
21,Regen-Regen,2,SumOperator,stateMachine/Subtract,+-,"",0,none,NaN,NaN
22,Regen-DEAD,2,SumOperator,stateMachine/Subtract,+-,"",0,none,NaN,NaN
23,Regen-ED,2,SumOperator,stateMachine/Subtract,+-,"",0,none,NaN,NaN
24,Regen-NoCharge,2,SumOperator,stateMachine/Subtract,+-,"",0,none,NaN,NaN
25,Regen-Combined,2,SumOperator,stateMachine/Subtract,+-,"",0,none,NaN,NaN
1,Dead-Dead,3,SumOperator,stateMachine/Subtract,+-,"",0,none,NaN,NaN
2,Dead-Regen,3,SumOperator,stateMachine/Subtract,+-,"",0,none,NaN,NaN
3,Dead-ED,3,SumOperator,stateMachine/Subtract,+-,"",0,none,NaN,NaN
4,Dead-NoCharge,3,SumOperator,stateMachine/Subtract,+-,"",0,none,NaN,NaN
5,Dead-Combined,3,SumOperator,stateMachine/Subtract,+-,"",0,none,NaN,NaN
6,NoCharge-DEAD,3,SumOperator,stateMachine/Subtract,+-,"",0,none,NaN,NaN
7,NoCharge-Regen,3,SumOperator,stateMachine/Subtract,+-,"",0,none,NaN,NaN
8,NoCharge-ED,3,SumOperator,stateMachine/Subtract,+-,"",0,none,NaN,NaN
9,NoCharge-Combined,3,SumOperator,stateMachine/Subtract,+-,"",0,none,NaN,NaN
10,NoCharge-NoCharge,3,SumOperator,stateMachine/Subtract,+-,"",0,none,NaN,NaN
11,ED-ED,3,SumOperator,stateMachine/Subtract,+-,"",0,none,NaN,NaN
12,ED-Regen,3,SumOperator,stateMachine/Subtract,+-,"",0,none,NaN,NaN
13,ED-DEAD,3,SumOperator,stateMachine/Subtract,+-,"",0,none,NaN,NaN
14,ED-NoCharge,3,SumOperator,stateMachine/Subtract,+-,"",0,none,NaN,NaN
15,ED-Combined,3,SumOperator,stateMachine/Subtract,+-,"",0,none,NaN,NaN
16,Combined-Combined,3,SumOperator,stateMachine/Subtract,+-,"",0,none,NaN,NaN
17,Combined-Regen,3,SumOperator,stateMachine/Subtract,+-,"",0,none,NaN,NaN
18,Combined-DEAD,3,SumOperator,stateMachine/Subtract,+-,"",0,none,NaN,NaN
19,Combined-ED,3,SumOperator,stateMachine/Subtract,+-,"",0,none,NaN,NaN
20,Combined-NoCharge,3,SumOperator,stateMachine/Subtract,+-,"",0,none,NaN,NaN
21,Regen-Regen,3,SumOperator,stateMachine/Subtract,+-,"",0,none,NaN,NaN
22,Regen-DEAD,3,SumOperator,stateMachine/Subtract,+-,"",0,none,NaN,NaN
23,Regen-ED,3,SumOperator,stateMachine/Subtract,+-,"",0,none,NaN,NaN
24,Regen-NoCharge,3,SumOperator,stateMachine/Subtract,+-,"",0,none,NaN,NaN
25,Regen-Combined,3,SumOperator,stateMachine/Subtract,+-,"",0,none,NaN,NaN
1,Dead-Dead,4,SumOperator,stateMachine/Subtract,+-,"",0,none,NaN,NaN
2,Dead-Regen,4,SumOperator,stateMachine/Subtract,+-,"",0,none,NaN,NaN
3,Dead-ED,4,SumOperator,stateMachine/Subtract,+-,"",0,none,NaN,NaN
4,Dead-NoCharge,4,SumOperator,stateMachine/Subtract,+-,"",0,none,NaN,NaN
5,Dead-Combined,4,SumOperator,stateMachine/Subtract,+-,"",0,none,NaN,NaN
6,NoCharge-DEAD,4,SumOperator,stateMachine/Subtract,+-,"",0,none,NaN,NaN
7,NoCharge-Regen,4,SumOperator,stateMachine/Subtract,+-,"",0,none,NaN,NaN
8,NoCharge-ED,4,SumOperator,stateMachine/Subtract,+-,"",0,none,NaN,NaN
9,NoCharge-Combined,4,SumOperator,stateMachine/Subtract,+-,"",0,none,NaN,NaN
10,NoCharge-NoCharge,4,SumOperator,stateMachine/Subtract,+-,"",0,none,NaN,NaN
11,ED-ED,4,SumOperator,stateMachine/Subtract,+-,"",0,none,NaN,NaN
12,ED-Regen,4,SumOperator,stateMachine/Subtract,+-,"",0,none,NaN,NaN
13,ED-DEAD,4,SumOperator,stateMachine/Subtract,+-,"",0,none,NaN,NaN
14,ED-NoCharge,4,SumOperator,stateMachine/Subtract,+-,"",0,none,NaN,NaN
15,ED-Combined,4,SumOperator,stateMachine/Subtract,+-,"",0,none,NaN,NaN
16,Combined-Combined,4,SumOperator,stateMachine/Subtract,+-,"",0,none,NaN,NaN
17,Combined-Regen,4,SumOperator,stateMachine/Subtract,+-,"",0,none,NaN,NaN
18,Combined-DEAD,4,SumOperator,stateMachine/Subtract,+-,"",0,none,NaN,NaN
19,Combined-ED,4,SumOperator,stateMachine/Subtract,+-,"",0,none,NaN,NaN
20,Combined-NoCharge,4,SumOperator,stateMachine/Subtract,+-,"",0,none,NaN,NaN
21,Regen-Regen,4,SumOperator,stateMachine/Subtract,+-,"",0,none,NaN,NaN
22,Regen-DEAD,4,SumOperator,stateMachine/Subtract,+-,"",0,none,NaN,NaN
23,Regen-ED,4,SumOperator,stateMachine/Subtract,+-,"",0,none,NaN,NaN
24,Regen-NoCharge,4,SumOperator,stateMachine/Subtract,+-,"",0,none,NaN,NaN
25,Regen-Combined,4,SumOperator,stateMachine/Subtract,+-,"",0,none,NaN,NaN
1,Dead-Dead,5,TransitionConditionOperator,stateMachine/Chart,[(SOC < SOCmin+SOCth) && (Fuel<fuelMin+fuelHys) ],"225",1,decision,0,0
2,Dead-Regen,5,TransitionConditionOperator,stateMachine/Chart,[(SOC < SOCmin+SOCth) && (Fuel<fuelMin+fuelHys) ],"225",1,decision,0,0
3,Dead-ED,5,TransitionConditionOperator,stateMachine/Chart,[(SOC < SOCmin+SOCth) && (Fuel<fuelMin+fuelHys) ],"225",1,decision,0,0
4,Dead-NoCharge,5,TransitionConditionOperator,stateMachine/Chart,[(SOC < SOCmin+SOCth) && (Fuel<fuelMin+fuelHys) ],"225",1,decision,0,0
5,Dead-Combined,5,TransitionConditionOperator,stateMachine/Chart,[(SOC < SOCmin+SOCth) && (Fuel<fuelMin+fuelHys) ],"225",1,decision,0,0
6,NoCharge-DEAD,5,TransitionConditionOperator,stateMachine/Chart,[(SOC < SOCmin+SOCth) && (Fuel<fuelMin+fuelHys) ],"225",1,decision,0,0
7,NoCharge-Regen,5,TransitionConditionOperator,stateMachine/Chart,[(SOC < SOCmin+SOCth) && (Fuel<fuelMin+fuelHys) ],"225",1,decision,0,0
8,NoCharge-ED,5,TransitionConditionOperator,stateMachine/Chart,[(SOC < SOCmin+SOCth) && (Fuel<fuelMin+fuelHys) ],"225",1,decision,0,0
9,NoCharge-Combined,5,TransitionConditionOperator,stateMachine/Chart,[(SOC < SOCmin+SOCth) && (Fuel<fuelMin+fuelHys) ],"225",1,decision,0,0
10,NoCharge-NoCharge,5,TransitionConditionOperator,stateMachine/Chart,[(SOC < SOCmin+SOCth) && (Fuel<fuelMin+fuelHys) ],"225",1,decision,0,0
11,ED-ED,5,TransitionConditionOperator,stateMachine/Chart,[(SOC < SOCmin+SOCth) && (Fuel<fuelMin+fuelHys) ],"225",1,decision,0,0
12,ED-Regen,5,TransitionConditionOperator,stateMachine/Chart,[(SOC < SOCmin+SOCth) && (Fuel<fuelMin+fuelHys) ],"225",1,decision,0,0
13,ED-DEAD,5,TransitionConditionOperator,stateMachine/Chart,[(SOC < SOCmin+SOCth) && (Fuel<fuelMin+fuelHys) ],"225",1,decision,0,0
14,ED-NoCharge,5,TransitionConditionOperator,stateMachine/Chart,[(SOC < SOCmin+SOCth) && (Fuel<fuelMin+fuelHys) ],"225",1,decision,0,0
15,ED-Combined,5,TransitionConditionOperator,stateMachine/Chart,[(SOC < SOCmin+SOCth) && (Fuel<fuelMin+fuelHys) ],"225",1,decision,0,0
16,Combined-Combined,5,TransitionConditionOperator,stateMachine/Chart,[(SOC < SOCmin+SOCth) && (Fuel<fuelMin+fuelHys) ],"225",1,decision,0,0
17,Combined-Regen,5,TransitionConditionOperator,stateMachine/Chart,[(SOC < SOCmin+SOCth) && (Fuel<fuelMin+fuelHys) ],"225",1,decision,0,0
18,Combined-DEAD,5,TransitionConditionOperator,stateMachine/Chart,[(SOC < SOCmin+SOCth) && (Fuel<fuelMin+fuelHys) ],"225",1,decision,0,0
19,Combined-ED,5,TransitionConditionOperator,stateMachine/Chart,[(SOC < SOCmin+SOCth) && (Fuel<fuelMin+fuelHys) ],"225",1,decision,0,0
20,Combined-NoCharge,5,TransitionConditionOperator,stateMachine/Chart,[(SOC < SOCmin+SOCth) && (Fuel<fuelMin+fuelHys) ],"225",1,decision,0,0
21,Regen-Regen,5,TransitionConditionOperator,stateMachine/Chart,[(SOC < SOCmin+SOCth) && (Fuel<fuelMin+fuelHys) ],"225",1,decision,0,0
22,Regen-DEAD,5,TransitionConditionOperator,stateMachine/Chart,[(SOC < SOCmin+SOCth) && (Fuel<fuelMin+fuelHys) ],"225",1,decision,1,1
23,Regen-ED,5,TransitionConditionOperator,stateMachine/Chart,[(SOC < SOCmin+SOCth) && (Fuel<fuelMin+fuelHys) ],"225",1,decision,1,1
24,Regen-NoCharge,5,TransitionConditionOperator,stateMachine/Chart,[(SOC < SOCmin+SOCth) && (Fuel<fuelMin+fuelHys) ],"225",1,decision,1,1
25,Regen-Combined,5,TransitionConditionOperator,stateMachine/Chart,[(SOC < SOCmin+SOCth) && (Fuel<fuelMin+fuelHys) ],"225",1,decision,1,1
1,Dead-Dead,6,TransitionConditionOperator,stateMachine/Chart,[(SOC < SOCmin+SOCth) && (Fuel<fuelMin+fuelHys) ],"225",1,decision,0,0
2,Dead-Regen,6,TransitionConditionOperator,stateMachine/Chart,[(SOC < SOCmin+SOCth) && (Fuel<fuelMin+fuelHys) ],"225",1,decision,0,0
3,Dead-ED,6,TransitionConditionOperator,stateMachine/Chart,[(SOC < SOCmin+SOCth) && (Fuel<fuelMin+fuelHys) ],"225",1,decision,0,0
4,Dead-NoCharge,6,TransitionConditionOperator,stateMachine/Chart,[(SOC < SOCmin+SOCth) && (Fuel<fuelMin+fuelHys) ],"225",1,decision,0,0
5,Dead-Combined,6,TransitionConditionOperator,stateMachine/Chart,[(SOC < SOCmin+SOCth) && (Fuel<fuelMin+fuelHys) ],"225",1,decision,0,0
6,NoCharge-DEAD,6,TransitionConditionOperator,stateMachine/Chart,[(SOC < SOCmin+SOCth) && (Fuel<fuelMin+fuelHys) ],"225",1,decision,0,0
7,NoCharge-Regen,6,TransitionConditionOperator,stateMachine/Chart,[(SOC < SOCmin+SOCth) && (Fuel<fuelMin+fuelHys) ],"225",1,decision,0,0
8,NoCharge-ED,6,TransitionConditionOperator,stateMachine/Chart,[(SOC < SOCmin+SOCth) && (Fuel<fuelMin+fuelHys) ],"225",1,decision,0,0
9,NoCharge-Combined,6,TransitionConditionOperator,stateMachine/Chart,[(SOC < SOCmin+SOCth) && (Fuel<fuelMin+fuelHys) ],"225",1,decision,0,0
10,NoCharge-NoCharge,6,TransitionConditionOperator,stateMachine/Chart,[(SOC < SOCmin+SOCth) && (Fuel<fuelMin+fuelHys) ],"225",1,decision,0,0
11,ED-ED,6,TransitionConditionOperator,stateMachine/Chart,[(SOC < SOCmin+SOCth) && (Fuel<fuelMin+fuelHys) ],"225",1,decision,0,0
12,ED-Regen,6,TransitionConditionOperator,stateMachine/Chart,[(SOC < SOCmin+SOCth) && (Fuel<fuelMin+fuelHys) ],"225",1,decision,0,0
13,ED-DEAD,6,TransitionConditionOperator,stateMachine/Chart,[(SOC < SOCmin+SOCth) && (Fuel<fuelMin+fuelHys) ],"225",1,decision,0,0
14,ED-NoCharge,6,TransitionConditionOperator,stateMachine/Chart,[(SOC < SOCmin+SOCth) && (Fuel<fuelMin+fuelHys) ],"225",1,decision,0,0
15,ED-Combined,6,TransitionConditionOperator,stateMachine/Chart,[(SOC < SOCmin+SOCth) && (Fuel<fuelMin+fuelHys) ],"225",1,decision,0,0
16,Combined-Combined,6,TransitionConditionOperator,stateMachine/Chart,[(SOC < SOCmin+SOCth) && (Fuel<fuelMin+fuelHys) ],"225",1,decision,0,0
17,Combined-Regen,6,TransitionConditionOperator,stateMachine/Chart,[(SOC < SOCmin+SOCth) && (Fuel<fuelMin+fuelHys) ],"225",1,decision,0,0
18,Combined-DEAD,6,TransitionConditionOperator,stateMachine/Chart,[(SOC < SOCmin+SOCth) && (Fuel<fuelMin+fuelHys) ],"225",1,decision,0,0
19,Combined-ED,6,TransitionConditionOperator,stateMachine/Chart,[(SOC < SOCmin+SOCth) && (Fuel<fuelMin+fuelHys) ],"225",1,decision,0,0
20,Combined-NoCharge,6,TransitionConditionOperator,stateMachine/Chart,[(SOC < SOCmin+SOCth) && (Fuel<fuelMin+fuelHys) ],"225",1,decision,0,0
21,Regen-Regen,6,TransitionConditionOperator,stateMachine/Chart,[(SOC < SOCmin+SOCth) && (Fuel<fuelMin+fuelHys) ],"225",1,decision,0,0
22,Regen-DEAD,6,TransitionConditionOperator,stateMachine/Chart,[(SOC < SOCmin+SOCth) && (Fuel<fuelMin+fuelHys) ],"225",1,decision,1,1
23,Regen-ED,6,TransitionConditionOperator,stateMachine/Chart,[(SOC < SOCmin+SOCth) && (Fuel<fuelMin+fuelHys) ],"225",1,decision,1,1
24,Regen-NoCharge,6,TransitionConditionOperator,stateMachine/Chart,[(SOC < SOCmin+SOCth) && (Fuel<fuelMin+fuelHys) ],"225",1,decision,1,1
25,Regen-Combined,6,TransitionConditionOperator,stateMachine/Chart,[(SOC < SOCmin+SOCth) && (Fuel<fuelMin+fuelHys) ],"225",1,decision,1,1
1,Dead-Dead,7,TransitionConditionOperator,stateMachine/Chart,[(SOC < SOCmin+SOCth) && (Fuel<fuelMin+fuelHys) ],"225",1,decision,0,0
2,Dead-Regen,7,TransitionConditionOperator,stateMachine/Chart,[(SOC < SOCmin+SOCth) && (Fuel<fuelMin+fuelHys) ],"225",1,decision,0,0
3,Dead-ED,7,TransitionConditionOperator,stateMachine/Chart,[(SOC < SOCmin+SOCth) && (Fuel<fuelMin+fuelHys) ],"225",1,decision,0,0
4,Dead-NoCharge,7,TransitionConditionOperator,stateMachine/Chart,[(SOC < SOCmin+SOCth) && (Fuel<fuelMin+fuelHys) ],"225",1,decision,0,0
5,Dead-Combined,7,TransitionConditionOperator,stateMachine/Chart,[(SOC < SOCmin+SOCth) && (Fuel<fuelMin+fuelHys) ],"225",1,decision,0,0
6,NoCharge-DEAD,7,TransitionConditionOperator,stateMachine/Chart,[(SOC < SOCmin+SOCth) && (Fuel<fuelMin+fuelHys) ],"225",1,decision,0,0
7,NoCharge-Regen,7,TransitionConditionOperator,stateMachine/Chart,[(SOC < SOCmin+SOCth) && (Fuel<fuelMin+fuelHys) ],"225",1,decision,0,0
8,NoCharge-ED,7,TransitionConditionOperator,stateMachine/Chart,[(SOC < SOCmin+SOCth) && (Fuel<fuelMin+fuelHys) ],"225",1,decision,0,0
9,NoCharge-Combined,7,TransitionConditionOperator,stateMachine/Chart,[(SOC < SOCmin+SOCth) && (Fuel<fuelMin+fuelHys) ],"225",1,decision,0,0
10,NoCharge-NoCharge,7,TransitionConditionOperator,stateMachine/Chart,[(SOC < SOCmin+SOCth) && (Fuel<fuelMin+fuelHys) ],"225",1,decision,0,0
11,ED-ED,7,TransitionConditionOperator,stateMachine/Chart,[(SOC < SOCmin+SOCth) && (Fuel<fuelMin+fuelHys) ],"225",1,decision,0,0
12,ED-Regen,7,TransitionConditionOperator,stateMachine/Chart,[(SOC < SOCmin+SOCth) && (Fuel<fuelMin+fuelHys) ],"225",1,decision,0,0
13,ED-DEAD,7,TransitionConditionOperator,stateMachine/Chart,[(SOC < SOCmin+SOCth) && (Fuel<fuelMin+fuelHys) ],"225",1,decision,0,0
14,ED-NoCharge,7,TransitionConditionOperator,stateMachine/Chart,[(SOC < SOCmin+SOCth) && (Fuel<fuelMin+fuelHys) ],"225",1,decision,0,0
15,ED-Combined,7,TransitionConditionOperator,stateMachine/Chart,[(SOC < SOCmin+SOCth) && (Fuel<fuelMin+fuelHys) ],"225",1,decision,0,0
16,Combined-Combined,7,TransitionConditionOperator,stateMachine/Chart,[(SOC < SOCmin+SOCth) && (Fuel<fuelMin+fuelHys) ],"225",1,decision,0,0
17,Combined-Regen,7,TransitionConditionOperator,stateMachine/Chart,[(SOC < SOCmin+SOCth) && (Fuel<fuelMin+fuelHys) ],"225",1,decision,0,0
18,Combined-DEAD,7,TransitionConditionOperator,stateMachine/Chart,[(SOC < SOCmin+SOCth) && (Fuel<fuelMin+fuelHys) ],"225",1,decision,0,0
19,Combined-ED,7,TransitionConditionOperator,stateMachine/Chart,[(SOC < SOCmin+SOCth) && (Fuel<fuelMin+fuelHys) ],"225",1,decision,0,0
20,Combined-NoCharge,7,TransitionConditionOperator,stateMachine/Chart,[(SOC < SOCmin+SOCth) && (Fuel<fuelMin+fuelHys) ],"225",1,decision,0,0
21,Regen-Regen,7,TransitionConditionOperator,stateMachine/Chart,[(SOC < SOCmin+SOCth) && (Fuel<fuelMin+fuelHys) ],"225",1,decision,0,0
22,Regen-DEAD,7,TransitionConditionOperator,stateMachine/Chart,[(SOC < SOCmin+SOCth) && (Fuel<fuelMin+fuelHys) ],"225",1,decision,1,1
23,Regen-ED,7,TransitionConditionOperator,stateMachine/Chart,[(SOC < SOCmin+SOCth) && (Fuel<fuelMin+fuelHys) ],"225",1,decision,1,1
24,Regen-NoCharge,7,TransitionConditionOperator,stateMachine/Chart,[(SOC < SOCmin+SOCth) && (Fuel<fuelMin+fuelHys) ],"225",1,decision,1,1
25,Regen-Combined,7,TransitionConditionOperator,stateMachine/Chart,[(SOC < SOCmin+SOCth) && (Fuel<fuelMin+fuelHys) ],"225",1,decision,1,1
1,Dead-Dead,8,TransitionConditionOperator,stateMachine/Chart,[(SOC < SOCmin+SOCth) && (Fuel<fuelMin+fuelHys) ],"225",1,decision,0,0
2,Dead-Regen,8,TransitionConditionOperator,stateMachine/Chart,[(SOC < SOCmin+SOCth) && (Fuel<fuelMin+fuelHys) ],"225",1,decision,0,0
3,Dead-ED,8,TransitionConditionOperator,stateMachine/Chart,[(SOC < SOCmin+SOCth) && (Fuel<fuelMin+fuelHys) ],"225",1,decision,0,0
4,Dead-NoCharge,8,TransitionConditionOperator,stateMachine/Chart,[(SOC < SOCmin+SOCth) && (Fuel<fuelMin+fuelHys) ],"225",1,decision,0,0
5,Dead-Combined,8,TransitionConditionOperator,stateMachine/Chart,[(SOC < SOCmin+SOCth) && (Fuel<fuelMin+fuelHys) ],"225",1,decision,0,0
6,NoCharge-DEAD,8,TransitionConditionOperator,stateMachine/Chart,[(SOC < SOCmin+SOCth) && (Fuel<fuelMin+fuelHys) ],"225",1,decision,0,0
7,NoCharge-Regen,8,TransitionConditionOperator,stateMachine/Chart,[(SOC < SOCmin+SOCth) && (Fuel<fuelMin+fuelHys) ],"225",1,decision,0,0
8,NoCharge-ED,8,TransitionConditionOperator,stateMachine/Chart,[(SOC < SOCmin+SOCth) && (Fuel<fuelMin+fuelHys) ],"225",1,decision,0,0
9,NoCharge-Combined,8,TransitionConditionOperator,stateMachine/Chart,[(SOC < SOCmin+SOCth) && (Fuel<fuelMin+fuelHys) ],"225",1,decision,0,0
10,NoCharge-NoCharge,8,TransitionConditionOperator,stateMachine/Chart,[(SOC < SOCmin+SOCth) && (Fuel<fuelMin+fuelHys) ],"225",1,decision,0,0
11,ED-ED,8,TransitionConditionOperator,stateMachine/Chart,[(SOC < SOCmin+SOCth) && (Fuel<fuelMin+fuelHys) ],"225",1,decision,0,0
12,ED-Regen,8,TransitionConditionOperator,stateMachine/Chart,[(SOC < SOCmin+SOCth) && (Fuel<fuelMin+fuelHys) ],"225",1,decision,0,0
13,ED-DEAD,8,TransitionConditionOperator,stateMachine/Chart,[(SOC < SOCmin+SOCth) && (Fuel<fuelMin+fuelHys) ],"225",1,decision,0,0
14,ED-NoCharge,8,TransitionConditionOperator,stateMachine/Chart,[(SOC < SOCmin+SOCth) && (Fuel<fuelMin+fuelHys) ],"225",1,decision,0,0
15,ED-Combined,8,TransitionConditionOperator,stateMachine/Chart,[(SOC < SOCmin+SOCth) && (Fuel<fuelMin+fuelHys) ],"225",1,decision,0,0
16,Combined-Combined,8,TransitionConditionOperator,stateMachine/Chart,[(SOC < SOCmin+SOCth) && (Fuel<fuelMin+fuelHys) ],"225",1,decision,0,0
17,Combined-Regen,8,TransitionConditionOperator,stateMachine/Chart,[(SOC < SOCmin+SOCth) && (Fuel<fuelMin+fuelHys) ],"225",1,decision,0,0
18,Combined-DEAD,8,TransitionConditionOperator,stateMachine/Chart,[(SOC < SOCmin+SOCth) && (Fuel<fuelMin+fuelHys) ],"225",1,decision,0,0
19,Combined-ED,8,TransitionConditionOperator,stateMachine/Chart,[(SOC < SOCmin+SOCth) && (Fuel<fuelMin+fuelHys) ],"225",1,decision,0,0
20,Combined-NoCharge,8,TransitionConditionOperator,stateMachine/Chart,[(SOC < SOCmin+SOCth) && (Fuel<fuelMin+fuelHys) ],"225",1,decision,0,0
21,Regen-Regen,8,TransitionConditionOperator,stateMachine/Chart,[(SOC < SOCmin+SOCth) && (Fuel<fuelMin+fuelHys) ],"225",1,decision,0,0
22,Regen-DEAD,8,TransitionConditionOperator,stateMachine/Chart,[(SOC < SOCmin+SOCth) && (Fuel<fuelMin+fuelHys) ],"225",1,decision,1,1
23,Regen-ED,8,TransitionConditionOperator,stateMachine/Chart,[(SOC < SOCmin+SOCth) && (Fuel<fuelMin+fuelHys) ],"225",1,decision,1,1
24,Regen-NoCharge,8,TransitionConditionOperator,stateMachine/Chart,[(SOC < SOCmin+SOCth) && (Fuel<fuelMin+fuelHys) ],"225",1,decision,1,1
25,Regen-Combined,8,TransitionConditionOperator,stateMachine/Chart,[(SOC < SOCmin+SOCth) && (Fuel<fuelMin+fuelHys) ],"225",1,decision,1,1
1,Dead-Dead,9,TransitionConditionOperator,stateMachine/Chart,[(SOC < SOCmin+SOCth) && (Fuel<fuelMin+fuelHys) ],"225",1,decision,0,0
2,Dead-Regen,9,TransitionConditionOperator,stateMachine/Chart,[(SOC < SOCmin+SOCth) && (Fuel<fuelMin+fuelHys) ],"225",1,decision,0,0
3,Dead-ED,9,TransitionConditionOperator,stateMachine/Chart,[(SOC < SOCmin+SOCth) && (Fuel<fuelMin+fuelHys) ],"225",1,decision,0,0
4,Dead-NoCharge,9,TransitionConditionOperator,stateMachine/Chart,[(SOC < SOCmin+SOCth) && (Fuel<fuelMin+fuelHys) ],"225",1,decision,0,0
5,Dead-Combined,9,TransitionConditionOperator,stateMachine/Chart,[(SOC < SOCmin+SOCth) && (Fuel<fuelMin+fuelHys) ],"225",1,decision,0,0
6,NoCharge-DEAD,9,TransitionConditionOperator,stateMachine/Chart,[(SOC < SOCmin+SOCth) && (Fuel<fuelMin+fuelHys) ],"225",1,decision,0,0
7,NoCharge-Regen,9,TransitionConditionOperator,stateMachine/Chart,[(SOC < SOCmin+SOCth) && (Fuel<fuelMin+fuelHys) ],"225",1,decision,0,0
8,NoCharge-ED,9,TransitionConditionOperator,stateMachine/Chart,[(SOC < SOCmin+SOCth) && (Fuel<fuelMin+fuelHys) ],"225",1,decision,0,0
9,NoCharge-Combined,9,TransitionConditionOperator,stateMachine/Chart,[(SOC < SOCmin+SOCth) && (Fuel<fuelMin+fuelHys) ],"225",1,decision,0,0
10,NoCharge-NoCharge,9,TransitionConditionOperator,stateMachine/Chart,[(SOC < SOCmin+SOCth) && (Fuel<fuelMin+fuelHys) ],"225",1,decision,0,0
11,ED-ED,9,TransitionConditionOperator,stateMachine/Chart,[(SOC < SOCmin+SOCth) && (Fuel<fuelMin+fuelHys) ],"225",1,decision,0,0
12,ED-Regen,9,TransitionConditionOperator,stateMachine/Chart,[(SOC < SOCmin+SOCth) && (Fuel<fuelMin+fuelHys) ],"225",1,decision,0,0
13,ED-DEAD,9,TransitionConditionOperator,stateMachine/Chart,[(SOC < SOCmin+SOCth) && (Fuel<fuelMin+fuelHys) ],"225",1,decision,0,0
14,ED-NoCharge,9,TransitionConditionOperator,stateMachine/Chart,[(SOC < SOCmin+SOCth) && (Fuel<fuelMin+fuelHys) ],"225",1,decision,0,0
15,ED-Combined,9,TransitionConditionOperator,stateMachine/Chart,[(SOC < SOCmin+SOCth) && (Fuel<fuelMin+fuelHys) ],"225",1,decision,0,0
16,Combined-Combined,9,TransitionConditionOperator,stateMachine/Chart,[(SOC < SOCmin+SOCth) && (Fuel<fuelMin+fuelHys) ],"225",1,decision,0,0
17,Combined-Regen,9,TransitionConditionOperator,stateMachine/Chart,[(SOC < SOCmin+SOCth) && (Fuel<fuelMin+fuelHys) ],"225",1,decision,0,0
18,Combined-DEAD,9,TransitionConditionOperator,stateMachine/Chart,[(SOC < SOCmin+SOCth) && (Fuel<fuelMin+fuelHys) ],"225",1,decision,0,0
19,Combined-ED,9,TransitionConditionOperator,stateMachine/Chart,[(SOC < SOCmin+SOCth) && (Fuel<fuelMin+fuelHys) ],"225",1,decision,0,0
20,Combined-NoCharge,9,TransitionConditionOperator,stateMachine/Chart,[(SOC < SOCmin+SOCth) && (Fuel<fuelMin+fuelHys) ],"225",1,decision,0,0
21,Regen-Regen,9,TransitionConditionOperator,stateMachine/Chart,[(SOC < SOCmin+SOCth) && (Fuel<fuelMin+fuelHys) ],"225",1,decision,0,0
22,Regen-DEAD,9,TransitionConditionOperator,stateMachine/Chart,[(SOC < SOCmin+SOCth) && (Fuel<fuelMin+fuelHys) ],"225",1,decision,1,1
23,Regen-ED,9,TransitionConditionOperator,stateMachine/Chart,[(SOC < SOCmin+SOCth) && (Fuel<fuelMin+fuelHys) ],"225",1,decision,1,1
24,Regen-NoCharge,9,TransitionConditionOperator,stateMachine/Chart,[(SOC < SOCmin+SOCth) && (Fuel<fuelMin+fuelHys) ],"225",1,decision,1,1
25,Regen-Combined,9,TransitionConditionOperator,stateMachine/Chart,[(SOC < SOCmin+SOCth) && (Fuel<fuelMin+fuelHys) ],"225",1,decision,1,1
1,Dead-Dead,10,TransitionConditionOperator,stateMachine/Chart,[ (Fuel>fuelMin+fuelHys)],"228",1,decision,1,1
2,Dead-Regen,10,TransitionConditionOperator,stateMachine/Chart,[ (Fuel>fuelMin+fuelHys)],"228",1,decision,1,1
3,Dead-ED,10,TransitionConditionOperator,stateMachine/Chart,[ (Fuel>fuelMin+fuelHys)],"228",1,decision,0,0
4,Dead-NoCharge,10,TransitionConditionOperator,stateMachine/Chart,[ (Fuel>fuelMin+fuelHys)],"228",1,decision,1,1
5,Dead-Combined,10,TransitionConditionOperator,stateMachine/Chart,[ (Fuel>fuelMin+fuelHys)],"228",1,decision,0,0
6,NoCharge-DEAD,10,TransitionConditionOperator,stateMachine/Chart,[ (Fuel>fuelMin+fuelHys)],"228",1,decision,1,1
7,NoCharge-Regen,10,TransitionConditionOperator,stateMachine/Chart,[ (Fuel>fuelMin+fuelHys)],"228",1,decision,1,1
8,NoCharge-ED,10,TransitionConditionOperator,stateMachine/Chart,[ (Fuel>fuelMin+fuelHys)],"228",1,decision,1,1
9,NoCharge-Combined,10,TransitionConditionOperator,stateMachine/Chart,[ (Fuel>fuelMin+fuelHys)],"228",1,decision,1,1
10,NoCharge-NoCharge,10,TransitionConditionOperator,stateMachine/Chart,[ (Fuel>fuelMin+fuelHys)],"228",1,decision,1,1
11,ED-ED,10,TransitionConditionOperator,stateMachine/Chart,[ (Fuel>fuelMin+fuelHys)],"228",1,decision,0,0
12,ED-Regen,10,TransitionConditionOperator,stateMachine/Chart,[ (Fuel>fuelMin+fuelHys)],"228",1,decision,0,0
13,ED-DEAD,10,TransitionConditionOperator,stateMachine/Chart,[ (Fuel>fuelMin+fuelHys)],"228",1,decision,1,1
14,ED-NoCharge,10,TransitionConditionOperator,stateMachine/Chart,[ (Fuel>fuelMin+fuelHys)],"228",1,decision,0,0
15,ED-Combined,10,TransitionConditionOperator,stateMachine/Chart,[ (Fuel>fuelMin+fuelHys)],"228",1,decision,0,0
16,Combined-Combined,10,TransitionConditionOperator,stateMachine/Chart,[ (Fuel>fuelMin+fuelHys)],"228",1,decision,0,0
17,Combined-Regen,10,TransitionConditionOperator,stateMachine/Chart,[ (Fuel>fuelMin+fuelHys)],"228",1,decision,0,0
18,Combined-DEAD,10,TransitionConditionOperator,stateMachine/Chart,[ (Fuel>fuelMin+fuelHys)],"228",1,decision,1,1
19,Combined-ED,10,TransitionConditionOperator,stateMachine/Chart,[ (Fuel>fuelMin+fuelHys)],"228",1,decision,0,0
20,Combined-NoCharge,10,TransitionConditionOperator,stateMachine/Chart,[ (Fuel>fuelMin+fuelHys)],"228",1,decision,0,0
21,Regen-Regen,10,TransitionConditionOperator,stateMachine/Chart,[ (Fuel>fuelMin+fuelHys)],"228",1,decision,0,0
22,Regen-DEAD,10,TransitionConditionOperator,stateMachine/Chart,[ (Fuel>fuelMin+fuelHys)],"228",1,decision,1,1
23,Regen-ED,10,TransitionConditionOperator,stateMachine/Chart,[ (Fuel>fuelMin+fuelHys)],"228",1,decision,0,0
24,Regen-NoCharge,10,TransitionConditionOperator,stateMachine/Chart,[ (Fuel>fuelMin+fuelHys)],"228",1,decision,0,0
25,Regen-Combined,10,TransitionConditionOperator,stateMachine/Chart,[ (Fuel>fuelMin+fuelHys)],"228",1,decision,0,0
1,Dead-Dead,11,TransitionConditionOperator,stateMachine/Chart,[ (Fuel>fuelMin+fuelHys)],"228",1,decision,1,1
2,Dead-Regen,11,TransitionConditionOperator,stateMachine/Chart,[ (Fuel>fuelMin+fuelHys)],"228",1,decision,1,1
3,Dead-ED,11,TransitionConditionOperator,stateMachine/Chart,[ (Fuel>fuelMin+fuelHys)],"228",1,decision,0,0
4,Dead-NoCharge,11,TransitionConditionOperator,stateMachine/Chart,[ (Fuel>fuelMin+fuelHys)],"228",1,decision,1,1
5,Dead-Combined,11,TransitionConditionOperator,stateMachine/Chart,[ (Fuel>fuelMin+fuelHys)],"228",1,decision,0,0
6,NoCharge-DEAD,11,TransitionConditionOperator,stateMachine/Chart,[ (Fuel>fuelMin+fuelHys)],"228",1,decision,1,1
7,NoCharge-Regen,11,TransitionConditionOperator,stateMachine/Chart,[ (Fuel>fuelMin+fuelHys)],"228",1,decision,1,1
8,NoCharge-ED,11,TransitionConditionOperator,stateMachine/Chart,[ (Fuel>fuelMin+fuelHys)],"228",1,decision,1,1
9,NoCharge-Combined,11,TransitionConditionOperator,stateMachine/Chart,[ (Fuel>fuelMin+fuelHys)],"228",1,decision,1,1
10,NoCharge-NoCharge,11,TransitionConditionOperator,stateMachine/Chart,[ (Fuel>fuelMin+fuelHys)],"228",1,decision,1,1
11,ED-ED,11,TransitionConditionOperator,stateMachine/Chart,[ (Fuel>fuelMin+fuelHys)],"228",1,decision,0,0
12,ED-Regen,11,TransitionConditionOperator,stateMachine/Chart,[ (Fuel>fuelMin+fuelHys)],"228",1,decision,0,0
13,ED-DEAD,11,TransitionConditionOperator,stateMachine/Chart,[ (Fuel>fuelMin+fuelHys)],"228",1,decision,1,1
14,ED-NoCharge,11,TransitionConditionOperator,stateMachine/Chart,[ (Fuel>fuelMin+fuelHys)],"228",1,decision,0,0
15,ED-Combined,11,TransitionConditionOperator,stateMachine/Chart,[ (Fuel>fuelMin+fuelHys)],"228",1,decision,0,0
16,Combined-Combined,11,TransitionConditionOperator,stateMachine/Chart,[ (Fuel>fuelMin+fuelHys)],"228",1,decision,0,0
17,Combined-Regen,11,TransitionConditionOperator,stateMachine/Chart,[ (Fuel>fuelMin+fuelHys)],"228",1,decision,0,0
18,Combined-DEAD,11,TransitionConditionOperator,stateMachine/Chart,[ (Fuel>fuelMin+fuelHys)],"228",1,decision,1,1
19,Combined-ED,11,TransitionConditionOperator,stateMachine/Chart,[ (Fuel>fuelMin+fuelHys)],"228",1,decision,0,0
20,Combined-NoCharge,11,TransitionConditionOperator,stateMachine/Chart,[ (Fuel>fuelMin+fuelHys)],"228",1,decision,0,0
21,Regen-Regen,11,TransitionConditionOperator,stateMachine/Chart,[ (Fuel>fuelMin+fuelHys)],"228",1,decision,0,0
22,Regen-DEAD,11,TransitionConditionOperator,stateMachine/Chart,[ (Fuel>fuelMin+fuelHys)],"228",1,decision,1,1
23,Regen-ED,11,TransitionConditionOperator,stateMachine/Chart,[ (Fuel>fuelMin+fuelHys)],"228",1,decision,0,0
24,Regen-NoCharge,11,TransitionConditionOperator,stateMachine/Chart,[ (Fuel>fuelMin+fuelHys)],"228",1,decision,0,0
25,Regen-Combined,11,TransitionConditionOperator,stateMachine/Chart,[ (Fuel>fuelMin+fuelHys)],"228",1,decision,0,0
1,Dead-Dead,12,TransitionConditionOperator,stateMachine/Chart,[ (Fuel>fuelMin+fuelHys)],"228",1,decision,1,1
2,Dead-Regen,12,TransitionConditionOperator,stateMachine/Chart,[ (Fuel>fuelMin+fuelHys)],"228",1,decision,1,1
3,Dead-ED,12,TransitionConditionOperator,stateMachine/Chart,[ (Fuel>fuelMin+fuelHys)],"228",1,decision,0,0
4,Dead-NoCharge,12,TransitionConditionOperator,stateMachine/Chart,[ (Fuel>fuelMin+fuelHys)],"228",1,decision,1,1
5,Dead-Combined,12,TransitionConditionOperator,stateMachine/Chart,[ (Fuel>fuelMin+fuelHys)],"228",1,decision,0,0
6,NoCharge-DEAD,12,TransitionConditionOperator,stateMachine/Chart,[ (Fuel>fuelMin+fuelHys)],"228",1,decision,1,1
7,NoCharge-Regen,12,TransitionConditionOperator,stateMachine/Chart,[ (Fuel>fuelMin+fuelHys)],"228",1,decision,1,1
8,NoCharge-ED,12,TransitionConditionOperator,stateMachine/Chart,[ (Fuel>fuelMin+fuelHys)],"228",1,decision,1,1
9,NoCharge-Combined,12,TransitionConditionOperator,stateMachine/Chart,[ (Fuel>fuelMin+fuelHys)],"228",1,decision,1,1
10,NoCharge-NoCharge,12,TransitionConditionOperator,stateMachine/Chart,[ (Fuel>fuelMin+fuelHys)],"228",1,decision,1,1
11,ED-ED,12,TransitionConditionOperator,stateMachine/Chart,[ (Fuel>fuelMin+fuelHys)],"228",1,decision,0,0
12,ED-Regen,12,TransitionConditionOperator,stateMachine/Chart,[ (Fuel>fuelMin+fuelHys)],"228",1,decision,0,0
13,ED-DEAD,12,TransitionConditionOperator,stateMachine/Chart,[ (Fuel>fuelMin+fuelHys)],"228",1,decision,1,1
14,ED-NoCharge,12,TransitionConditionOperator,stateMachine/Chart,[ (Fuel>fuelMin+fuelHys)],"228",1,decision,0,0
15,ED-Combined,12,TransitionConditionOperator,stateMachine/Chart,[ (Fuel>fuelMin+fuelHys)],"228",1,decision,0,0
16,Combined-Combined,12,TransitionConditionOperator,stateMachine/Chart,[ (Fuel>fuelMin+fuelHys)],"228",1,decision,0,0
17,Combined-Regen,12,TransitionConditionOperator,stateMachine/Chart,[ (Fuel>fuelMin+fuelHys)],"228",1,decision,0,0
18,Combined-DEAD,12,TransitionConditionOperator,stateMachine/Chart,[ (Fuel>fuelMin+fuelHys)],"228",1,decision,1,1
19,Combined-ED,12,TransitionConditionOperator,stateMachine/Chart,[ (Fuel>fuelMin+fuelHys)],"228",1,decision,0,0
20,Combined-NoCharge,12,TransitionConditionOperator,stateMachine/Chart,[ (Fuel>fuelMin+fuelHys)],"228",1,decision,0,0
21,Regen-Regen,12,TransitionConditionOperator,stateMachine/Chart,[ (Fuel>fuelMin+fuelHys)],"228",1,decision,0,0
22,Regen-DEAD,12,TransitionConditionOperator,stateMachine/Chart,[ (Fuel>fuelMin+fuelHys)],"228",1,decision,1,1
23,Regen-ED,12,TransitionConditionOperator,stateMachine/Chart,[ (Fuel>fuelMin+fuelHys)],"228",1,decision,0,0
24,Regen-NoCharge,12,TransitionConditionOperator,stateMachine/Chart,[ (Fuel>fuelMin+fuelHys)],"228",1,decision,0,0
25,Regen-Combined,12,TransitionConditionOperator,stateMachine/Chart,[ (Fuel>fuelMin+fuelHys)],"228",1,decision,0,0
1,Dead-Dead,13,TransitionConditionOperator,stateMachine/Chart,[ (Fuel>fuelMin+fuelHys)],"228",1,decision,1,1
2,Dead-Regen,13,TransitionConditionOperator,stateMachine/Chart,[ (Fuel>fuelMin+fuelHys)],"228",1,decision,1,1
3,Dead-ED,13,TransitionConditionOperator,stateMachine/Chart,[ (Fuel>fuelMin+fuelHys)],"228",1,decision,0,0
4,Dead-NoCharge,13,TransitionConditionOperator,stateMachine/Chart,[ (Fuel>fuelMin+fuelHys)],"228",1,decision,1,1
5,Dead-Combined,13,TransitionConditionOperator,stateMachine/Chart,[ (Fuel>fuelMin+fuelHys)],"228",1,decision,0,0
6,NoCharge-DEAD,13,TransitionConditionOperator,stateMachine/Chart,[ (Fuel>fuelMin+fuelHys)],"228",1,decision,1,1
7,NoCharge-Regen,13,TransitionConditionOperator,stateMachine/Chart,[ (Fuel>fuelMin+fuelHys)],"228",1,decision,1,1
8,NoCharge-ED,13,TransitionConditionOperator,stateMachine/Chart,[ (Fuel>fuelMin+fuelHys)],"228",1,decision,1,1
9,NoCharge-Combined,13,TransitionConditionOperator,stateMachine/Chart,[ (Fuel>fuelMin+fuelHys)],"228",1,decision,1,1
10,NoCharge-NoCharge,13,TransitionConditionOperator,stateMachine/Chart,[ (Fuel>fuelMin+fuelHys)],"228",1,decision,1,1
11,ED-ED,13,TransitionConditionOperator,stateMachine/Chart,[ (Fuel>fuelMin+fuelHys)],"228",1,decision,0,0
12,ED-Regen,13,TransitionConditionOperator,stateMachine/Chart,[ (Fuel>fuelMin+fuelHys)],"228",1,decision,0,0
13,ED-DEAD,13,TransitionConditionOperator,stateMachine/Chart,[ (Fuel>fuelMin+fuelHys)],"228",1,decision,1,1
14,ED-NoCharge,13,TransitionConditionOperator,stateMachine/Chart,[ (Fuel>fuelMin+fuelHys)],"228",1,decision,0,0
15,ED-Combined,13,TransitionConditionOperator,stateMachine/Chart,[ (Fuel>fuelMin+fuelHys)],"228",1,decision,0,0
16,Combined-Combined,13,TransitionConditionOperator,stateMachine/Chart,[ (Fuel>fuelMin+fuelHys)],"228",1,decision,0,0
17,Combined-Regen,13,TransitionConditionOperator,stateMachine/Chart,[ (Fuel>fuelMin+fuelHys)],"228",1,decision,0,0
18,Combined-DEAD,13,TransitionConditionOperator,stateMachine/Chart,[ (Fuel>fuelMin+fuelHys)],"228",1,decision,1,1
19,Combined-ED,13,TransitionConditionOperator,stateMachine/Chart,[ (Fuel>fuelMin+fuelHys)],"228",1,decision,0,0
20,Combined-NoCharge,13,TransitionConditionOperator,stateMachine/Chart,[ (Fuel>fuelMin+fuelHys)],"228",1,decision,0,0
21,Regen-Regen,13,TransitionConditionOperator,stateMachine/Chart,[ (Fuel>fuelMin+fuelHys)],"228",1,decision,0,0
22,Regen-DEAD,13,TransitionConditionOperator,stateMachine/Chart,[ (Fuel>fuelMin+fuelHys)],"228",1,decision,1,1
23,Regen-ED,13,TransitionConditionOperator,stateMachine/Chart,[ (Fuel>fuelMin+fuelHys)],"228",1,decision,0,0
24,Regen-NoCharge,13,TransitionConditionOperator,stateMachine/Chart,[ (Fuel>fuelMin+fuelHys)],"228",1,decision,0,0
25,Regen-Combined,13,TransitionConditionOperator,stateMachine/Chart,[ (Fuel>fuelMin+fuelHys)],"228",1,decision,0,0
1,Dead-Dead,14,TransitionConditionOperator,stateMachine/Chart,[ (Fuel>fuelMin+fuelHys)],"228",1,decision,1,1
2,Dead-Regen,14,TransitionConditionOperator,stateMachine/Chart,[ (Fuel>fuelMin+fuelHys)],"228",1,decision,1,1
3,Dead-ED,14,TransitionConditionOperator,stateMachine/Chart,[ (Fuel>fuelMin+fuelHys)],"228",1,decision,0,0
4,Dead-NoCharge,14,TransitionConditionOperator,stateMachine/Chart,[ (Fuel>fuelMin+fuelHys)],"228",1,decision,1,1
5,Dead-Combined,14,TransitionConditionOperator,stateMachine/Chart,[ (Fuel>fuelMin+fuelHys)],"228",1,decision,0,0
6,NoCharge-DEAD,14,TransitionConditionOperator,stateMachine/Chart,[ (Fuel>fuelMin+fuelHys)],"228",1,decision,1,1
7,NoCharge-Regen,14,TransitionConditionOperator,stateMachine/Chart,[ (Fuel>fuelMin+fuelHys)],"228",1,decision,1,1
8,NoCharge-ED,14,TransitionConditionOperator,stateMachine/Chart,[ (Fuel>fuelMin+fuelHys)],"228",1,decision,1,1
9,NoCharge-Combined,14,TransitionConditionOperator,stateMachine/Chart,[ (Fuel>fuelMin+fuelHys)],"228",1,decision,1,1
10,NoCharge-NoCharge,14,TransitionConditionOperator,stateMachine/Chart,[ (Fuel>fuelMin+fuelHys)],"228",1,decision,1,1
11,ED-ED,14,TransitionConditionOperator,stateMachine/Chart,[ (Fuel>fuelMin+fuelHys)],"228",1,decision,0,0
12,ED-Regen,14,TransitionConditionOperator,stateMachine/Chart,[ (Fuel>fuelMin+fuelHys)],"228",1,decision,0,0
13,ED-DEAD,14,TransitionConditionOperator,stateMachine/Chart,[ (Fuel>fuelMin+fuelHys)],"228",1,decision,1,1
14,ED-NoCharge,14,TransitionConditionOperator,stateMachine/Chart,[ (Fuel>fuelMin+fuelHys)],"228",1,decision,0,0
15,ED-Combined,14,TransitionConditionOperator,stateMachine/Chart,[ (Fuel>fuelMin+fuelHys)],"228",1,decision,0,0
16,Combined-Combined,14,TransitionConditionOperator,stateMachine/Chart,[ (Fuel>fuelMin+fuelHys)],"228",1,decision,0,0
17,Combined-Regen,14,TransitionConditionOperator,stateMachine/Chart,[ (Fuel>fuelMin+fuelHys)],"228",1,decision,0,0
18,Combined-DEAD,14,TransitionConditionOperator,stateMachine/Chart,[ (Fuel>fuelMin+fuelHys)],"228",1,decision,1,1
19,Combined-ED,14,TransitionConditionOperator,stateMachine/Chart,[ (Fuel>fuelMin+fuelHys)],"228",1,decision,0,0
20,Combined-NoCharge,14,TransitionConditionOperator,stateMachine/Chart,[ (Fuel>fuelMin+fuelHys)],"228",1,decision,0,0
21,Regen-Regen,14,TransitionConditionOperator,stateMachine/Chart,[ (Fuel>fuelMin+fuelHys)],"228",1,decision,0,0
22,Regen-DEAD,14,TransitionConditionOperator,stateMachine/Chart,[ (Fuel>fuelMin+fuelHys)],"228",1,decision,1,1
23,Regen-ED,14,TransitionConditionOperator,stateMachine/Chart,[ (Fuel>fuelMin+fuelHys)],"228",1,decision,0,0
24,Regen-NoCharge,14,TransitionConditionOperator,stateMachine/Chart,[ (Fuel>fuelMin+fuelHys)],"228",1,decision,0,0
25,Regen-Combined,14,TransitionConditionOperator,stateMachine/Chart,[ (Fuel>fuelMin+fuelHys)],"228",1,decision,0,0
1,Dead-Dead,15,TransitionConditionOperator,stateMachine/Chart,[(SOC > SOCmin+SOCth)],"229",1,decision,1,1
2,Dead-Regen,15,TransitionConditionOperator,stateMachine/Chart,[(SOC > SOCmin+SOCth)],"229",1,decision,1,1
3,Dead-ED,15,TransitionConditionOperator,stateMachine/Chart,[(SOC > SOCmin+SOCth)],"229",1,decision,1,1
4,Dead-NoCharge,15,TransitionConditionOperator,stateMachine/Chart,[(SOC > SOCmin+SOCth)],"229",1,decision,1,1
5,Dead-Combined,15,TransitionConditionOperator,stateMachine/Chart,[(SOC > SOCmin+SOCth)],"229",1,decision,0,0
6,NoCharge-DEAD,15,TransitionConditionOperator,stateMachine/Chart,[(SOC > SOCmin+SOCth)],"229",1,decision,1,1
7,NoCharge-Regen,15,TransitionConditionOperator,stateMachine/Chart,[(SOC > SOCmin+SOCth)],"229",1,decision,1,1
8,NoCharge-ED,15,TransitionConditionOperator,stateMachine/Chart,[(SOC > SOCmin+SOCth)],"229",1,decision,1,1
9,NoCharge-Combined,15,TransitionConditionOperator,stateMachine/Chart,[(SOC > SOCmin+SOCth)],"229",1,decision,1,1
10,NoCharge-NoCharge,15,TransitionConditionOperator,stateMachine/Chart,[(SOC > SOCmin+SOCth)],"229",1,decision,1,1
11,ED-ED,15,TransitionConditionOperator,stateMachine/Chart,[(SOC > SOCmin+SOCth)],"229",1,decision,1,1
12,ED-Regen,15,TransitionConditionOperator,stateMachine/Chart,[(SOC > SOCmin+SOCth)],"229",1,decision,1,1
13,ED-DEAD,15,TransitionConditionOperator,stateMachine/Chart,[(SOC > SOCmin+SOCth)],"229",1,decision,1,1
14,ED-NoCharge,15,TransitionConditionOperator,stateMachine/Chart,[(SOC > SOCmin+SOCth)],"229",1,decision,1,1
15,ED-Combined,15,TransitionConditionOperator,stateMachine/Chart,[(SOC > SOCmin+SOCth)],"229",1,decision,1,1
16,Combined-Combined,15,TransitionConditionOperator,stateMachine/Chart,[(SOC > SOCmin+SOCth)],"229",1,decision,0,0
17,Combined-Regen,15,TransitionConditionOperator,stateMachine/Chart,[(SOC > SOCmin+SOCth)],"229",1,decision,0,0
18,Combined-DEAD,15,TransitionConditionOperator,stateMachine/Chart,[(SOC > SOCmin+SOCth)],"229",1,decision,1,1
19,Combined-ED,15,TransitionConditionOperator,stateMachine/Chart,[(SOC > SOCmin+SOCth)],"229",1,decision,0,0
20,Combined-NoCharge,15,TransitionConditionOperator,stateMachine/Chart,[(SOC > SOCmin+SOCth)],"229",1,decision,0,0
21,Regen-Regen,15,TransitionConditionOperator,stateMachine/Chart,[(SOC > SOCmin+SOCth)],"229",1,decision,0,0
22,Regen-DEAD,15,TransitionConditionOperator,stateMachine/Chart,[(SOC > SOCmin+SOCth)],"229",1,decision,1,1
23,Regen-ED,15,TransitionConditionOperator,stateMachine/Chart,[(SOC > SOCmin+SOCth)],"229",1,decision,0,0
24,Regen-NoCharge,15,TransitionConditionOperator,stateMachine/Chart,[(SOC > SOCmin+SOCth)],"229",1,decision,0,0
25,Regen-Combined,15,TransitionConditionOperator,stateMachine/Chart,[(SOC > SOCmin+SOCth)],"229",1,decision,0,0
1,Dead-Dead,16,TransitionConditionOperator,stateMachine/Chart,[(SOC > SOCmin+SOCth)],"229",1,decision,1,1
2,Dead-Regen,16,TransitionConditionOperator,stateMachine/Chart,[(SOC > SOCmin+SOCth)],"229",1,decision,1,1
3,Dead-ED,16,TransitionConditionOperator,stateMachine/Chart,[(SOC > SOCmin+SOCth)],"229",1,decision,1,1
4,Dead-NoCharge,16,TransitionConditionOperator,stateMachine/Chart,[(SOC > SOCmin+SOCth)],"229",1,decision,1,1
5,Dead-Combined,16,TransitionConditionOperator,stateMachine/Chart,[(SOC > SOCmin+SOCth)],"229",1,decision,0,0
6,NoCharge-DEAD,16,TransitionConditionOperator,stateMachine/Chart,[(SOC > SOCmin+SOCth)],"229",1,decision,1,1
7,NoCharge-Regen,16,TransitionConditionOperator,stateMachine/Chart,[(SOC > SOCmin+SOCth)],"229",1,decision,1,1
8,NoCharge-ED,16,TransitionConditionOperator,stateMachine/Chart,[(SOC > SOCmin+SOCth)],"229",1,decision,1,1
9,NoCharge-Combined,16,TransitionConditionOperator,stateMachine/Chart,[(SOC > SOCmin+SOCth)],"229",1,decision,1,1
10,NoCharge-NoCharge,16,TransitionConditionOperator,stateMachine/Chart,[(SOC > SOCmin+SOCth)],"229",1,decision,1,1
11,ED-ED,16,TransitionConditionOperator,stateMachine/Chart,[(SOC > SOCmin+SOCth)],"229",1,decision,1,1
12,ED-Regen,16,TransitionConditionOperator,stateMachine/Chart,[(SOC > SOCmin+SOCth)],"229",1,decision,1,1
13,ED-DEAD,16,TransitionConditionOperator,stateMachine/Chart,[(SOC > SOCmin+SOCth)],"229",1,decision,1,1
14,ED-NoCharge,16,TransitionConditionOperator,stateMachine/Chart,[(SOC > SOCmin+SOCth)],"229",1,decision,1,1
15,ED-Combined,16,TransitionConditionOperator,stateMachine/Chart,[(SOC > SOCmin+SOCth)],"229",1,decision,1,1
16,Combined-Combined,16,TransitionConditionOperator,stateMachine/Chart,[(SOC > SOCmin+SOCth)],"229",1,decision,0,0
17,Combined-Regen,16,TransitionConditionOperator,stateMachine/Chart,[(SOC > SOCmin+SOCth)],"229",1,decision,0,0
18,Combined-DEAD,16,TransitionConditionOperator,stateMachine/Chart,[(SOC > SOCmin+SOCth)],"229",1,decision,1,1
19,Combined-ED,16,TransitionConditionOperator,stateMachine/Chart,[(SOC > SOCmin+SOCth)],"229",1,decision,0,0
20,Combined-NoCharge,16,TransitionConditionOperator,stateMachine/Chart,[(SOC > SOCmin+SOCth)],"229",1,decision,0,0
21,Regen-Regen,16,TransitionConditionOperator,stateMachine/Chart,[(SOC > SOCmin+SOCth)],"229",1,decision,0,0
22,Regen-DEAD,16,TransitionConditionOperator,stateMachine/Chart,[(SOC > SOCmin+SOCth)],"229",1,decision,1,1
23,Regen-ED,16,TransitionConditionOperator,stateMachine/Chart,[(SOC > SOCmin+SOCth)],"229",1,decision,0,0
24,Regen-NoCharge,16,TransitionConditionOperator,stateMachine/Chart,[(SOC > SOCmin+SOCth)],"229",1,decision,0,0
25,Regen-Combined,16,TransitionConditionOperator,stateMachine/Chart,[(SOC > SOCmin+SOCth)],"229",1,decision,0,0
1,Dead-Dead,17,TransitionConditionOperator,stateMachine/Chart,[(SOC > SOCmin+SOCth)],"229",1,decision,1,1
2,Dead-Regen,17,TransitionConditionOperator,stateMachine/Chart,[(SOC > SOCmin+SOCth)],"229",1,decision,1,1
3,Dead-ED,17,TransitionConditionOperator,stateMachine/Chart,[(SOC > SOCmin+SOCth)],"229",1,decision,1,1
4,Dead-NoCharge,17,TransitionConditionOperator,stateMachine/Chart,[(SOC > SOCmin+SOCth)],"229",1,decision,1,1
5,Dead-Combined,17,TransitionConditionOperator,stateMachine/Chart,[(SOC > SOCmin+SOCth)],"229",1,decision,0,0
6,NoCharge-DEAD,17,TransitionConditionOperator,stateMachine/Chart,[(SOC > SOCmin+SOCth)],"229",1,decision,1,1
7,NoCharge-Regen,17,TransitionConditionOperator,stateMachine/Chart,[(SOC > SOCmin+SOCth)],"229",1,decision,1,1
8,NoCharge-ED,17,TransitionConditionOperator,stateMachine/Chart,[(SOC > SOCmin+SOCth)],"229",1,decision,1,1
9,NoCharge-Combined,17,TransitionConditionOperator,stateMachine/Chart,[(SOC > SOCmin+SOCth)],"229",1,decision,1,1
10,NoCharge-NoCharge,17,TransitionConditionOperator,stateMachine/Chart,[(SOC > SOCmin+SOCth)],"229",1,decision,1,1
11,ED-ED,17,TransitionConditionOperator,stateMachine/Chart,[(SOC > SOCmin+SOCth)],"229",1,decision,1,1
12,ED-Regen,17,TransitionConditionOperator,stateMachine/Chart,[(SOC > SOCmin+SOCth)],"229",1,decision,1,1
13,ED-DEAD,17,TransitionConditionOperator,stateMachine/Chart,[(SOC > SOCmin+SOCth)],"229",1,decision,1,1
14,ED-NoCharge,17,TransitionConditionOperator,stateMachine/Chart,[(SOC > SOCmin+SOCth)],"229",1,decision,1,1
15,ED-Combined,17,TransitionConditionOperator,stateMachine/Chart,[(SOC > SOCmin+SOCth)],"229",1,decision,1,1
16,Combined-Combined,17,TransitionConditionOperator,stateMachine/Chart,[(SOC > SOCmin+SOCth)],"229",1,decision,0,0
17,Combined-Regen,17,TransitionConditionOperator,stateMachine/Chart,[(SOC > SOCmin+SOCth)],"229",1,decision,0,0
18,Combined-DEAD,17,TransitionConditionOperator,stateMachine/Chart,[(SOC > SOCmin+SOCth)],"229",1,decision,1,1
19,Combined-ED,17,TransitionConditionOperator,stateMachine/Chart,[(SOC > SOCmin+SOCth)],"229",1,decision,0,0
20,Combined-NoCharge,17,TransitionConditionOperator,stateMachine/Chart,[(SOC > SOCmin+SOCth)],"229",1,decision,0,0
21,Regen-Regen,17,TransitionConditionOperator,stateMachine/Chart,[(SOC > SOCmin+SOCth)],"229",1,decision,0,0
22,Regen-DEAD,17,TransitionConditionOperator,stateMachine/Chart,[(SOC > SOCmin+SOCth)],"229",1,decision,1,1
23,Regen-ED,17,TransitionConditionOperator,stateMachine/Chart,[(SOC > SOCmin+SOCth)],"229",1,decision,0,0
24,Regen-NoCharge,17,TransitionConditionOperator,stateMachine/Chart,[(SOC > SOCmin+SOCth)],"229",1,decision,0,0
25,Regen-Combined,17,TransitionConditionOperator,stateMachine/Chart,[(SOC > SOCmin+SOCth)],"229",1,decision,0,0
1,Dead-Dead,18,TransitionConditionOperator,stateMachine/Chart,[(SOC > SOCmin+SOCth)],"229",1,decision,1,1
2,Dead-Regen,18,TransitionConditionOperator,stateMachine/Chart,[(SOC > SOCmin+SOCth)],"229",1,decision,1,1
3,Dead-ED,18,TransitionConditionOperator,stateMachine/Chart,[(SOC > SOCmin+SOCth)],"229",1,decision,1,1
4,Dead-NoCharge,18,TransitionConditionOperator,stateMachine/Chart,[(SOC > SOCmin+SOCth)],"229",1,decision,1,1
5,Dead-Combined,18,TransitionConditionOperator,stateMachine/Chart,[(SOC > SOCmin+SOCth)],"229",1,decision,0,0
6,NoCharge-DEAD,18,TransitionConditionOperator,stateMachine/Chart,[(SOC > SOCmin+SOCth)],"229",1,decision,1,1
7,NoCharge-Regen,18,TransitionConditionOperator,stateMachine/Chart,[(SOC > SOCmin+SOCth)],"229",1,decision,1,1
8,NoCharge-ED,18,TransitionConditionOperator,stateMachine/Chart,[(SOC > SOCmin+SOCth)],"229",1,decision,1,1
9,NoCharge-Combined,18,TransitionConditionOperator,stateMachine/Chart,[(SOC > SOCmin+SOCth)],"229",1,decision,1,1
10,NoCharge-NoCharge,18,TransitionConditionOperator,stateMachine/Chart,[(SOC > SOCmin+SOCth)],"229",1,decision,1,1
11,ED-ED,18,TransitionConditionOperator,stateMachine/Chart,[(SOC > SOCmin+SOCth)],"229",1,decision,1,1
12,ED-Regen,18,TransitionConditionOperator,stateMachine/Chart,[(SOC > SOCmin+SOCth)],"229",1,decision,1,1
13,ED-DEAD,18,TransitionConditionOperator,stateMachine/Chart,[(SOC > SOCmin+SOCth)],"229",1,decision,1,1
14,ED-NoCharge,18,TransitionConditionOperator,stateMachine/Chart,[(SOC > SOCmin+SOCth)],"229",1,decision,1,1
15,ED-Combined,18,TransitionConditionOperator,stateMachine/Chart,[(SOC > SOCmin+SOCth)],"229",1,decision,1,1
16,Combined-Combined,18,TransitionConditionOperator,stateMachine/Chart,[(SOC > SOCmin+SOCth)],"229",1,decision,0,0
17,Combined-Regen,18,TransitionConditionOperator,stateMachine/Chart,[(SOC > SOCmin+SOCth)],"229",1,decision,0,0
18,Combined-DEAD,18,TransitionConditionOperator,stateMachine/Chart,[(SOC > SOCmin+SOCth)],"229",1,decision,1,1
19,Combined-ED,18,TransitionConditionOperator,stateMachine/Chart,[(SOC > SOCmin+SOCth)],"229",1,decision,0,0
20,Combined-NoCharge,18,TransitionConditionOperator,stateMachine/Chart,[(SOC > SOCmin+SOCth)],"229",1,decision,0,0
21,Regen-Regen,18,TransitionConditionOperator,stateMachine/Chart,[(SOC > SOCmin+SOCth)],"229",1,decision,0,0
22,Regen-DEAD,18,TransitionConditionOperator,stateMachine/Chart,[(SOC > SOCmin+SOCth)],"229",1,decision,1,1
23,Regen-ED,18,TransitionConditionOperator,stateMachine/Chart,[(SOC > SOCmin+SOCth)],"229",1,decision,0,0
24,Regen-NoCharge,18,TransitionConditionOperator,stateMachine/Chart,[(SOC > SOCmin+SOCth)],"229",1,decision,0,0
25,Regen-Combined,18,TransitionConditionOperator,stateMachine/Chart,[(SOC > SOCmin+SOCth)],"229",1,decision,0,0
1,Dead-Dead,19,TransitionConditionOperator,stateMachine/Chart,[(SOC > SOCmin+SOCth)],"229",1,decision,1,1
2,Dead-Regen,19,TransitionConditionOperator,stateMachine/Chart,[(SOC > SOCmin+SOCth)],"229",1,decision,1,1
3,Dead-ED,19,TransitionConditionOperator,stateMachine/Chart,[(SOC > SOCmin+SOCth)],"229",1,decision,1,1
4,Dead-NoCharge,19,TransitionConditionOperator,stateMachine/Chart,[(SOC > SOCmin+SOCth)],"229",1,decision,1,1
5,Dead-Combined,19,TransitionConditionOperator,stateMachine/Chart,[(SOC > SOCmin+SOCth)],"229",1,decision,0,0
6,NoCharge-DEAD,19,TransitionConditionOperator,stateMachine/Chart,[(SOC > SOCmin+SOCth)],"229",1,decision,1,1
7,NoCharge-Regen,19,TransitionConditionOperator,stateMachine/Chart,[(SOC > SOCmin+SOCth)],"229",1,decision,1,1
8,NoCharge-ED,19,TransitionConditionOperator,stateMachine/Chart,[(SOC > SOCmin+SOCth)],"229",1,decision,1,1
9,NoCharge-Combined,19,TransitionConditionOperator,stateMachine/Chart,[(SOC > SOCmin+SOCth)],"229",1,decision,1,1
10,NoCharge-NoCharge,19,TransitionConditionOperator,stateMachine/Chart,[(SOC > SOCmin+SOCth)],"229",1,decision,1,1
11,ED-ED,19,TransitionConditionOperator,stateMachine/Chart,[(SOC > SOCmin+SOCth)],"229",1,decision,1,1
12,ED-Regen,19,TransitionConditionOperator,stateMachine/Chart,[(SOC > SOCmin+SOCth)],"229",1,decision,1,1
13,ED-DEAD,19,TransitionConditionOperator,stateMachine/Chart,[(SOC > SOCmin+SOCth)],"229",1,decision,1,1
14,ED-NoCharge,19,TransitionConditionOperator,stateMachine/Chart,[(SOC > SOCmin+SOCth)],"229",1,decision,1,1
15,ED-Combined,19,TransitionConditionOperator,stateMachine/Chart,[(SOC > SOCmin+SOCth)],"229",1,decision,1,1
16,Combined-Combined,19,TransitionConditionOperator,stateMachine/Chart,[(SOC > SOCmin+SOCth)],"229",1,decision,0,0
17,Combined-Regen,19,TransitionConditionOperator,stateMachine/Chart,[(SOC > SOCmin+SOCth)],"229",1,decision,0,0
18,Combined-DEAD,19,TransitionConditionOperator,stateMachine/Chart,[(SOC > SOCmin+SOCth)],"229",1,decision,1,1
19,Combined-ED,19,TransitionConditionOperator,stateMachine/Chart,[(SOC > SOCmin+SOCth)],"229",1,decision,0,0
20,Combined-NoCharge,19,TransitionConditionOperator,stateMachine/Chart,[(SOC > SOCmin+SOCth)],"229",1,decision,0,0
21,Regen-Regen,19,TransitionConditionOperator,stateMachine/Chart,[(SOC > SOCmin+SOCth)],"229",1,decision,0,0
22,Regen-DEAD,19,TransitionConditionOperator,stateMachine/Chart,[(SOC > SOCmin+SOCth)],"229",1,decision,1,1
23,Regen-ED,19,TransitionConditionOperator,stateMachine/Chart,[(SOC > SOCmin+SOCth)],"229",1,decision,0,0
24,Regen-NoCharge,19,TransitionConditionOperator,stateMachine/Chart,[(SOC > SOCmin+SOCth)],"229",1,decision,0,0
25,Regen-Combined,19,TransitionConditionOperator,stateMachine/Chart,[(SOC > SOCmin+SOCth)],"229",1,decision,0,0
1,Dead-Dead,20,TransitionConditionOperator,stateMachine/Chart,[(Fuel<fuelMin+fuelHys) && (SOC <=SOCmin+SOCth)],"230,232",2,decision,0,NaN
2,Dead-Regen,20,TransitionConditionOperator,stateMachine/Chart,[(Fuel<fuelMin+fuelHys) && (SOC <=SOCmin+SOCth)],"230,232",2,decision,0,NaN
3,Dead-ED,20,TransitionConditionOperator,stateMachine/Chart,[(Fuel<fuelMin+fuelHys) && (SOC <=SOCmin+SOCth)],"230,232",2,decision,0,NaN
4,Dead-NoCharge,20,TransitionConditionOperator,stateMachine/Chart,[(Fuel<fuelMin+fuelHys) && (SOC <=SOCmin+SOCth)],"230,232",2,decision,1,NaN
5,Dead-Combined,20,TransitionConditionOperator,stateMachine/Chart,[(Fuel<fuelMin+fuelHys) && (SOC <=SOCmin+SOCth)],"230,232",2,decision,1,NaN
6,NoCharge-DEAD,20,TransitionConditionOperator,stateMachine/Chart,[(Fuel<fuelMin+fuelHys) && (SOC <=SOCmin+SOCth)],"230,232",2,decision,1,NaN
7,NoCharge-Regen,20,TransitionConditionOperator,stateMachine/Chart,[(Fuel<fuelMin+fuelHys) && (SOC <=SOCmin+SOCth)],"230,232",2,decision,1,NaN
8,NoCharge-ED,20,TransitionConditionOperator,stateMachine/Chart,[(Fuel<fuelMin+fuelHys) && (SOC <=SOCmin+SOCth)],"230,232",2,decision,1,NaN
9,NoCharge-Combined,20,TransitionConditionOperator,stateMachine/Chart,[(Fuel<fuelMin+fuelHys) && (SOC <=SOCmin+SOCth)],"230,232",2,decision,1,NaN
10,NoCharge-NoCharge,20,TransitionConditionOperator,stateMachine/Chart,[(Fuel<fuelMin+fuelHys) && (SOC <=SOCmin+SOCth)],"230,232",2,decision,1,NaN
11,ED-ED,20,TransitionConditionOperator,stateMachine/Chart,[(Fuel<fuelMin+fuelHys) && (SOC <=SOCmin+SOCth)],"230,232",2,decision,0,NaN
12,ED-Regen,20,TransitionConditionOperator,stateMachine/Chart,[(Fuel<fuelMin+fuelHys) && (SOC <=SOCmin+SOCth)],"230,232",2,decision,0,NaN
13,ED-DEAD,20,TransitionConditionOperator,stateMachine/Chart,[(Fuel<fuelMin+fuelHys) && (SOC <=SOCmin+SOCth)],"230,232",2,decision,0,NaN
14,ED-NoCharge,20,TransitionConditionOperator,stateMachine/Chart,[(Fuel<fuelMin+fuelHys) && (SOC <=SOCmin+SOCth)],"230,232",2,decision,1,NaN
15,ED-Combined,20,TransitionConditionOperator,stateMachine/Chart,[(Fuel<fuelMin+fuelHys) && (SOC <=SOCmin+SOCth)],"230,232",2,decision,1,NaN
16,Combined-Combined,20,TransitionConditionOperator,stateMachine/Chart,[(Fuel<fuelMin+fuelHys) && (SOC <=SOCmin+SOCth)],"230,232",2,decision,1,NaN
17,Combined-Regen,20,TransitionConditionOperator,stateMachine/Chart,[(Fuel<fuelMin+fuelHys) && (SOC <=SOCmin+SOCth)],"230,232",2,decision,1,NaN
18,Combined-DEAD,20,TransitionConditionOperator,stateMachine/Chart,[(Fuel<fuelMin+fuelHys) && (SOC <=SOCmin+SOCth)],"230,232",2,decision,1,NaN
19,Combined-ED,20,TransitionConditionOperator,stateMachine/Chart,[(Fuel<fuelMin+fuelHys) && (SOC <=SOCmin+SOCth)],"230,232",2,decision,1,NaN
20,Combined-NoCharge,20,TransitionConditionOperator,stateMachine/Chart,[(Fuel<fuelMin+fuelHys) && (SOC <=SOCmin+SOCth)],"230,232",2,decision,1,NaN
21,Regen-Regen,20,TransitionConditionOperator,stateMachine/Chart,[(Fuel<fuelMin+fuelHys) && (SOC <=SOCmin+SOCth)],"230,232",2,decision,0,NaN
22,Regen-DEAD,20,TransitionConditionOperator,stateMachine/Chart,[(Fuel<fuelMin+fuelHys) && (SOC <=SOCmin+SOCth)],"230,232",2,decision,0,NaN
23,Regen-ED,20,TransitionConditionOperator,stateMachine/Chart,[(Fuel<fuelMin+fuelHys) && (SOC <=SOCmin+SOCth)],"230,232",2,decision,0,NaN
24,Regen-NoCharge,20,TransitionConditionOperator,stateMachine/Chart,[(Fuel<fuelMin+fuelHys) && (SOC <=SOCmin+SOCth)],"230,232",2,decision,1,NaN
25,Regen-Combined,20,TransitionConditionOperator,stateMachine/Chart,[(Fuel<fuelMin+fuelHys) && (SOC <=SOCmin+SOCth)],"230,232",2,decision,1,NaN
1,Dead-Dead,21,TransitionConditionOperator,stateMachine/Chart,[(Fuel<fuelMin+fuelHys) && (SOC <=SOCmin+SOCth)],"230,232",2,decision,0,NaN
2,Dead-Regen,21,TransitionConditionOperator,stateMachine/Chart,[(Fuel<fuelMin+fuelHys) && (SOC <=SOCmin+SOCth)],"230,232",2,decision,0,NaN
3,Dead-ED,21,TransitionConditionOperator,stateMachine/Chart,[(Fuel<fuelMin+fuelHys) && (SOC <=SOCmin+SOCth)],"230,232",2,decision,0,NaN
4,Dead-NoCharge,21,TransitionConditionOperator,stateMachine/Chart,[(Fuel<fuelMin+fuelHys) && (SOC <=SOCmin+SOCth)],"230,232",2,decision,1,NaN
5,Dead-Combined,21,TransitionConditionOperator,stateMachine/Chart,[(Fuel<fuelMin+fuelHys) && (SOC <=SOCmin+SOCth)],"230,232",2,decision,1,NaN
6,NoCharge-DEAD,21,TransitionConditionOperator,stateMachine/Chart,[(Fuel<fuelMin+fuelHys) && (SOC <=SOCmin+SOCth)],"230,232",2,decision,1,NaN
7,NoCharge-Regen,21,TransitionConditionOperator,stateMachine/Chart,[(Fuel<fuelMin+fuelHys) && (SOC <=SOCmin+SOCth)],"230,232",2,decision,1,NaN
8,NoCharge-ED,21,TransitionConditionOperator,stateMachine/Chart,[(Fuel<fuelMin+fuelHys) && (SOC <=SOCmin+SOCth)],"230,232",2,decision,1,NaN
9,NoCharge-Combined,21,TransitionConditionOperator,stateMachine/Chart,[(Fuel<fuelMin+fuelHys) && (SOC <=SOCmin+SOCth)],"230,232",2,decision,1,NaN
10,NoCharge-NoCharge,21,TransitionConditionOperator,stateMachine/Chart,[(Fuel<fuelMin+fuelHys) && (SOC <=SOCmin+SOCth)],"230,232",2,decision,1,NaN
11,ED-ED,21,TransitionConditionOperator,stateMachine/Chart,[(Fuel<fuelMin+fuelHys) && (SOC <=SOCmin+SOCth)],"230,232",2,decision,0,NaN
12,ED-Regen,21,TransitionConditionOperator,stateMachine/Chart,[(Fuel<fuelMin+fuelHys) && (SOC <=SOCmin+SOCth)],"230,232",2,decision,0,NaN
13,ED-DEAD,21,TransitionConditionOperator,stateMachine/Chart,[(Fuel<fuelMin+fuelHys) && (SOC <=SOCmin+SOCth)],"230,232",2,decision,0,NaN
14,ED-NoCharge,21,TransitionConditionOperator,stateMachine/Chart,[(Fuel<fuelMin+fuelHys) && (SOC <=SOCmin+SOCth)],"230,232",2,decision,1,NaN
15,ED-Combined,21,TransitionConditionOperator,stateMachine/Chart,[(Fuel<fuelMin+fuelHys) && (SOC <=SOCmin+SOCth)],"230,232",2,decision,1,NaN
16,Combined-Combined,21,TransitionConditionOperator,stateMachine/Chart,[(Fuel<fuelMin+fuelHys) && (SOC <=SOCmin+SOCth)],"230,232",2,decision,1,NaN
17,Combined-Regen,21,TransitionConditionOperator,stateMachine/Chart,[(Fuel<fuelMin+fuelHys) && (SOC <=SOCmin+SOCth)],"230,232",2,decision,1,NaN
18,Combined-DEAD,21,TransitionConditionOperator,stateMachine/Chart,[(Fuel<fuelMin+fuelHys) && (SOC <=SOCmin+SOCth)],"230,232",2,decision,1,NaN
19,Combined-ED,21,TransitionConditionOperator,stateMachine/Chart,[(Fuel<fuelMin+fuelHys) && (SOC <=SOCmin+SOCth)],"230,232",2,decision,1,NaN
20,Combined-NoCharge,21,TransitionConditionOperator,stateMachine/Chart,[(Fuel<fuelMin+fuelHys) && (SOC <=SOCmin+SOCth)],"230,232",2,decision,1,NaN
21,Regen-Regen,21,TransitionConditionOperator,stateMachine/Chart,[(Fuel<fuelMin+fuelHys) && (SOC <=SOCmin+SOCth)],"230,232",2,decision,0,NaN
22,Regen-DEAD,21,TransitionConditionOperator,stateMachine/Chart,[(Fuel<fuelMin+fuelHys) && (SOC <=SOCmin+SOCth)],"230,232",2,decision,0,NaN
23,Regen-ED,21,TransitionConditionOperator,stateMachine/Chart,[(Fuel<fuelMin+fuelHys) && (SOC <=SOCmin+SOCth)],"230,232",2,decision,0,NaN
24,Regen-NoCharge,21,TransitionConditionOperator,stateMachine/Chart,[(Fuel<fuelMin+fuelHys) && (SOC <=SOCmin+SOCth)],"230,232",2,decision,1,NaN
25,Regen-Combined,21,TransitionConditionOperator,stateMachine/Chart,[(Fuel<fuelMin+fuelHys) && (SOC <=SOCmin+SOCth)],"230,232",2,decision,1,NaN
1,Dead-Dead,22,TransitionConditionOperator,stateMachine/Chart,[(Fuel<fuelMin+fuelHys) && (SOC <=SOCmin+SOCth)],"230,232",2,decision,0,NaN
2,Dead-Regen,22,TransitionConditionOperator,stateMachine/Chart,[(Fuel<fuelMin+fuelHys) && (SOC <=SOCmin+SOCth)],"230,232",2,decision,0,NaN
3,Dead-ED,22,TransitionConditionOperator,stateMachine/Chart,[(Fuel<fuelMin+fuelHys) && (SOC <=SOCmin+SOCth)],"230,232",2,decision,0,NaN
4,Dead-NoCharge,22,TransitionConditionOperator,stateMachine/Chart,[(Fuel<fuelMin+fuelHys) && (SOC <=SOCmin+SOCth)],"230,232",2,decision,1,NaN
5,Dead-Combined,22,TransitionConditionOperator,stateMachine/Chart,[(Fuel<fuelMin+fuelHys) && (SOC <=SOCmin+SOCth)],"230,232",2,decision,1,NaN
6,NoCharge-DEAD,22,TransitionConditionOperator,stateMachine/Chart,[(Fuel<fuelMin+fuelHys) && (SOC <=SOCmin+SOCth)],"230,232",2,decision,1,NaN
7,NoCharge-Regen,22,TransitionConditionOperator,stateMachine/Chart,[(Fuel<fuelMin+fuelHys) && (SOC <=SOCmin+SOCth)],"230,232",2,decision,1,NaN
8,NoCharge-ED,22,TransitionConditionOperator,stateMachine/Chart,[(Fuel<fuelMin+fuelHys) && (SOC <=SOCmin+SOCth)],"230,232",2,decision,1,NaN
9,NoCharge-Combined,22,TransitionConditionOperator,stateMachine/Chart,[(Fuel<fuelMin+fuelHys) && (SOC <=SOCmin+SOCth)],"230,232",2,decision,1,NaN
10,NoCharge-NoCharge,22,TransitionConditionOperator,stateMachine/Chart,[(Fuel<fuelMin+fuelHys) && (SOC <=SOCmin+SOCth)],"230,232",2,decision,1,NaN
11,ED-ED,22,TransitionConditionOperator,stateMachine/Chart,[(Fuel<fuelMin+fuelHys) && (SOC <=SOCmin+SOCth)],"230,232",2,decision,0,NaN
12,ED-Regen,22,TransitionConditionOperator,stateMachine/Chart,[(Fuel<fuelMin+fuelHys) && (SOC <=SOCmin+SOCth)],"230,232",2,decision,0,NaN
13,ED-DEAD,22,TransitionConditionOperator,stateMachine/Chart,[(Fuel<fuelMin+fuelHys) && (SOC <=SOCmin+SOCth)],"230,232",2,decision,0,NaN
14,ED-NoCharge,22,TransitionConditionOperator,stateMachine/Chart,[(Fuel<fuelMin+fuelHys) && (SOC <=SOCmin+SOCth)],"230,232",2,decision,1,NaN
15,ED-Combined,22,TransitionConditionOperator,stateMachine/Chart,[(Fuel<fuelMin+fuelHys) && (SOC <=SOCmin+SOCth)],"230,232",2,decision,1,NaN
16,Combined-Combined,22,TransitionConditionOperator,stateMachine/Chart,[(Fuel<fuelMin+fuelHys) && (SOC <=SOCmin+SOCth)],"230,232",2,decision,1,NaN
17,Combined-Regen,22,TransitionConditionOperator,stateMachine/Chart,[(Fuel<fuelMin+fuelHys) && (SOC <=SOCmin+SOCth)],"230,232",2,decision,1,NaN
18,Combined-DEAD,22,TransitionConditionOperator,stateMachine/Chart,[(Fuel<fuelMin+fuelHys) && (SOC <=SOCmin+SOCth)],"230,232",2,decision,1,NaN
19,Combined-ED,22,TransitionConditionOperator,stateMachine/Chart,[(Fuel<fuelMin+fuelHys) && (SOC <=SOCmin+SOCth)],"230,232",2,decision,1,NaN
20,Combined-NoCharge,22,TransitionConditionOperator,stateMachine/Chart,[(Fuel<fuelMin+fuelHys) && (SOC <=SOCmin+SOCth)],"230,232",2,decision,1,NaN
21,Regen-Regen,22,TransitionConditionOperator,stateMachine/Chart,[(Fuel<fuelMin+fuelHys) && (SOC <=SOCmin+SOCth)],"230,232",2,decision,0,NaN
22,Regen-DEAD,22,TransitionConditionOperator,stateMachine/Chart,[(Fuel<fuelMin+fuelHys) && (SOC <=SOCmin+SOCth)],"230,232",2,decision,0,NaN
23,Regen-ED,22,TransitionConditionOperator,stateMachine/Chart,[(Fuel<fuelMin+fuelHys) && (SOC <=SOCmin+SOCth)],"230,232",2,decision,0,NaN
24,Regen-NoCharge,22,TransitionConditionOperator,stateMachine/Chart,[(Fuel<fuelMin+fuelHys) && (SOC <=SOCmin+SOCth)],"230,232",2,decision,1,NaN
25,Regen-Combined,22,TransitionConditionOperator,stateMachine/Chart,[(Fuel<fuelMin+fuelHys) && (SOC <=SOCmin+SOCth)],"230,232",2,decision,1,NaN
1,Dead-Dead,23,TransitionConditionOperator,stateMachine/Chart,[(Fuel<fuelMin+fuelHys) && (SOC <=SOCmin+SOCth)],"230,232",2,decision,0,NaN
2,Dead-Regen,23,TransitionConditionOperator,stateMachine/Chart,[(Fuel<fuelMin+fuelHys) && (SOC <=SOCmin+SOCth)],"230,232",2,decision,0,NaN
3,Dead-ED,23,TransitionConditionOperator,stateMachine/Chart,[(Fuel<fuelMin+fuelHys) && (SOC <=SOCmin+SOCth)],"230,232",2,decision,0,NaN
4,Dead-NoCharge,23,TransitionConditionOperator,stateMachine/Chart,[(Fuel<fuelMin+fuelHys) && (SOC <=SOCmin+SOCth)],"230,232",2,decision,1,NaN
5,Dead-Combined,23,TransitionConditionOperator,stateMachine/Chart,[(Fuel<fuelMin+fuelHys) && (SOC <=SOCmin+SOCth)],"230,232",2,decision,1,NaN
6,NoCharge-DEAD,23,TransitionConditionOperator,stateMachine/Chart,[(Fuel<fuelMin+fuelHys) && (SOC <=SOCmin+SOCth)],"230,232",2,decision,1,NaN
7,NoCharge-Regen,23,TransitionConditionOperator,stateMachine/Chart,[(Fuel<fuelMin+fuelHys) && (SOC <=SOCmin+SOCth)],"230,232",2,decision,1,NaN
8,NoCharge-ED,23,TransitionConditionOperator,stateMachine/Chart,[(Fuel<fuelMin+fuelHys) && (SOC <=SOCmin+SOCth)],"230,232",2,decision,1,NaN
9,NoCharge-Combined,23,TransitionConditionOperator,stateMachine/Chart,[(Fuel<fuelMin+fuelHys) && (SOC <=SOCmin+SOCth)],"230,232",2,decision,1,NaN
10,NoCharge-NoCharge,23,TransitionConditionOperator,stateMachine/Chart,[(Fuel<fuelMin+fuelHys) && (SOC <=SOCmin+SOCth)],"230,232",2,decision,1,NaN
11,ED-ED,23,TransitionConditionOperator,stateMachine/Chart,[(Fuel<fuelMin+fuelHys) && (SOC <=SOCmin+SOCth)],"230,232",2,decision,0,NaN
12,ED-Regen,23,TransitionConditionOperator,stateMachine/Chart,[(Fuel<fuelMin+fuelHys) && (SOC <=SOCmin+SOCth)],"230,232",2,decision,0,NaN
13,ED-DEAD,23,TransitionConditionOperator,stateMachine/Chart,[(Fuel<fuelMin+fuelHys) && (SOC <=SOCmin+SOCth)],"230,232",2,decision,0,NaN
14,ED-NoCharge,23,TransitionConditionOperator,stateMachine/Chart,[(Fuel<fuelMin+fuelHys) && (SOC <=SOCmin+SOCth)],"230,232",2,decision,1,NaN
15,ED-Combined,23,TransitionConditionOperator,stateMachine/Chart,[(Fuel<fuelMin+fuelHys) && (SOC <=SOCmin+SOCth)],"230,232",2,decision,1,NaN
16,Combined-Combined,23,TransitionConditionOperator,stateMachine/Chart,[(Fuel<fuelMin+fuelHys) && (SOC <=SOCmin+SOCth)],"230,232",2,decision,1,NaN
17,Combined-Regen,23,TransitionConditionOperator,stateMachine/Chart,[(Fuel<fuelMin+fuelHys) && (SOC <=SOCmin+SOCth)],"230,232",2,decision,1,NaN
18,Combined-DEAD,23,TransitionConditionOperator,stateMachine/Chart,[(Fuel<fuelMin+fuelHys) && (SOC <=SOCmin+SOCth)],"230,232",2,decision,1,NaN
19,Combined-ED,23,TransitionConditionOperator,stateMachine/Chart,[(Fuel<fuelMin+fuelHys) && (SOC <=SOCmin+SOCth)],"230,232",2,decision,1,NaN
20,Combined-NoCharge,23,TransitionConditionOperator,stateMachine/Chart,[(Fuel<fuelMin+fuelHys) && (SOC <=SOCmin+SOCth)],"230,232",2,decision,1,NaN
21,Regen-Regen,23,TransitionConditionOperator,stateMachine/Chart,[(Fuel<fuelMin+fuelHys) && (SOC <=SOCmin+SOCth)],"230,232",2,decision,0,NaN
22,Regen-DEAD,23,TransitionConditionOperator,stateMachine/Chart,[(Fuel<fuelMin+fuelHys) && (SOC <=SOCmin+SOCth)],"230,232",2,decision,0,NaN
23,Regen-ED,23,TransitionConditionOperator,stateMachine/Chart,[(Fuel<fuelMin+fuelHys) && (SOC <=SOCmin+SOCth)],"230,232",2,decision,0,NaN
24,Regen-NoCharge,23,TransitionConditionOperator,stateMachine/Chart,[(Fuel<fuelMin+fuelHys) && (SOC <=SOCmin+SOCth)],"230,232",2,decision,1,NaN
25,Regen-Combined,23,TransitionConditionOperator,stateMachine/Chart,[(Fuel<fuelMin+fuelHys) && (SOC <=SOCmin+SOCth)],"230,232",2,decision,1,NaN
1,Dead-Dead,24,TransitionConditionOperator,stateMachine/Chart,[(Fuel<fuelMin+fuelHys) && (SOC <=SOCmin+SOCth)],"230,232",2,decision,0,NaN
2,Dead-Regen,24,TransitionConditionOperator,stateMachine/Chart,[(Fuel<fuelMin+fuelHys) && (SOC <=SOCmin+SOCth)],"230,232",2,decision,0,NaN
3,Dead-ED,24,TransitionConditionOperator,stateMachine/Chart,[(Fuel<fuelMin+fuelHys) && (SOC <=SOCmin+SOCth)],"230,232",2,decision,0,NaN
4,Dead-NoCharge,24,TransitionConditionOperator,stateMachine/Chart,[(Fuel<fuelMin+fuelHys) && (SOC <=SOCmin+SOCth)],"230,232",2,decision,1,NaN
5,Dead-Combined,24,TransitionConditionOperator,stateMachine/Chart,[(Fuel<fuelMin+fuelHys) && (SOC <=SOCmin+SOCth)],"230,232",2,decision,1,NaN
6,NoCharge-DEAD,24,TransitionConditionOperator,stateMachine/Chart,[(Fuel<fuelMin+fuelHys) && (SOC <=SOCmin+SOCth)],"230,232",2,decision,1,NaN
7,NoCharge-Regen,24,TransitionConditionOperator,stateMachine/Chart,[(Fuel<fuelMin+fuelHys) && (SOC <=SOCmin+SOCth)],"230,232",2,decision,1,NaN
8,NoCharge-ED,24,TransitionConditionOperator,stateMachine/Chart,[(Fuel<fuelMin+fuelHys) && (SOC <=SOCmin+SOCth)],"230,232",2,decision,1,NaN
9,NoCharge-Combined,24,TransitionConditionOperator,stateMachine/Chart,[(Fuel<fuelMin+fuelHys) && (SOC <=SOCmin+SOCth)],"230,232",2,decision,1,NaN
10,NoCharge-NoCharge,24,TransitionConditionOperator,stateMachine/Chart,[(Fuel<fuelMin+fuelHys) && (SOC <=SOCmin+SOCth)],"230,232",2,decision,1,NaN
11,ED-ED,24,TransitionConditionOperator,stateMachine/Chart,[(Fuel<fuelMin+fuelHys) && (SOC <=SOCmin+SOCth)],"230,232",2,decision,0,NaN
12,ED-Regen,24,TransitionConditionOperator,stateMachine/Chart,[(Fuel<fuelMin+fuelHys) && (SOC <=SOCmin+SOCth)],"230,232",2,decision,0,NaN
13,ED-DEAD,24,TransitionConditionOperator,stateMachine/Chart,[(Fuel<fuelMin+fuelHys) && (SOC <=SOCmin+SOCth)],"230,232",2,decision,0,NaN
14,ED-NoCharge,24,TransitionConditionOperator,stateMachine/Chart,[(Fuel<fuelMin+fuelHys) && (SOC <=SOCmin+SOCth)],"230,232",2,decision,1,NaN
15,ED-Combined,24,TransitionConditionOperator,stateMachine/Chart,[(Fuel<fuelMin+fuelHys) && (SOC <=SOCmin+SOCth)],"230,232",2,decision,1,NaN
16,Combined-Combined,24,TransitionConditionOperator,stateMachine/Chart,[(Fuel<fuelMin+fuelHys) && (SOC <=SOCmin+SOCth)],"230,232",2,decision,1,NaN
17,Combined-Regen,24,TransitionConditionOperator,stateMachine/Chart,[(Fuel<fuelMin+fuelHys) && (SOC <=SOCmin+SOCth)],"230,232",2,decision,1,NaN
18,Combined-DEAD,24,TransitionConditionOperator,stateMachine/Chart,[(Fuel<fuelMin+fuelHys) && (SOC <=SOCmin+SOCth)],"230,232",2,decision,1,NaN
19,Combined-ED,24,TransitionConditionOperator,stateMachine/Chart,[(Fuel<fuelMin+fuelHys) && (SOC <=SOCmin+SOCth)],"230,232",2,decision,1,NaN
20,Combined-NoCharge,24,TransitionConditionOperator,stateMachine/Chart,[(Fuel<fuelMin+fuelHys) && (SOC <=SOCmin+SOCth)],"230,232",2,decision,1,NaN
21,Regen-Regen,24,TransitionConditionOperator,stateMachine/Chart,[(Fuel<fuelMin+fuelHys) && (SOC <=SOCmin+SOCth)],"230,232",2,decision,0,NaN
22,Regen-DEAD,24,TransitionConditionOperator,stateMachine/Chart,[(Fuel<fuelMin+fuelHys) && (SOC <=SOCmin+SOCth)],"230,232",2,decision,0,NaN
23,Regen-ED,24,TransitionConditionOperator,stateMachine/Chart,[(Fuel<fuelMin+fuelHys) && (SOC <=SOCmin+SOCth)],"230,232",2,decision,0,NaN
24,Regen-NoCharge,24,TransitionConditionOperator,stateMachine/Chart,[(Fuel<fuelMin+fuelHys) && (SOC <=SOCmin+SOCth)],"230,232",2,decision,1,NaN
25,Regen-Combined,24,TransitionConditionOperator,stateMachine/Chart,[(Fuel<fuelMin+fuelHys) && (SOC <=SOCmin+SOCth)],"230,232",2,decision,1,NaN
1,Dead-Dead,25,TransitionConditionOperator,stateMachine/Chart,[(Fuel<fuelMin+fuelHys) && (SOC <=SOCmin+SOCth)],"230,232",2,decision,0,NaN
2,Dead-Regen,25,TransitionConditionOperator,stateMachine/Chart,[(Fuel<fuelMin+fuelHys) && (SOC <=SOCmin+SOCth)],"230,232",2,decision,0,NaN
3,Dead-ED,25,TransitionConditionOperator,stateMachine/Chart,[(Fuel<fuelMin+fuelHys) && (SOC <=SOCmin+SOCth)],"230,232",2,decision,0,NaN
4,Dead-NoCharge,25,TransitionConditionOperator,stateMachine/Chart,[(Fuel<fuelMin+fuelHys) && (SOC <=SOCmin+SOCth)],"230,232",2,decision,1,NaN
5,Dead-Combined,25,TransitionConditionOperator,stateMachine/Chart,[(Fuel<fuelMin+fuelHys) && (SOC <=SOCmin+SOCth)],"230,232",2,decision,1,NaN
6,NoCharge-DEAD,25,TransitionConditionOperator,stateMachine/Chart,[(Fuel<fuelMin+fuelHys) && (SOC <=SOCmin+SOCth)],"230,232",2,decision,1,NaN
7,NoCharge-Regen,25,TransitionConditionOperator,stateMachine/Chart,[(Fuel<fuelMin+fuelHys) && (SOC <=SOCmin+SOCth)],"230,232",2,decision,1,NaN
8,NoCharge-ED,25,TransitionConditionOperator,stateMachine/Chart,[(Fuel<fuelMin+fuelHys) && (SOC <=SOCmin+SOCth)],"230,232",2,decision,1,NaN
9,NoCharge-Combined,25,TransitionConditionOperator,stateMachine/Chart,[(Fuel<fuelMin+fuelHys) && (SOC <=SOCmin+SOCth)],"230,232",2,decision,1,NaN
10,NoCharge-NoCharge,25,TransitionConditionOperator,stateMachine/Chart,[(Fuel<fuelMin+fuelHys) && (SOC <=SOCmin+SOCth)],"230,232",2,decision,1,NaN
11,ED-ED,25,TransitionConditionOperator,stateMachine/Chart,[(Fuel<fuelMin+fuelHys) && (SOC <=SOCmin+SOCth)],"230,232",2,decision,0,NaN
12,ED-Regen,25,TransitionConditionOperator,stateMachine/Chart,[(Fuel<fuelMin+fuelHys) && (SOC <=SOCmin+SOCth)],"230,232",2,decision,0,NaN
13,ED-DEAD,25,TransitionConditionOperator,stateMachine/Chart,[(Fuel<fuelMin+fuelHys) && (SOC <=SOCmin+SOCth)],"230,232",2,decision,0,NaN
14,ED-NoCharge,25,TransitionConditionOperator,stateMachine/Chart,[(Fuel<fuelMin+fuelHys) && (SOC <=SOCmin+SOCth)],"230,232",2,decision,1,NaN
15,ED-Combined,25,TransitionConditionOperator,stateMachine/Chart,[(Fuel<fuelMin+fuelHys) && (SOC <=SOCmin+SOCth)],"230,232",2,decision,1,NaN
16,Combined-Combined,25,TransitionConditionOperator,stateMachine/Chart,[(Fuel<fuelMin+fuelHys) && (SOC <=SOCmin+SOCth)],"230,232",2,decision,1,NaN
17,Combined-Regen,25,TransitionConditionOperator,stateMachine/Chart,[(Fuel<fuelMin+fuelHys) && (SOC <=SOCmin+SOCth)],"230,232",2,decision,1,NaN
18,Combined-DEAD,25,TransitionConditionOperator,stateMachine/Chart,[(Fuel<fuelMin+fuelHys) && (SOC <=SOCmin+SOCth)],"230,232",2,decision,1,NaN
19,Combined-ED,25,TransitionConditionOperator,stateMachine/Chart,[(Fuel<fuelMin+fuelHys) && (SOC <=SOCmin+SOCth)],"230,232",2,decision,1,NaN
20,Combined-NoCharge,25,TransitionConditionOperator,stateMachine/Chart,[(Fuel<fuelMin+fuelHys) && (SOC <=SOCmin+SOCth)],"230,232",2,decision,1,NaN
21,Regen-Regen,25,TransitionConditionOperator,stateMachine/Chart,[(Fuel<fuelMin+fuelHys) && (SOC <=SOCmin+SOCth)],"230,232",2,decision,0,NaN
22,Regen-DEAD,25,TransitionConditionOperator,stateMachine/Chart,[(Fuel<fuelMin+fuelHys) && (SOC <=SOCmin+SOCth)],"230,232",2,decision,0,NaN
23,Regen-ED,25,TransitionConditionOperator,stateMachine/Chart,[(Fuel<fuelMin+fuelHys) && (SOC <=SOCmin+SOCth)],"230,232",2,decision,0,NaN
24,Regen-NoCharge,25,TransitionConditionOperator,stateMachine/Chart,[(Fuel<fuelMin+fuelHys) && (SOC <=SOCmin+SOCth)],"230,232",2,decision,1,NaN
25,Regen-Combined,25,TransitionConditionOperator,stateMachine/Chart,[(Fuel<fuelMin+fuelHys) && (SOC <=SOCmin+SOCth)],"230,232",2,decision,1,NaN
1,Dead-Dead,26,TransitionConditionOperator,stateMachine/Chart,[(Fuel<fuelMin+fuelHys) && (SOC <=SOCmin+SOCth)],"230,232",2,decision,0,NaN
2,Dead-Regen,26,TransitionConditionOperator,stateMachine/Chart,[(Fuel<fuelMin+fuelHys) && (SOC <=SOCmin+SOCth)],"230,232",2,decision,0,NaN
3,Dead-ED,26,TransitionConditionOperator,stateMachine/Chart,[(Fuel<fuelMin+fuelHys) && (SOC <=SOCmin+SOCth)],"230,232",2,decision,0,NaN
4,Dead-NoCharge,26,TransitionConditionOperator,stateMachine/Chart,[(Fuel<fuelMin+fuelHys) && (SOC <=SOCmin+SOCth)],"230,232",2,decision,1,NaN
5,Dead-Combined,26,TransitionConditionOperator,stateMachine/Chart,[(Fuel<fuelMin+fuelHys) && (SOC <=SOCmin+SOCth)],"230,232",2,decision,1,NaN
6,NoCharge-DEAD,26,TransitionConditionOperator,stateMachine/Chart,[(Fuel<fuelMin+fuelHys) && (SOC <=SOCmin+SOCth)],"230,232",2,decision,1,NaN
7,NoCharge-Regen,26,TransitionConditionOperator,stateMachine/Chart,[(Fuel<fuelMin+fuelHys) && (SOC <=SOCmin+SOCth)],"230,232",2,decision,1,NaN
8,NoCharge-ED,26,TransitionConditionOperator,stateMachine/Chart,[(Fuel<fuelMin+fuelHys) && (SOC <=SOCmin+SOCth)],"230,232",2,decision,1,NaN
9,NoCharge-Combined,26,TransitionConditionOperator,stateMachine/Chart,[(Fuel<fuelMin+fuelHys) && (SOC <=SOCmin+SOCth)],"230,232",2,decision,1,NaN
10,NoCharge-NoCharge,26,TransitionConditionOperator,stateMachine/Chart,[(Fuel<fuelMin+fuelHys) && (SOC <=SOCmin+SOCth)],"230,232",2,decision,1,NaN
11,ED-ED,26,TransitionConditionOperator,stateMachine/Chart,[(Fuel<fuelMin+fuelHys) && (SOC <=SOCmin+SOCth)],"230,232",2,decision,0,NaN
12,ED-Regen,26,TransitionConditionOperator,stateMachine/Chart,[(Fuel<fuelMin+fuelHys) && (SOC <=SOCmin+SOCth)],"230,232",2,decision,0,NaN
13,ED-DEAD,26,TransitionConditionOperator,stateMachine/Chart,[(Fuel<fuelMin+fuelHys) && (SOC <=SOCmin+SOCth)],"230,232",2,decision,0,NaN
14,ED-NoCharge,26,TransitionConditionOperator,stateMachine/Chart,[(Fuel<fuelMin+fuelHys) && (SOC <=SOCmin+SOCth)],"230,232",2,decision,1,NaN
15,ED-Combined,26,TransitionConditionOperator,stateMachine/Chart,[(Fuel<fuelMin+fuelHys) && (SOC <=SOCmin+SOCth)],"230,232",2,decision,1,NaN
16,Combined-Combined,26,TransitionConditionOperator,stateMachine/Chart,[(Fuel<fuelMin+fuelHys) && (SOC <=SOCmin+SOCth)],"230,232",2,decision,1,NaN
17,Combined-Regen,26,TransitionConditionOperator,stateMachine/Chart,[(Fuel<fuelMin+fuelHys) && (SOC <=SOCmin+SOCth)],"230,232",2,decision,1,NaN
18,Combined-DEAD,26,TransitionConditionOperator,stateMachine/Chart,[(Fuel<fuelMin+fuelHys) && (SOC <=SOCmin+SOCth)],"230,232",2,decision,1,NaN
19,Combined-ED,26,TransitionConditionOperator,stateMachine/Chart,[(Fuel<fuelMin+fuelHys) && (SOC <=SOCmin+SOCth)],"230,232",2,decision,1,NaN
20,Combined-NoCharge,26,TransitionConditionOperator,stateMachine/Chart,[(Fuel<fuelMin+fuelHys) && (SOC <=SOCmin+SOCth)],"230,232",2,decision,1,NaN
21,Regen-Regen,26,TransitionConditionOperator,stateMachine/Chart,[(Fuel<fuelMin+fuelHys) && (SOC <=SOCmin+SOCth)],"230,232",2,decision,0,NaN
22,Regen-DEAD,26,TransitionConditionOperator,stateMachine/Chart,[(Fuel<fuelMin+fuelHys) && (SOC <=SOCmin+SOCth)],"230,232",2,decision,0,NaN
23,Regen-ED,26,TransitionConditionOperator,stateMachine/Chart,[(Fuel<fuelMin+fuelHys) && (SOC <=SOCmin+SOCth)],"230,232",2,decision,0,NaN
24,Regen-NoCharge,26,TransitionConditionOperator,stateMachine/Chart,[(Fuel<fuelMin+fuelHys) && (SOC <=SOCmin+SOCth)],"230,232",2,decision,1,NaN
25,Regen-Combined,26,TransitionConditionOperator,stateMachine/Chart,[(Fuel<fuelMin+fuelHys) && (SOC <=SOCmin+SOCth)],"230,232",2,decision,1,NaN
1,Dead-Dead,27,TransitionConditionOperator,stateMachine/Chart,[(Fuel<fuelMin+fuelHys) && (SOC <=SOCmin+SOCth)],"230,232",2,decision,0,NaN
2,Dead-Regen,27,TransitionConditionOperator,stateMachine/Chart,[(Fuel<fuelMin+fuelHys) && (SOC <=SOCmin+SOCth)],"230,232",2,decision,0,NaN
3,Dead-ED,27,TransitionConditionOperator,stateMachine/Chart,[(Fuel<fuelMin+fuelHys) && (SOC <=SOCmin+SOCth)],"230,232",2,decision,0,NaN
4,Dead-NoCharge,27,TransitionConditionOperator,stateMachine/Chart,[(Fuel<fuelMin+fuelHys) && (SOC <=SOCmin+SOCth)],"230,232",2,decision,1,NaN
5,Dead-Combined,27,TransitionConditionOperator,stateMachine/Chart,[(Fuel<fuelMin+fuelHys) && (SOC <=SOCmin+SOCth)],"230,232",2,decision,1,NaN
6,NoCharge-DEAD,27,TransitionConditionOperator,stateMachine/Chart,[(Fuel<fuelMin+fuelHys) && (SOC <=SOCmin+SOCth)],"230,232",2,decision,1,NaN
7,NoCharge-Regen,27,TransitionConditionOperator,stateMachine/Chart,[(Fuel<fuelMin+fuelHys) && (SOC <=SOCmin+SOCth)],"230,232",2,decision,1,NaN
8,NoCharge-ED,27,TransitionConditionOperator,stateMachine/Chart,[(Fuel<fuelMin+fuelHys) && (SOC <=SOCmin+SOCth)],"230,232",2,decision,1,NaN
9,NoCharge-Combined,27,TransitionConditionOperator,stateMachine/Chart,[(Fuel<fuelMin+fuelHys) && (SOC <=SOCmin+SOCth)],"230,232",2,decision,1,NaN
10,NoCharge-NoCharge,27,TransitionConditionOperator,stateMachine/Chart,[(Fuel<fuelMin+fuelHys) && (SOC <=SOCmin+SOCth)],"230,232",2,decision,1,NaN
11,ED-ED,27,TransitionConditionOperator,stateMachine/Chart,[(Fuel<fuelMin+fuelHys) && (SOC <=SOCmin+SOCth)],"230,232",2,decision,0,NaN
12,ED-Regen,27,TransitionConditionOperator,stateMachine/Chart,[(Fuel<fuelMin+fuelHys) && (SOC <=SOCmin+SOCth)],"230,232",2,decision,0,NaN
13,ED-DEAD,27,TransitionConditionOperator,stateMachine/Chart,[(Fuel<fuelMin+fuelHys) && (SOC <=SOCmin+SOCth)],"230,232",2,decision,0,NaN
14,ED-NoCharge,27,TransitionConditionOperator,stateMachine/Chart,[(Fuel<fuelMin+fuelHys) && (SOC <=SOCmin+SOCth)],"230,232",2,decision,1,NaN
15,ED-Combined,27,TransitionConditionOperator,stateMachine/Chart,[(Fuel<fuelMin+fuelHys) && (SOC <=SOCmin+SOCth)],"230,232",2,decision,1,NaN
16,Combined-Combined,27,TransitionConditionOperator,stateMachine/Chart,[(Fuel<fuelMin+fuelHys) && (SOC <=SOCmin+SOCth)],"230,232",2,decision,1,NaN
17,Combined-Regen,27,TransitionConditionOperator,stateMachine/Chart,[(Fuel<fuelMin+fuelHys) && (SOC <=SOCmin+SOCth)],"230,232",2,decision,1,NaN
18,Combined-DEAD,27,TransitionConditionOperator,stateMachine/Chart,[(Fuel<fuelMin+fuelHys) && (SOC <=SOCmin+SOCth)],"230,232",2,decision,1,NaN
19,Combined-ED,27,TransitionConditionOperator,stateMachine/Chart,[(Fuel<fuelMin+fuelHys) && (SOC <=SOCmin+SOCth)],"230,232",2,decision,1,NaN
20,Combined-NoCharge,27,TransitionConditionOperator,stateMachine/Chart,[(Fuel<fuelMin+fuelHys) && (SOC <=SOCmin+SOCth)],"230,232",2,decision,1,NaN
21,Regen-Regen,27,TransitionConditionOperator,stateMachine/Chart,[(Fuel<fuelMin+fuelHys) && (SOC <=SOCmin+SOCth)],"230,232",2,decision,0,NaN
22,Regen-DEAD,27,TransitionConditionOperator,stateMachine/Chart,[(Fuel<fuelMin+fuelHys) && (SOC <=SOCmin+SOCth)],"230,232",2,decision,0,NaN
23,Regen-ED,27,TransitionConditionOperator,stateMachine/Chart,[(Fuel<fuelMin+fuelHys) && (SOC <=SOCmin+SOCth)],"230,232",2,decision,0,NaN
24,Regen-NoCharge,27,TransitionConditionOperator,stateMachine/Chart,[(Fuel<fuelMin+fuelHys) && (SOC <=SOCmin+SOCth)],"230,232",2,decision,1,NaN
25,Regen-Combined,27,TransitionConditionOperator,stateMachine/Chart,[(Fuel<fuelMin+fuelHys) && (SOC <=SOCmin+SOCth)],"230,232",2,decision,1,NaN
1,Dead-Dead,28,TransitionConditionOperator,stateMachine/Chart,[(Fuel<fuelMin+fuelHys) && (SOC <=SOCmin+SOCth)],"230,232",2,decision,0,NaN
2,Dead-Regen,28,TransitionConditionOperator,stateMachine/Chart,[(Fuel<fuelMin+fuelHys) && (SOC <=SOCmin+SOCth)],"230,232",2,decision,0,NaN
3,Dead-ED,28,TransitionConditionOperator,stateMachine/Chart,[(Fuel<fuelMin+fuelHys) && (SOC <=SOCmin+SOCth)],"230,232",2,decision,0,NaN
4,Dead-NoCharge,28,TransitionConditionOperator,stateMachine/Chart,[(Fuel<fuelMin+fuelHys) && (SOC <=SOCmin+SOCth)],"230,232",2,decision,1,NaN
5,Dead-Combined,28,TransitionConditionOperator,stateMachine/Chart,[(Fuel<fuelMin+fuelHys) && (SOC <=SOCmin+SOCth)],"230,232",2,decision,1,NaN
6,NoCharge-DEAD,28,TransitionConditionOperator,stateMachine/Chart,[(Fuel<fuelMin+fuelHys) && (SOC <=SOCmin+SOCth)],"230,232",2,decision,1,NaN
7,NoCharge-Regen,28,TransitionConditionOperator,stateMachine/Chart,[(Fuel<fuelMin+fuelHys) && (SOC <=SOCmin+SOCth)],"230,232",2,decision,1,NaN
8,NoCharge-ED,28,TransitionConditionOperator,stateMachine/Chart,[(Fuel<fuelMin+fuelHys) && (SOC <=SOCmin+SOCth)],"230,232",2,decision,1,NaN
9,NoCharge-Combined,28,TransitionConditionOperator,stateMachine/Chart,[(Fuel<fuelMin+fuelHys) && (SOC <=SOCmin+SOCth)],"230,232",2,decision,1,NaN
10,NoCharge-NoCharge,28,TransitionConditionOperator,stateMachine/Chart,[(Fuel<fuelMin+fuelHys) && (SOC <=SOCmin+SOCth)],"230,232",2,decision,1,NaN
11,ED-ED,28,TransitionConditionOperator,stateMachine/Chart,[(Fuel<fuelMin+fuelHys) && (SOC <=SOCmin+SOCth)],"230,232",2,decision,0,NaN
12,ED-Regen,28,TransitionConditionOperator,stateMachine/Chart,[(Fuel<fuelMin+fuelHys) && (SOC <=SOCmin+SOCth)],"230,232",2,decision,0,NaN
13,ED-DEAD,28,TransitionConditionOperator,stateMachine/Chart,[(Fuel<fuelMin+fuelHys) && (SOC <=SOCmin+SOCth)],"230,232",2,decision,0,NaN
14,ED-NoCharge,28,TransitionConditionOperator,stateMachine/Chart,[(Fuel<fuelMin+fuelHys) && (SOC <=SOCmin+SOCth)],"230,232",2,decision,1,NaN
15,ED-Combined,28,TransitionConditionOperator,stateMachine/Chart,[(Fuel<fuelMin+fuelHys) && (SOC <=SOCmin+SOCth)],"230,232",2,decision,1,NaN
16,Combined-Combined,28,TransitionConditionOperator,stateMachine/Chart,[(Fuel<fuelMin+fuelHys) && (SOC <=SOCmin+SOCth)],"230,232",2,decision,1,NaN
17,Combined-Regen,28,TransitionConditionOperator,stateMachine/Chart,[(Fuel<fuelMin+fuelHys) && (SOC <=SOCmin+SOCth)],"230,232",2,decision,1,NaN
18,Combined-DEAD,28,TransitionConditionOperator,stateMachine/Chart,[(Fuel<fuelMin+fuelHys) && (SOC <=SOCmin+SOCth)],"230,232",2,decision,1,NaN
19,Combined-ED,28,TransitionConditionOperator,stateMachine/Chart,[(Fuel<fuelMin+fuelHys) && (SOC <=SOCmin+SOCth)],"230,232",2,decision,1,NaN
20,Combined-NoCharge,28,TransitionConditionOperator,stateMachine/Chart,[(Fuel<fuelMin+fuelHys) && (SOC <=SOCmin+SOCth)],"230,232",2,decision,1,NaN
21,Regen-Regen,28,TransitionConditionOperator,stateMachine/Chart,[(Fuel<fuelMin+fuelHys) && (SOC <=SOCmin+SOCth)],"230,232",2,decision,0,NaN
22,Regen-DEAD,28,TransitionConditionOperator,stateMachine/Chart,[(Fuel<fuelMin+fuelHys) && (SOC <=SOCmin+SOCth)],"230,232",2,decision,0,NaN
23,Regen-ED,28,TransitionConditionOperator,stateMachine/Chart,[(Fuel<fuelMin+fuelHys) && (SOC <=SOCmin+SOCth)],"230,232",2,decision,0,NaN
24,Regen-NoCharge,28,TransitionConditionOperator,stateMachine/Chart,[(Fuel<fuelMin+fuelHys) && (SOC <=SOCmin+SOCth)],"230,232",2,decision,1,NaN
25,Regen-Combined,28,TransitionConditionOperator,stateMachine/Chart,[(Fuel<fuelMin+fuelHys) && (SOC <=SOCmin+SOCth)],"230,232",2,decision,1,NaN
1,Dead-Dead,29,TransitionConditionOperator,stateMachine/Chart,[(Fuel<fuelMin+fuelHys) && (SOC <=SOCmin+SOCth)],"230,232",2,decision,0,NaN
2,Dead-Regen,29,TransitionConditionOperator,stateMachine/Chart,[(Fuel<fuelMin+fuelHys) && (SOC <=SOCmin+SOCth)],"230,232",2,decision,0,NaN
3,Dead-ED,29,TransitionConditionOperator,stateMachine/Chart,[(Fuel<fuelMin+fuelHys) && (SOC <=SOCmin+SOCth)],"230,232",2,decision,0,NaN
4,Dead-NoCharge,29,TransitionConditionOperator,stateMachine/Chart,[(Fuel<fuelMin+fuelHys) && (SOC <=SOCmin+SOCth)],"230,232",2,decision,1,NaN
5,Dead-Combined,29,TransitionConditionOperator,stateMachine/Chart,[(Fuel<fuelMin+fuelHys) && (SOC <=SOCmin+SOCth)],"230,232",2,decision,1,NaN
6,NoCharge-DEAD,29,TransitionConditionOperator,stateMachine/Chart,[(Fuel<fuelMin+fuelHys) && (SOC <=SOCmin+SOCth)],"230,232",2,decision,1,NaN
7,NoCharge-Regen,29,TransitionConditionOperator,stateMachine/Chart,[(Fuel<fuelMin+fuelHys) && (SOC <=SOCmin+SOCth)],"230,232",2,decision,1,NaN
8,NoCharge-ED,29,TransitionConditionOperator,stateMachine/Chart,[(Fuel<fuelMin+fuelHys) && (SOC <=SOCmin+SOCth)],"230,232",2,decision,1,NaN
9,NoCharge-Combined,29,TransitionConditionOperator,stateMachine/Chart,[(Fuel<fuelMin+fuelHys) && (SOC <=SOCmin+SOCth)],"230,232",2,decision,1,NaN
10,NoCharge-NoCharge,29,TransitionConditionOperator,stateMachine/Chart,[(Fuel<fuelMin+fuelHys) && (SOC <=SOCmin+SOCth)],"230,232",2,decision,1,NaN
11,ED-ED,29,TransitionConditionOperator,stateMachine/Chart,[(Fuel<fuelMin+fuelHys) && (SOC <=SOCmin+SOCth)],"230,232",2,decision,0,NaN
12,ED-Regen,29,TransitionConditionOperator,stateMachine/Chart,[(Fuel<fuelMin+fuelHys) && (SOC <=SOCmin+SOCth)],"230,232",2,decision,0,NaN
13,ED-DEAD,29,TransitionConditionOperator,stateMachine/Chart,[(Fuel<fuelMin+fuelHys) && (SOC <=SOCmin+SOCth)],"230,232",2,decision,0,NaN
14,ED-NoCharge,29,TransitionConditionOperator,stateMachine/Chart,[(Fuel<fuelMin+fuelHys) && (SOC <=SOCmin+SOCth)],"230,232",2,decision,1,NaN
15,ED-Combined,29,TransitionConditionOperator,stateMachine/Chart,[(Fuel<fuelMin+fuelHys) && (SOC <=SOCmin+SOCth)],"230,232",2,decision,1,NaN
16,Combined-Combined,29,TransitionConditionOperator,stateMachine/Chart,[(Fuel<fuelMin+fuelHys) && (SOC <=SOCmin+SOCth)],"230,232",2,decision,1,NaN
17,Combined-Regen,29,TransitionConditionOperator,stateMachine/Chart,[(Fuel<fuelMin+fuelHys) && (SOC <=SOCmin+SOCth)],"230,232",2,decision,1,NaN
18,Combined-DEAD,29,TransitionConditionOperator,stateMachine/Chart,[(Fuel<fuelMin+fuelHys) && (SOC <=SOCmin+SOCth)],"230,232",2,decision,1,NaN
19,Combined-ED,29,TransitionConditionOperator,stateMachine/Chart,[(Fuel<fuelMin+fuelHys) && (SOC <=SOCmin+SOCth)],"230,232",2,decision,1,NaN
20,Combined-NoCharge,29,TransitionConditionOperator,stateMachine/Chart,[(Fuel<fuelMin+fuelHys) && (SOC <=SOCmin+SOCth)],"230,232",2,decision,1,NaN
21,Regen-Regen,29,TransitionConditionOperator,stateMachine/Chart,[(Fuel<fuelMin+fuelHys) && (SOC <=SOCmin+SOCth)],"230,232",2,decision,0,NaN
22,Regen-DEAD,29,TransitionConditionOperator,stateMachine/Chart,[(Fuel<fuelMin+fuelHys) && (SOC <=SOCmin+SOCth)],"230,232",2,decision,0,NaN
23,Regen-ED,29,TransitionConditionOperator,stateMachine/Chart,[(Fuel<fuelMin+fuelHys) && (SOC <=SOCmin+SOCth)],"230,232",2,decision,0,NaN
24,Regen-NoCharge,29,TransitionConditionOperator,stateMachine/Chart,[(Fuel<fuelMin+fuelHys) && (SOC <=SOCmin+SOCth)],"230,232",2,decision,1,NaN
25,Regen-Combined,29,TransitionConditionOperator,stateMachine/Chart,[(Fuel<fuelMin+fuelHys) && (SOC <=SOCmin+SOCth)],"230,232",2,decision,1,NaN
1,Dead-Dead,30,TransitionConditionOperator,stateMachine/Chart,[(SOC<SOCmin+SOCth) && (Fuel<fuelMin+fuelHys) ],"231",1,decision,0,0
2,Dead-Regen,30,TransitionConditionOperator,stateMachine/Chart,[(SOC<SOCmin+SOCth) && (Fuel<fuelMin+fuelHys) ],"231",1,decision,0,0
3,Dead-ED,30,TransitionConditionOperator,stateMachine/Chart,[(SOC<SOCmin+SOCth) && (Fuel<fuelMin+fuelHys) ],"231",1,decision,1,1
4,Dead-NoCharge,30,TransitionConditionOperator,stateMachine/Chart,[(SOC<SOCmin+SOCth) && (Fuel<fuelMin+fuelHys) ],"231",1,decision,0,0
5,Dead-Combined,30,TransitionConditionOperator,stateMachine/Chart,[(SOC<SOCmin+SOCth) && (Fuel<fuelMin+fuelHys) ],"231",1,decision,0,0
6,NoCharge-DEAD,30,TransitionConditionOperator,stateMachine/Chart,[(SOC<SOCmin+SOCth) && (Fuel<fuelMin+fuelHys) ],"231",1,decision,0,0
7,NoCharge-Regen,30,TransitionConditionOperator,stateMachine/Chart,[(SOC<SOCmin+SOCth) && (Fuel<fuelMin+fuelHys) ],"231",1,decision,0,0
8,NoCharge-ED,30,TransitionConditionOperator,stateMachine/Chart,[(SOC<SOCmin+SOCth) && (Fuel<fuelMin+fuelHys) ],"231",1,decision,1,1
9,NoCharge-Combined,30,TransitionConditionOperator,stateMachine/Chart,[(SOC<SOCmin+SOCth) && (Fuel<fuelMin+fuelHys) ],"231",1,decision,0,0
10,NoCharge-NoCharge,30,TransitionConditionOperator,stateMachine/Chart,[(SOC<SOCmin+SOCth) && (Fuel<fuelMin+fuelHys) ],"231",1,decision,0,0
11,ED-ED,30,TransitionConditionOperator,stateMachine/Chart,[(SOC<SOCmin+SOCth) && (Fuel<fuelMin+fuelHys) ],"231",1,decision,1,1
12,ED-Regen,30,TransitionConditionOperator,stateMachine/Chart,[(SOC<SOCmin+SOCth) && (Fuel<fuelMin+fuelHys) ],"231",1,decision,1,1
13,ED-DEAD,30,TransitionConditionOperator,stateMachine/Chart,[(SOC<SOCmin+SOCth) && (Fuel<fuelMin+fuelHys) ],"231",1,decision,1,1
14,ED-NoCharge,30,TransitionConditionOperator,stateMachine/Chart,[(SOC<SOCmin+SOCth) && (Fuel<fuelMin+fuelHys) ],"231",1,decision,1,1
15,ED-Combined,30,TransitionConditionOperator,stateMachine/Chart,[(SOC<SOCmin+SOCth) && (Fuel<fuelMin+fuelHys) ],"231",1,decision,1,1
16,Combined-Combined,30,TransitionConditionOperator,stateMachine/Chart,[(SOC<SOCmin+SOCth) && (Fuel<fuelMin+fuelHys) ],"231",1,decision,0,0
17,Combined-Regen,30,TransitionConditionOperator,stateMachine/Chart,[(SOC<SOCmin+SOCth) && (Fuel<fuelMin+fuelHys) ],"231",1,decision,0,0
18,Combined-DEAD,30,TransitionConditionOperator,stateMachine/Chart,[(SOC<SOCmin+SOCth) && (Fuel<fuelMin+fuelHys) ],"231",1,decision,0,0
19,Combined-ED,30,TransitionConditionOperator,stateMachine/Chart,[(SOC<SOCmin+SOCth) && (Fuel<fuelMin+fuelHys) ],"231",1,decision,1,1
20,Combined-NoCharge,30,TransitionConditionOperator,stateMachine/Chart,[(SOC<SOCmin+SOCth) && (Fuel<fuelMin+fuelHys) ],"231",1,decision,0,0
21,Regen-Regen,30,TransitionConditionOperator,stateMachine/Chart,[(SOC<SOCmin+SOCth) && (Fuel<fuelMin+fuelHys) ],"231",1,decision,0,0
22,Regen-DEAD,30,TransitionConditionOperator,stateMachine/Chart,[(SOC<SOCmin+SOCth) && (Fuel<fuelMin+fuelHys) ],"231",1,decision,0,0
23,Regen-ED,30,TransitionConditionOperator,stateMachine/Chart,[(SOC<SOCmin+SOCth) && (Fuel<fuelMin+fuelHys) ],"231",1,decision,1,1
24,Regen-NoCharge,30,TransitionConditionOperator,stateMachine/Chart,[(SOC<SOCmin+SOCth) && (Fuel<fuelMin+fuelHys) ],"231",1,decision,0,0
25,Regen-Combined,30,TransitionConditionOperator,stateMachine/Chart,[(SOC<SOCmin+SOCth) && (Fuel<fuelMin+fuelHys) ],"231",1,decision,0,0
1,Dead-Dead,31,TransitionConditionOperator,stateMachine/Chart,[(SOC<SOCmin+SOCth) && (Fuel<fuelMin+fuelHys) ],"231",1,decision,0,0
2,Dead-Regen,31,TransitionConditionOperator,stateMachine/Chart,[(SOC<SOCmin+SOCth) && (Fuel<fuelMin+fuelHys) ],"231",1,decision,0,0
3,Dead-ED,31,TransitionConditionOperator,stateMachine/Chart,[(SOC<SOCmin+SOCth) && (Fuel<fuelMin+fuelHys) ],"231",1,decision,1,1
4,Dead-NoCharge,31,TransitionConditionOperator,stateMachine/Chart,[(SOC<SOCmin+SOCth) && (Fuel<fuelMin+fuelHys) ],"231",1,decision,0,0
5,Dead-Combined,31,TransitionConditionOperator,stateMachine/Chart,[(SOC<SOCmin+SOCth) && (Fuel<fuelMin+fuelHys) ],"231",1,decision,0,0
6,NoCharge-DEAD,31,TransitionConditionOperator,stateMachine/Chart,[(SOC<SOCmin+SOCth) && (Fuel<fuelMin+fuelHys) ],"231",1,decision,0,0
7,NoCharge-Regen,31,TransitionConditionOperator,stateMachine/Chart,[(SOC<SOCmin+SOCth) && (Fuel<fuelMin+fuelHys) ],"231",1,decision,0,0
8,NoCharge-ED,31,TransitionConditionOperator,stateMachine/Chart,[(SOC<SOCmin+SOCth) && (Fuel<fuelMin+fuelHys) ],"231",1,decision,1,1
9,NoCharge-Combined,31,TransitionConditionOperator,stateMachine/Chart,[(SOC<SOCmin+SOCth) && (Fuel<fuelMin+fuelHys) ],"231",1,decision,0,0
10,NoCharge-NoCharge,31,TransitionConditionOperator,stateMachine/Chart,[(SOC<SOCmin+SOCth) && (Fuel<fuelMin+fuelHys) ],"231",1,decision,0,0
11,ED-ED,31,TransitionConditionOperator,stateMachine/Chart,[(SOC<SOCmin+SOCth) && (Fuel<fuelMin+fuelHys) ],"231",1,decision,1,1
12,ED-Regen,31,TransitionConditionOperator,stateMachine/Chart,[(SOC<SOCmin+SOCth) && (Fuel<fuelMin+fuelHys) ],"231",1,decision,1,1
13,ED-DEAD,31,TransitionConditionOperator,stateMachine/Chart,[(SOC<SOCmin+SOCth) && (Fuel<fuelMin+fuelHys) ],"231",1,decision,1,1
14,ED-NoCharge,31,TransitionConditionOperator,stateMachine/Chart,[(SOC<SOCmin+SOCth) && (Fuel<fuelMin+fuelHys) ],"231",1,decision,1,1
15,ED-Combined,31,TransitionConditionOperator,stateMachine/Chart,[(SOC<SOCmin+SOCth) && (Fuel<fuelMin+fuelHys) ],"231",1,decision,1,1
16,Combined-Combined,31,TransitionConditionOperator,stateMachine/Chart,[(SOC<SOCmin+SOCth) && (Fuel<fuelMin+fuelHys) ],"231",1,decision,0,0
17,Combined-Regen,31,TransitionConditionOperator,stateMachine/Chart,[(SOC<SOCmin+SOCth) && (Fuel<fuelMin+fuelHys) ],"231",1,decision,0,0
18,Combined-DEAD,31,TransitionConditionOperator,stateMachine/Chart,[(SOC<SOCmin+SOCth) && (Fuel<fuelMin+fuelHys) ],"231",1,decision,0,0
19,Combined-ED,31,TransitionConditionOperator,stateMachine/Chart,[(SOC<SOCmin+SOCth) && (Fuel<fuelMin+fuelHys) ],"231",1,decision,1,1
20,Combined-NoCharge,31,TransitionConditionOperator,stateMachine/Chart,[(SOC<SOCmin+SOCth) && (Fuel<fuelMin+fuelHys) ],"231",1,decision,0,0
21,Regen-Regen,31,TransitionConditionOperator,stateMachine/Chart,[(SOC<SOCmin+SOCth) && (Fuel<fuelMin+fuelHys) ],"231",1,decision,0,0
22,Regen-DEAD,31,TransitionConditionOperator,stateMachine/Chart,[(SOC<SOCmin+SOCth) && (Fuel<fuelMin+fuelHys) ],"231",1,decision,0,0
23,Regen-ED,31,TransitionConditionOperator,stateMachine/Chart,[(SOC<SOCmin+SOCth) && (Fuel<fuelMin+fuelHys) ],"231",1,decision,1,1
24,Regen-NoCharge,31,TransitionConditionOperator,stateMachine/Chart,[(SOC<SOCmin+SOCth) && (Fuel<fuelMin+fuelHys) ],"231",1,decision,0,0
25,Regen-Combined,31,TransitionConditionOperator,stateMachine/Chart,[(SOC<SOCmin+SOCth) && (Fuel<fuelMin+fuelHys) ],"231",1,decision,0,0
1,Dead-Dead,32,TransitionConditionOperator,stateMachine/Chart,[(SOC<SOCmin+SOCth) && (Fuel<fuelMin+fuelHys) ],"231",1,decision,0,0
2,Dead-Regen,32,TransitionConditionOperator,stateMachine/Chart,[(SOC<SOCmin+SOCth) && (Fuel<fuelMin+fuelHys) ],"231",1,decision,0,0
3,Dead-ED,32,TransitionConditionOperator,stateMachine/Chart,[(SOC<SOCmin+SOCth) && (Fuel<fuelMin+fuelHys) ],"231",1,decision,1,1
4,Dead-NoCharge,32,TransitionConditionOperator,stateMachine/Chart,[(SOC<SOCmin+SOCth) && (Fuel<fuelMin+fuelHys) ],"231",1,decision,0,0
5,Dead-Combined,32,TransitionConditionOperator,stateMachine/Chart,[(SOC<SOCmin+SOCth) && (Fuel<fuelMin+fuelHys) ],"231",1,decision,0,0
6,NoCharge-DEAD,32,TransitionConditionOperator,stateMachine/Chart,[(SOC<SOCmin+SOCth) && (Fuel<fuelMin+fuelHys) ],"231",1,decision,0,0
7,NoCharge-Regen,32,TransitionConditionOperator,stateMachine/Chart,[(SOC<SOCmin+SOCth) && (Fuel<fuelMin+fuelHys) ],"231",1,decision,0,0
8,NoCharge-ED,32,TransitionConditionOperator,stateMachine/Chart,[(SOC<SOCmin+SOCth) && (Fuel<fuelMin+fuelHys) ],"231",1,decision,1,1
9,NoCharge-Combined,32,TransitionConditionOperator,stateMachine/Chart,[(SOC<SOCmin+SOCth) && (Fuel<fuelMin+fuelHys) ],"231",1,decision,0,0
10,NoCharge-NoCharge,32,TransitionConditionOperator,stateMachine/Chart,[(SOC<SOCmin+SOCth) && (Fuel<fuelMin+fuelHys) ],"231",1,decision,0,0
11,ED-ED,32,TransitionConditionOperator,stateMachine/Chart,[(SOC<SOCmin+SOCth) && (Fuel<fuelMin+fuelHys) ],"231",1,decision,1,1
12,ED-Regen,32,TransitionConditionOperator,stateMachine/Chart,[(SOC<SOCmin+SOCth) && (Fuel<fuelMin+fuelHys) ],"231",1,decision,1,1
13,ED-DEAD,32,TransitionConditionOperator,stateMachine/Chart,[(SOC<SOCmin+SOCth) && (Fuel<fuelMin+fuelHys) ],"231",1,decision,1,1
14,ED-NoCharge,32,TransitionConditionOperator,stateMachine/Chart,[(SOC<SOCmin+SOCth) && (Fuel<fuelMin+fuelHys) ],"231",1,decision,1,1
15,ED-Combined,32,TransitionConditionOperator,stateMachine/Chart,[(SOC<SOCmin+SOCth) && (Fuel<fuelMin+fuelHys) ],"231",1,decision,1,1
16,Combined-Combined,32,TransitionConditionOperator,stateMachine/Chart,[(SOC<SOCmin+SOCth) && (Fuel<fuelMin+fuelHys) ],"231",1,decision,0,0
17,Combined-Regen,32,TransitionConditionOperator,stateMachine/Chart,[(SOC<SOCmin+SOCth) && (Fuel<fuelMin+fuelHys) ],"231",1,decision,0,0
18,Combined-DEAD,32,TransitionConditionOperator,stateMachine/Chart,[(SOC<SOCmin+SOCth) && (Fuel<fuelMin+fuelHys) ],"231",1,decision,0,0
19,Combined-ED,32,TransitionConditionOperator,stateMachine/Chart,[(SOC<SOCmin+SOCth) && (Fuel<fuelMin+fuelHys) ],"231",1,decision,1,1
20,Combined-NoCharge,32,TransitionConditionOperator,stateMachine/Chart,[(SOC<SOCmin+SOCth) && (Fuel<fuelMin+fuelHys) ],"231",1,decision,0,0
21,Regen-Regen,32,TransitionConditionOperator,stateMachine/Chart,[(SOC<SOCmin+SOCth) && (Fuel<fuelMin+fuelHys) ],"231",1,decision,0,0
22,Regen-DEAD,32,TransitionConditionOperator,stateMachine/Chart,[(SOC<SOCmin+SOCth) && (Fuel<fuelMin+fuelHys) ],"231",1,decision,0,0
23,Regen-ED,32,TransitionConditionOperator,stateMachine/Chart,[(SOC<SOCmin+SOCth) && (Fuel<fuelMin+fuelHys) ],"231",1,decision,1,1
24,Regen-NoCharge,32,TransitionConditionOperator,stateMachine/Chart,[(SOC<SOCmin+SOCth) && (Fuel<fuelMin+fuelHys) ],"231",1,decision,0,0
25,Regen-Combined,32,TransitionConditionOperator,stateMachine/Chart,[(SOC<SOCmin+SOCth) && (Fuel<fuelMin+fuelHys) ],"231",1,decision,0,0
1,Dead-Dead,33,TransitionConditionOperator,stateMachine/Chart,[(SOC<SOCmin+SOCth) && (Fuel<fuelMin+fuelHys) ],"231",1,decision,0,0
2,Dead-Regen,33,TransitionConditionOperator,stateMachine/Chart,[(SOC<SOCmin+SOCth) && (Fuel<fuelMin+fuelHys) ],"231",1,decision,0,0
3,Dead-ED,33,TransitionConditionOperator,stateMachine/Chart,[(SOC<SOCmin+SOCth) && (Fuel<fuelMin+fuelHys) ],"231",1,decision,1,1
4,Dead-NoCharge,33,TransitionConditionOperator,stateMachine/Chart,[(SOC<SOCmin+SOCth) && (Fuel<fuelMin+fuelHys) ],"231",1,decision,0,0
5,Dead-Combined,33,TransitionConditionOperator,stateMachine/Chart,[(SOC<SOCmin+SOCth) && (Fuel<fuelMin+fuelHys) ],"231",1,decision,0,0
6,NoCharge-DEAD,33,TransitionConditionOperator,stateMachine/Chart,[(SOC<SOCmin+SOCth) && (Fuel<fuelMin+fuelHys) ],"231",1,decision,0,0
7,NoCharge-Regen,33,TransitionConditionOperator,stateMachine/Chart,[(SOC<SOCmin+SOCth) && (Fuel<fuelMin+fuelHys) ],"231",1,decision,0,0
8,NoCharge-ED,33,TransitionConditionOperator,stateMachine/Chart,[(SOC<SOCmin+SOCth) && (Fuel<fuelMin+fuelHys) ],"231",1,decision,1,1
9,NoCharge-Combined,33,TransitionConditionOperator,stateMachine/Chart,[(SOC<SOCmin+SOCth) && (Fuel<fuelMin+fuelHys) ],"231",1,decision,0,0
10,NoCharge-NoCharge,33,TransitionConditionOperator,stateMachine/Chart,[(SOC<SOCmin+SOCth) && (Fuel<fuelMin+fuelHys) ],"231",1,decision,0,0
11,ED-ED,33,TransitionConditionOperator,stateMachine/Chart,[(SOC<SOCmin+SOCth) && (Fuel<fuelMin+fuelHys) ],"231",1,decision,1,1
12,ED-Regen,33,TransitionConditionOperator,stateMachine/Chart,[(SOC<SOCmin+SOCth) && (Fuel<fuelMin+fuelHys) ],"231",1,decision,1,1
13,ED-DEAD,33,TransitionConditionOperator,stateMachine/Chart,[(SOC<SOCmin+SOCth) && (Fuel<fuelMin+fuelHys) ],"231",1,decision,1,1
14,ED-NoCharge,33,TransitionConditionOperator,stateMachine/Chart,[(SOC<SOCmin+SOCth) && (Fuel<fuelMin+fuelHys) ],"231",1,decision,1,1
15,ED-Combined,33,TransitionConditionOperator,stateMachine/Chart,[(SOC<SOCmin+SOCth) && (Fuel<fuelMin+fuelHys) ],"231",1,decision,1,1
16,Combined-Combined,33,TransitionConditionOperator,stateMachine/Chart,[(SOC<SOCmin+SOCth) && (Fuel<fuelMin+fuelHys) ],"231",1,decision,0,0
17,Combined-Regen,33,TransitionConditionOperator,stateMachine/Chart,[(SOC<SOCmin+SOCth) && (Fuel<fuelMin+fuelHys) ],"231",1,decision,0,0
18,Combined-DEAD,33,TransitionConditionOperator,stateMachine/Chart,[(SOC<SOCmin+SOCth) && (Fuel<fuelMin+fuelHys) ],"231",1,decision,0,0
19,Combined-ED,33,TransitionConditionOperator,stateMachine/Chart,[(SOC<SOCmin+SOCth) && (Fuel<fuelMin+fuelHys) ],"231",1,decision,1,1
20,Combined-NoCharge,33,TransitionConditionOperator,stateMachine/Chart,[(SOC<SOCmin+SOCth) && (Fuel<fuelMin+fuelHys) ],"231",1,decision,0,0
21,Regen-Regen,33,TransitionConditionOperator,stateMachine/Chart,[(SOC<SOCmin+SOCth) && (Fuel<fuelMin+fuelHys) ],"231",1,decision,0,0
22,Regen-DEAD,33,TransitionConditionOperator,stateMachine/Chart,[(SOC<SOCmin+SOCth) && (Fuel<fuelMin+fuelHys) ],"231",1,decision,0,0
23,Regen-ED,33,TransitionConditionOperator,stateMachine/Chart,[(SOC<SOCmin+SOCth) && (Fuel<fuelMin+fuelHys) ],"231",1,decision,1,1
24,Regen-NoCharge,33,TransitionConditionOperator,stateMachine/Chart,[(SOC<SOCmin+SOCth) && (Fuel<fuelMin+fuelHys) ],"231",1,decision,0,0
25,Regen-Combined,33,TransitionConditionOperator,stateMachine/Chart,[(SOC<SOCmin+SOCth) && (Fuel<fuelMin+fuelHys) ],"231",1,decision,0,0
1,Dead-Dead,34,TransitionConditionOperator,stateMachine/Chart,[(SOC<SOCmin+SOCth) && (Fuel<fuelMin+fuelHys) ],"231",1,decision,0,0
2,Dead-Regen,34,TransitionConditionOperator,stateMachine/Chart,[(SOC<SOCmin+SOCth) && (Fuel<fuelMin+fuelHys) ],"231",1,decision,0,0
3,Dead-ED,34,TransitionConditionOperator,stateMachine/Chart,[(SOC<SOCmin+SOCth) && (Fuel<fuelMin+fuelHys) ],"231",1,decision,1,1
4,Dead-NoCharge,34,TransitionConditionOperator,stateMachine/Chart,[(SOC<SOCmin+SOCth) && (Fuel<fuelMin+fuelHys) ],"231",1,decision,0,0
5,Dead-Combined,34,TransitionConditionOperator,stateMachine/Chart,[(SOC<SOCmin+SOCth) && (Fuel<fuelMin+fuelHys) ],"231",1,decision,0,0
6,NoCharge-DEAD,34,TransitionConditionOperator,stateMachine/Chart,[(SOC<SOCmin+SOCth) && (Fuel<fuelMin+fuelHys) ],"231",1,decision,0,0
7,NoCharge-Regen,34,TransitionConditionOperator,stateMachine/Chart,[(SOC<SOCmin+SOCth) && (Fuel<fuelMin+fuelHys) ],"231",1,decision,0,0
8,NoCharge-ED,34,TransitionConditionOperator,stateMachine/Chart,[(SOC<SOCmin+SOCth) && (Fuel<fuelMin+fuelHys) ],"231",1,decision,1,1
9,NoCharge-Combined,34,TransitionConditionOperator,stateMachine/Chart,[(SOC<SOCmin+SOCth) && (Fuel<fuelMin+fuelHys) ],"231",1,decision,0,0
10,NoCharge-NoCharge,34,TransitionConditionOperator,stateMachine/Chart,[(SOC<SOCmin+SOCth) && (Fuel<fuelMin+fuelHys) ],"231",1,decision,0,0
11,ED-ED,34,TransitionConditionOperator,stateMachine/Chart,[(SOC<SOCmin+SOCth) && (Fuel<fuelMin+fuelHys) ],"231",1,decision,1,1
12,ED-Regen,34,TransitionConditionOperator,stateMachine/Chart,[(SOC<SOCmin+SOCth) && (Fuel<fuelMin+fuelHys) ],"231",1,decision,1,1
13,ED-DEAD,34,TransitionConditionOperator,stateMachine/Chart,[(SOC<SOCmin+SOCth) && (Fuel<fuelMin+fuelHys) ],"231",1,decision,1,1
14,ED-NoCharge,34,TransitionConditionOperator,stateMachine/Chart,[(SOC<SOCmin+SOCth) && (Fuel<fuelMin+fuelHys) ],"231",1,decision,1,1
15,ED-Combined,34,TransitionConditionOperator,stateMachine/Chart,[(SOC<SOCmin+SOCth) && (Fuel<fuelMin+fuelHys) ],"231",1,decision,1,1
16,Combined-Combined,34,TransitionConditionOperator,stateMachine/Chart,[(SOC<SOCmin+SOCth) && (Fuel<fuelMin+fuelHys) ],"231",1,decision,0,0
17,Combined-Regen,34,TransitionConditionOperator,stateMachine/Chart,[(SOC<SOCmin+SOCth) && (Fuel<fuelMin+fuelHys) ],"231",1,decision,0,0
18,Combined-DEAD,34,TransitionConditionOperator,stateMachine/Chart,[(SOC<SOCmin+SOCth) && (Fuel<fuelMin+fuelHys) ],"231",1,decision,0,0
19,Combined-ED,34,TransitionConditionOperator,stateMachine/Chart,[(SOC<SOCmin+SOCth) && (Fuel<fuelMin+fuelHys) ],"231",1,decision,1,1
20,Combined-NoCharge,34,TransitionConditionOperator,stateMachine/Chart,[(SOC<SOCmin+SOCth) && (Fuel<fuelMin+fuelHys) ],"231",1,decision,0,0
21,Regen-Regen,34,TransitionConditionOperator,stateMachine/Chart,[(SOC<SOCmin+SOCth) && (Fuel<fuelMin+fuelHys) ],"231",1,decision,0,0
22,Regen-DEAD,34,TransitionConditionOperator,stateMachine/Chart,[(SOC<SOCmin+SOCth) && (Fuel<fuelMin+fuelHys) ],"231",1,decision,0,0
23,Regen-ED,34,TransitionConditionOperator,stateMachine/Chart,[(SOC<SOCmin+SOCth) && (Fuel<fuelMin+fuelHys) ],"231",1,decision,1,1
24,Regen-NoCharge,34,TransitionConditionOperator,stateMachine/Chart,[(SOC<SOCmin+SOCth) && (Fuel<fuelMin+fuelHys) ],"231",1,decision,0,0
25,Regen-Combined,34,TransitionConditionOperator,stateMachine/Chart,[(SOC<SOCmin+SOCth) && (Fuel<fuelMin+fuelHys) ],"231",1,decision,0,0
1,Dead-Dead,35,TransitionConditionOperator,stateMachine/Chart,[(Fuel<fuelMin+fuelHys) && (SOC <=SOCmin+SOCth)],"230,232",2,decision,0,NaN
2,Dead-Regen,35,TransitionConditionOperator,stateMachine/Chart,[(Fuel<fuelMin+fuelHys) && (SOC <=SOCmin+SOCth)],"230,232",2,decision,0,NaN
3,Dead-ED,35,TransitionConditionOperator,stateMachine/Chart,[(Fuel<fuelMin+fuelHys) && (SOC <=SOCmin+SOCth)],"230,232",2,decision,0,NaN
4,Dead-NoCharge,35,TransitionConditionOperator,stateMachine/Chart,[(Fuel<fuelMin+fuelHys) && (SOC <=SOCmin+SOCth)],"230,232",2,decision,1,NaN
5,Dead-Combined,35,TransitionConditionOperator,stateMachine/Chart,[(Fuel<fuelMin+fuelHys) && (SOC <=SOCmin+SOCth)],"230,232",2,decision,1,NaN
6,NoCharge-DEAD,35,TransitionConditionOperator,stateMachine/Chart,[(Fuel<fuelMin+fuelHys) && (SOC <=SOCmin+SOCth)],"230,232",2,decision,1,NaN
7,NoCharge-Regen,35,TransitionConditionOperator,stateMachine/Chart,[(Fuel<fuelMin+fuelHys) && (SOC <=SOCmin+SOCth)],"230,232",2,decision,1,NaN
8,NoCharge-ED,35,TransitionConditionOperator,stateMachine/Chart,[(Fuel<fuelMin+fuelHys) && (SOC <=SOCmin+SOCth)],"230,232",2,decision,1,NaN
9,NoCharge-Combined,35,TransitionConditionOperator,stateMachine/Chart,[(Fuel<fuelMin+fuelHys) && (SOC <=SOCmin+SOCth)],"230,232",2,decision,1,NaN
10,NoCharge-NoCharge,35,TransitionConditionOperator,stateMachine/Chart,[(Fuel<fuelMin+fuelHys) && (SOC <=SOCmin+SOCth)],"230,232",2,decision,1,NaN
11,ED-ED,35,TransitionConditionOperator,stateMachine/Chart,[(Fuel<fuelMin+fuelHys) && (SOC <=SOCmin+SOCth)],"230,232",2,decision,0,NaN
12,ED-Regen,35,TransitionConditionOperator,stateMachine/Chart,[(Fuel<fuelMin+fuelHys) && (SOC <=SOCmin+SOCth)],"230,232",2,decision,0,NaN
13,ED-DEAD,35,TransitionConditionOperator,stateMachine/Chart,[(Fuel<fuelMin+fuelHys) && (SOC <=SOCmin+SOCth)],"230,232",2,decision,0,NaN
14,ED-NoCharge,35,TransitionConditionOperator,stateMachine/Chart,[(Fuel<fuelMin+fuelHys) && (SOC <=SOCmin+SOCth)],"230,232",2,decision,1,NaN
15,ED-Combined,35,TransitionConditionOperator,stateMachine/Chart,[(Fuel<fuelMin+fuelHys) && (SOC <=SOCmin+SOCth)],"230,232",2,decision,1,NaN
16,Combined-Combined,35,TransitionConditionOperator,stateMachine/Chart,[(Fuel<fuelMin+fuelHys) && (SOC <=SOCmin+SOCth)],"230,232",2,decision,1,NaN
17,Combined-Regen,35,TransitionConditionOperator,stateMachine/Chart,[(Fuel<fuelMin+fuelHys) && (SOC <=SOCmin+SOCth)],"230,232",2,decision,1,NaN
18,Combined-DEAD,35,TransitionConditionOperator,stateMachine/Chart,[(Fuel<fuelMin+fuelHys) && (SOC <=SOCmin+SOCth)],"230,232",2,decision,1,NaN
19,Combined-ED,35,TransitionConditionOperator,stateMachine/Chart,[(Fuel<fuelMin+fuelHys) && (SOC <=SOCmin+SOCth)],"230,232",2,decision,1,NaN
20,Combined-NoCharge,35,TransitionConditionOperator,stateMachine/Chart,[(Fuel<fuelMin+fuelHys) && (SOC <=SOCmin+SOCth)],"230,232",2,decision,1,NaN
21,Regen-Regen,35,TransitionConditionOperator,stateMachine/Chart,[(Fuel<fuelMin+fuelHys) && (SOC <=SOCmin+SOCth)],"230,232",2,decision,0,NaN
22,Regen-DEAD,35,TransitionConditionOperator,stateMachine/Chart,[(Fuel<fuelMin+fuelHys) && (SOC <=SOCmin+SOCth)],"230,232",2,decision,0,NaN
23,Regen-ED,35,TransitionConditionOperator,stateMachine/Chart,[(Fuel<fuelMin+fuelHys) && (SOC <=SOCmin+SOCth)],"230,232",2,decision,0,NaN
24,Regen-NoCharge,35,TransitionConditionOperator,stateMachine/Chart,[(Fuel<fuelMin+fuelHys) && (SOC <=SOCmin+SOCth)],"230,232",2,decision,1,NaN
25,Regen-Combined,35,TransitionConditionOperator,stateMachine/Chart,[(Fuel<fuelMin+fuelHys) && (SOC <=SOCmin+SOCth)],"230,232",2,decision,1,NaN
1,Dead-Dead,36,TransitionConditionOperator,stateMachine/Chart,[(Fuel<fuelMin+fuelHys) && (SOC <=SOCmin+SOCth)],"230,232",2,decision,0,NaN
2,Dead-Regen,36,TransitionConditionOperator,stateMachine/Chart,[(Fuel<fuelMin+fuelHys) && (SOC <=SOCmin+SOCth)],"230,232",2,decision,0,NaN
3,Dead-ED,36,TransitionConditionOperator,stateMachine/Chart,[(Fuel<fuelMin+fuelHys) && (SOC <=SOCmin+SOCth)],"230,232",2,decision,0,NaN
4,Dead-NoCharge,36,TransitionConditionOperator,stateMachine/Chart,[(Fuel<fuelMin+fuelHys) && (SOC <=SOCmin+SOCth)],"230,232",2,decision,1,NaN
5,Dead-Combined,36,TransitionConditionOperator,stateMachine/Chart,[(Fuel<fuelMin+fuelHys) && (SOC <=SOCmin+SOCth)],"230,232",2,decision,1,NaN
6,NoCharge-DEAD,36,TransitionConditionOperator,stateMachine/Chart,[(Fuel<fuelMin+fuelHys) && (SOC <=SOCmin+SOCth)],"230,232",2,decision,1,NaN
7,NoCharge-Regen,36,TransitionConditionOperator,stateMachine/Chart,[(Fuel<fuelMin+fuelHys) && (SOC <=SOCmin+SOCth)],"230,232",2,decision,1,NaN
8,NoCharge-ED,36,TransitionConditionOperator,stateMachine/Chart,[(Fuel<fuelMin+fuelHys) && (SOC <=SOCmin+SOCth)],"230,232",2,decision,1,NaN
9,NoCharge-Combined,36,TransitionConditionOperator,stateMachine/Chart,[(Fuel<fuelMin+fuelHys) && (SOC <=SOCmin+SOCth)],"230,232",2,decision,1,NaN
10,NoCharge-NoCharge,36,TransitionConditionOperator,stateMachine/Chart,[(Fuel<fuelMin+fuelHys) && (SOC <=SOCmin+SOCth)],"230,232",2,decision,1,NaN
11,ED-ED,36,TransitionConditionOperator,stateMachine/Chart,[(Fuel<fuelMin+fuelHys) && (SOC <=SOCmin+SOCth)],"230,232",2,decision,0,NaN
12,ED-Regen,36,TransitionConditionOperator,stateMachine/Chart,[(Fuel<fuelMin+fuelHys) && (SOC <=SOCmin+SOCth)],"230,232",2,decision,0,NaN
13,ED-DEAD,36,TransitionConditionOperator,stateMachine/Chart,[(Fuel<fuelMin+fuelHys) && (SOC <=SOCmin+SOCth)],"230,232",2,decision,0,NaN
14,ED-NoCharge,36,TransitionConditionOperator,stateMachine/Chart,[(Fuel<fuelMin+fuelHys) && (SOC <=SOCmin+SOCth)],"230,232",2,decision,1,NaN
15,ED-Combined,36,TransitionConditionOperator,stateMachine/Chart,[(Fuel<fuelMin+fuelHys) && (SOC <=SOCmin+SOCth)],"230,232",2,decision,1,NaN
16,Combined-Combined,36,TransitionConditionOperator,stateMachine/Chart,[(Fuel<fuelMin+fuelHys) && (SOC <=SOCmin+SOCth)],"230,232",2,decision,1,NaN
17,Combined-Regen,36,TransitionConditionOperator,stateMachine/Chart,[(Fuel<fuelMin+fuelHys) && (SOC <=SOCmin+SOCth)],"230,232",2,decision,1,NaN
18,Combined-DEAD,36,TransitionConditionOperator,stateMachine/Chart,[(Fuel<fuelMin+fuelHys) && (SOC <=SOCmin+SOCth)],"230,232",2,decision,1,NaN
19,Combined-ED,36,TransitionConditionOperator,stateMachine/Chart,[(Fuel<fuelMin+fuelHys) && (SOC <=SOCmin+SOCth)],"230,232",2,decision,1,NaN
20,Combined-NoCharge,36,TransitionConditionOperator,stateMachine/Chart,[(Fuel<fuelMin+fuelHys) && (SOC <=SOCmin+SOCth)],"230,232",2,decision,1,NaN
21,Regen-Regen,36,TransitionConditionOperator,stateMachine/Chart,[(Fuel<fuelMin+fuelHys) && (SOC <=SOCmin+SOCth)],"230,232",2,decision,0,NaN
22,Regen-DEAD,36,TransitionConditionOperator,stateMachine/Chart,[(Fuel<fuelMin+fuelHys) && (SOC <=SOCmin+SOCth)],"230,232",2,decision,0,NaN
23,Regen-ED,36,TransitionConditionOperator,stateMachine/Chart,[(Fuel<fuelMin+fuelHys) && (SOC <=SOCmin+SOCth)],"230,232",2,decision,0,NaN
24,Regen-NoCharge,36,TransitionConditionOperator,stateMachine/Chart,[(Fuel<fuelMin+fuelHys) && (SOC <=SOCmin+SOCth)],"230,232",2,decision,1,NaN
25,Regen-Combined,36,TransitionConditionOperator,stateMachine/Chart,[(Fuel<fuelMin+fuelHys) && (SOC <=SOCmin+SOCth)],"230,232",2,decision,1,NaN
1,Dead-Dead,37,TransitionConditionOperator,stateMachine/Chart,[(Fuel<fuelMin+fuelHys) && (SOC <=SOCmin+SOCth)],"230,232",2,decision,0,NaN
2,Dead-Regen,37,TransitionConditionOperator,stateMachine/Chart,[(Fuel<fuelMin+fuelHys) && (SOC <=SOCmin+SOCth)],"230,232",2,decision,0,NaN
3,Dead-ED,37,TransitionConditionOperator,stateMachine/Chart,[(Fuel<fuelMin+fuelHys) && (SOC <=SOCmin+SOCth)],"230,232",2,decision,0,NaN
4,Dead-NoCharge,37,TransitionConditionOperator,stateMachine/Chart,[(Fuel<fuelMin+fuelHys) && (SOC <=SOCmin+SOCth)],"230,232",2,decision,1,NaN
5,Dead-Combined,37,TransitionConditionOperator,stateMachine/Chart,[(Fuel<fuelMin+fuelHys) && (SOC <=SOCmin+SOCth)],"230,232",2,decision,1,NaN
6,NoCharge-DEAD,37,TransitionConditionOperator,stateMachine/Chart,[(Fuel<fuelMin+fuelHys) && (SOC <=SOCmin+SOCth)],"230,232",2,decision,1,NaN
7,NoCharge-Regen,37,TransitionConditionOperator,stateMachine/Chart,[(Fuel<fuelMin+fuelHys) && (SOC <=SOCmin+SOCth)],"230,232",2,decision,1,NaN
8,NoCharge-ED,37,TransitionConditionOperator,stateMachine/Chart,[(Fuel<fuelMin+fuelHys) && (SOC <=SOCmin+SOCth)],"230,232",2,decision,1,NaN
9,NoCharge-Combined,37,TransitionConditionOperator,stateMachine/Chart,[(Fuel<fuelMin+fuelHys) && (SOC <=SOCmin+SOCth)],"230,232",2,decision,1,NaN
10,NoCharge-NoCharge,37,TransitionConditionOperator,stateMachine/Chart,[(Fuel<fuelMin+fuelHys) && (SOC <=SOCmin+SOCth)],"230,232",2,decision,1,NaN
11,ED-ED,37,TransitionConditionOperator,stateMachine/Chart,[(Fuel<fuelMin+fuelHys) && (SOC <=SOCmin+SOCth)],"230,232",2,decision,0,NaN
12,ED-Regen,37,TransitionConditionOperator,stateMachine/Chart,[(Fuel<fuelMin+fuelHys) && (SOC <=SOCmin+SOCth)],"230,232",2,decision,0,NaN
13,ED-DEAD,37,TransitionConditionOperator,stateMachine/Chart,[(Fuel<fuelMin+fuelHys) && (SOC <=SOCmin+SOCth)],"230,232",2,decision,0,NaN
14,ED-NoCharge,37,TransitionConditionOperator,stateMachine/Chart,[(Fuel<fuelMin+fuelHys) && (SOC <=SOCmin+SOCth)],"230,232",2,decision,1,NaN
15,ED-Combined,37,TransitionConditionOperator,stateMachine/Chart,[(Fuel<fuelMin+fuelHys) && (SOC <=SOCmin+SOCth)],"230,232",2,decision,1,NaN
16,Combined-Combined,37,TransitionConditionOperator,stateMachine/Chart,[(Fuel<fuelMin+fuelHys) && (SOC <=SOCmin+SOCth)],"230,232",2,decision,1,NaN
17,Combined-Regen,37,TransitionConditionOperator,stateMachine/Chart,[(Fuel<fuelMin+fuelHys) && (SOC <=SOCmin+SOCth)],"230,232",2,decision,1,NaN
18,Combined-DEAD,37,TransitionConditionOperator,stateMachine/Chart,[(Fuel<fuelMin+fuelHys) && (SOC <=SOCmin+SOCth)],"230,232",2,decision,1,NaN
19,Combined-ED,37,TransitionConditionOperator,stateMachine/Chart,[(Fuel<fuelMin+fuelHys) && (SOC <=SOCmin+SOCth)],"230,232",2,decision,1,NaN
20,Combined-NoCharge,37,TransitionConditionOperator,stateMachine/Chart,[(Fuel<fuelMin+fuelHys) && (SOC <=SOCmin+SOCth)],"230,232",2,decision,1,NaN
21,Regen-Regen,37,TransitionConditionOperator,stateMachine/Chart,[(Fuel<fuelMin+fuelHys) && (SOC <=SOCmin+SOCth)],"230,232",2,decision,0,NaN
22,Regen-DEAD,37,TransitionConditionOperator,stateMachine/Chart,[(Fuel<fuelMin+fuelHys) && (SOC <=SOCmin+SOCth)],"230,232",2,decision,0,NaN
23,Regen-ED,37,TransitionConditionOperator,stateMachine/Chart,[(Fuel<fuelMin+fuelHys) && (SOC <=SOCmin+SOCth)],"230,232",2,decision,0,NaN
24,Regen-NoCharge,37,TransitionConditionOperator,stateMachine/Chart,[(Fuel<fuelMin+fuelHys) && (SOC <=SOCmin+SOCth)],"230,232",2,decision,1,NaN
25,Regen-Combined,37,TransitionConditionOperator,stateMachine/Chart,[(Fuel<fuelMin+fuelHys) && (SOC <=SOCmin+SOCth)],"230,232",2,decision,1,NaN
1,Dead-Dead,38,TransitionConditionOperator,stateMachine/Chart,[(Fuel<fuelMin+fuelHys) && (SOC <=SOCmin+SOCth)],"230,232",2,decision,0,NaN
2,Dead-Regen,38,TransitionConditionOperator,stateMachine/Chart,[(Fuel<fuelMin+fuelHys) && (SOC <=SOCmin+SOCth)],"230,232",2,decision,0,NaN
3,Dead-ED,38,TransitionConditionOperator,stateMachine/Chart,[(Fuel<fuelMin+fuelHys) && (SOC <=SOCmin+SOCth)],"230,232",2,decision,0,NaN
4,Dead-NoCharge,38,TransitionConditionOperator,stateMachine/Chart,[(Fuel<fuelMin+fuelHys) && (SOC <=SOCmin+SOCth)],"230,232",2,decision,1,NaN
5,Dead-Combined,38,TransitionConditionOperator,stateMachine/Chart,[(Fuel<fuelMin+fuelHys) && (SOC <=SOCmin+SOCth)],"230,232",2,decision,1,NaN
6,NoCharge-DEAD,38,TransitionConditionOperator,stateMachine/Chart,[(Fuel<fuelMin+fuelHys) && (SOC <=SOCmin+SOCth)],"230,232",2,decision,1,NaN
7,NoCharge-Regen,38,TransitionConditionOperator,stateMachine/Chart,[(Fuel<fuelMin+fuelHys) && (SOC <=SOCmin+SOCth)],"230,232",2,decision,1,NaN
8,NoCharge-ED,38,TransitionConditionOperator,stateMachine/Chart,[(Fuel<fuelMin+fuelHys) && (SOC <=SOCmin+SOCth)],"230,232",2,decision,1,NaN
9,NoCharge-Combined,38,TransitionConditionOperator,stateMachine/Chart,[(Fuel<fuelMin+fuelHys) && (SOC <=SOCmin+SOCth)],"230,232",2,decision,1,NaN
10,NoCharge-NoCharge,38,TransitionConditionOperator,stateMachine/Chart,[(Fuel<fuelMin+fuelHys) && (SOC <=SOCmin+SOCth)],"230,232",2,decision,1,NaN
11,ED-ED,38,TransitionConditionOperator,stateMachine/Chart,[(Fuel<fuelMin+fuelHys) && (SOC <=SOCmin+SOCth)],"230,232",2,decision,0,NaN
12,ED-Regen,38,TransitionConditionOperator,stateMachine/Chart,[(Fuel<fuelMin+fuelHys) && (SOC <=SOCmin+SOCth)],"230,232",2,decision,0,NaN
13,ED-DEAD,38,TransitionConditionOperator,stateMachine/Chart,[(Fuel<fuelMin+fuelHys) && (SOC <=SOCmin+SOCth)],"230,232",2,decision,0,NaN
14,ED-NoCharge,38,TransitionConditionOperator,stateMachine/Chart,[(Fuel<fuelMin+fuelHys) && (SOC <=SOCmin+SOCth)],"230,232",2,decision,1,NaN
15,ED-Combined,38,TransitionConditionOperator,stateMachine/Chart,[(Fuel<fuelMin+fuelHys) && (SOC <=SOCmin+SOCth)],"230,232",2,decision,1,NaN
16,Combined-Combined,38,TransitionConditionOperator,stateMachine/Chart,[(Fuel<fuelMin+fuelHys) && (SOC <=SOCmin+SOCth)],"230,232",2,decision,1,NaN
17,Combined-Regen,38,TransitionConditionOperator,stateMachine/Chart,[(Fuel<fuelMin+fuelHys) && (SOC <=SOCmin+SOCth)],"230,232",2,decision,1,NaN
18,Combined-DEAD,38,TransitionConditionOperator,stateMachine/Chart,[(Fuel<fuelMin+fuelHys) && (SOC <=SOCmin+SOCth)],"230,232",2,decision,1,NaN
19,Combined-ED,38,TransitionConditionOperator,stateMachine/Chart,[(Fuel<fuelMin+fuelHys) && (SOC <=SOCmin+SOCth)],"230,232",2,decision,1,NaN
20,Combined-NoCharge,38,TransitionConditionOperator,stateMachine/Chart,[(Fuel<fuelMin+fuelHys) && (SOC <=SOCmin+SOCth)],"230,232",2,decision,1,NaN
21,Regen-Regen,38,TransitionConditionOperator,stateMachine/Chart,[(Fuel<fuelMin+fuelHys) && (SOC <=SOCmin+SOCth)],"230,232",2,decision,0,NaN
22,Regen-DEAD,38,TransitionConditionOperator,stateMachine/Chart,[(Fuel<fuelMin+fuelHys) && (SOC <=SOCmin+SOCth)],"230,232",2,decision,0,NaN
23,Regen-ED,38,TransitionConditionOperator,stateMachine/Chart,[(Fuel<fuelMin+fuelHys) && (SOC <=SOCmin+SOCth)],"230,232",2,decision,0,NaN
24,Regen-NoCharge,38,TransitionConditionOperator,stateMachine/Chart,[(Fuel<fuelMin+fuelHys) && (SOC <=SOCmin+SOCth)],"230,232",2,decision,1,NaN
25,Regen-Combined,38,TransitionConditionOperator,stateMachine/Chart,[(Fuel<fuelMin+fuelHys) && (SOC <=SOCmin+SOCth)],"230,232",2,decision,1,NaN
1,Dead-Dead,39,TransitionConditionOperator,stateMachine/Chart,[(Fuel<fuelMin+fuelHys) && (SOC <=SOCmin+SOCth)],"230,232",2,decision,0,NaN
2,Dead-Regen,39,TransitionConditionOperator,stateMachine/Chart,[(Fuel<fuelMin+fuelHys) && (SOC <=SOCmin+SOCth)],"230,232",2,decision,0,NaN
3,Dead-ED,39,TransitionConditionOperator,stateMachine/Chart,[(Fuel<fuelMin+fuelHys) && (SOC <=SOCmin+SOCth)],"230,232",2,decision,0,NaN
4,Dead-NoCharge,39,TransitionConditionOperator,stateMachine/Chart,[(Fuel<fuelMin+fuelHys) && (SOC <=SOCmin+SOCth)],"230,232",2,decision,1,NaN
5,Dead-Combined,39,TransitionConditionOperator,stateMachine/Chart,[(Fuel<fuelMin+fuelHys) && (SOC <=SOCmin+SOCth)],"230,232",2,decision,1,NaN
6,NoCharge-DEAD,39,TransitionConditionOperator,stateMachine/Chart,[(Fuel<fuelMin+fuelHys) && (SOC <=SOCmin+SOCth)],"230,232",2,decision,1,NaN
7,NoCharge-Regen,39,TransitionConditionOperator,stateMachine/Chart,[(Fuel<fuelMin+fuelHys) && (SOC <=SOCmin+SOCth)],"230,232",2,decision,1,NaN
8,NoCharge-ED,39,TransitionConditionOperator,stateMachine/Chart,[(Fuel<fuelMin+fuelHys) && (SOC <=SOCmin+SOCth)],"230,232",2,decision,1,NaN
9,NoCharge-Combined,39,TransitionConditionOperator,stateMachine/Chart,[(Fuel<fuelMin+fuelHys) && (SOC <=SOCmin+SOCth)],"230,232",2,decision,1,NaN
10,NoCharge-NoCharge,39,TransitionConditionOperator,stateMachine/Chart,[(Fuel<fuelMin+fuelHys) && (SOC <=SOCmin+SOCth)],"230,232",2,decision,1,NaN
11,ED-ED,39,TransitionConditionOperator,stateMachine/Chart,[(Fuel<fuelMin+fuelHys) && (SOC <=SOCmin+SOCth)],"230,232",2,decision,0,NaN
12,ED-Regen,39,TransitionConditionOperator,stateMachine/Chart,[(Fuel<fuelMin+fuelHys) && (SOC <=SOCmin+SOCth)],"230,232",2,decision,0,NaN
13,ED-DEAD,39,TransitionConditionOperator,stateMachine/Chart,[(Fuel<fuelMin+fuelHys) && (SOC <=SOCmin+SOCth)],"230,232",2,decision,0,NaN
14,ED-NoCharge,39,TransitionConditionOperator,stateMachine/Chart,[(Fuel<fuelMin+fuelHys) && (SOC <=SOCmin+SOCth)],"230,232",2,decision,1,NaN
15,ED-Combined,39,TransitionConditionOperator,stateMachine/Chart,[(Fuel<fuelMin+fuelHys) && (SOC <=SOCmin+SOCth)],"230,232",2,decision,1,NaN
16,Combined-Combined,39,TransitionConditionOperator,stateMachine/Chart,[(Fuel<fuelMin+fuelHys) && (SOC <=SOCmin+SOCth)],"230,232",2,decision,1,NaN
17,Combined-Regen,39,TransitionConditionOperator,stateMachine/Chart,[(Fuel<fuelMin+fuelHys) && (SOC <=SOCmin+SOCth)],"230,232",2,decision,1,NaN
18,Combined-DEAD,39,TransitionConditionOperator,stateMachine/Chart,[(Fuel<fuelMin+fuelHys) && (SOC <=SOCmin+SOCth)],"230,232",2,decision,1,NaN
19,Combined-ED,39,TransitionConditionOperator,stateMachine/Chart,[(Fuel<fuelMin+fuelHys) && (SOC <=SOCmin+SOCth)],"230,232",2,decision,1,NaN
20,Combined-NoCharge,39,TransitionConditionOperator,stateMachine/Chart,[(Fuel<fuelMin+fuelHys) && (SOC <=SOCmin+SOCth)],"230,232",2,decision,1,NaN
21,Regen-Regen,39,TransitionConditionOperator,stateMachine/Chart,[(Fuel<fuelMin+fuelHys) && (SOC <=SOCmin+SOCth)],"230,232",2,decision,0,NaN
22,Regen-DEAD,39,TransitionConditionOperator,stateMachine/Chart,[(Fuel<fuelMin+fuelHys) && (SOC <=SOCmin+SOCth)],"230,232",2,decision,0,NaN
23,Regen-ED,39,TransitionConditionOperator,stateMachine/Chart,[(Fuel<fuelMin+fuelHys) && (SOC <=SOCmin+SOCth)],"230,232",2,decision,0,NaN
24,Regen-NoCharge,39,TransitionConditionOperator,stateMachine/Chart,[(Fuel<fuelMin+fuelHys) && (SOC <=SOCmin+SOCth)],"230,232",2,decision,1,NaN
25,Regen-Combined,39,TransitionConditionOperator,stateMachine/Chart,[(Fuel<fuelMin+fuelHys) && (SOC <=SOCmin+SOCth)],"230,232",2,decision,1,NaN
1,Dead-Dead,40,TransitionConditionOperator,stateMachine/Chart,[(Fuel<fuelMin+fuelHys) && (SOC <=SOCmin+SOCth)],"230,232",2,decision,0,NaN
2,Dead-Regen,40,TransitionConditionOperator,stateMachine/Chart,[(Fuel<fuelMin+fuelHys) && (SOC <=SOCmin+SOCth)],"230,232",2,decision,0,NaN
3,Dead-ED,40,TransitionConditionOperator,stateMachine/Chart,[(Fuel<fuelMin+fuelHys) && (SOC <=SOCmin+SOCth)],"230,232",2,decision,0,NaN
4,Dead-NoCharge,40,TransitionConditionOperator,stateMachine/Chart,[(Fuel<fuelMin+fuelHys) && (SOC <=SOCmin+SOCth)],"230,232",2,decision,1,NaN
5,Dead-Combined,40,TransitionConditionOperator,stateMachine/Chart,[(Fuel<fuelMin+fuelHys) && (SOC <=SOCmin+SOCth)],"230,232",2,decision,1,NaN
6,NoCharge-DEAD,40,TransitionConditionOperator,stateMachine/Chart,[(Fuel<fuelMin+fuelHys) && (SOC <=SOCmin+SOCth)],"230,232",2,decision,1,NaN
7,NoCharge-Regen,40,TransitionConditionOperator,stateMachine/Chart,[(Fuel<fuelMin+fuelHys) && (SOC <=SOCmin+SOCth)],"230,232",2,decision,1,NaN
8,NoCharge-ED,40,TransitionConditionOperator,stateMachine/Chart,[(Fuel<fuelMin+fuelHys) && (SOC <=SOCmin+SOCth)],"230,232",2,decision,1,NaN
9,NoCharge-Combined,40,TransitionConditionOperator,stateMachine/Chart,[(Fuel<fuelMin+fuelHys) && (SOC <=SOCmin+SOCth)],"230,232",2,decision,1,NaN
10,NoCharge-NoCharge,40,TransitionConditionOperator,stateMachine/Chart,[(Fuel<fuelMin+fuelHys) && (SOC <=SOCmin+SOCth)],"230,232",2,decision,1,NaN
11,ED-ED,40,TransitionConditionOperator,stateMachine/Chart,[(Fuel<fuelMin+fuelHys) && (SOC <=SOCmin+SOCth)],"230,232",2,decision,0,NaN
12,ED-Regen,40,TransitionConditionOperator,stateMachine/Chart,[(Fuel<fuelMin+fuelHys) && (SOC <=SOCmin+SOCth)],"230,232",2,decision,0,NaN
13,ED-DEAD,40,TransitionConditionOperator,stateMachine/Chart,[(Fuel<fuelMin+fuelHys) && (SOC <=SOCmin+SOCth)],"230,232",2,decision,0,NaN
14,ED-NoCharge,40,TransitionConditionOperator,stateMachine/Chart,[(Fuel<fuelMin+fuelHys) && (SOC <=SOCmin+SOCth)],"230,232",2,decision,1,NaN
15,ED-Combined,40,TransitionConditionOperator,stateMachine/Chart,[(Fuel<fuelMin+fuelHys) && (SOC <=SOCmin+SOCth)],"230,232",2,decision,1,NaN
16,Combined-Combined,40,TransitionConditionOperator,stateMachine/Chart,[(Fuel<fuelMin+fuelHys) && (SOC <=SOCmin+SOCth)],"230,232",2,decision,1,NaN
17,Combined-Regen,40,TransitionConditionOperator,stateMachine/Chart,[(Fuel<fuelMin+fuelHys) && (SOC <=SOCmin+SOCth)],"230,232",2,decision,1,NaN
18,Combined-DEAD,40,TransitionConditionOperator,stateMachine/Chart,[(Fuel<fuelMin+fuelHys) && (SOC <=SOCmin+SOCth)],"230,232",2,decision,1,NaN
19,Combined-ED,40,TransitionConditionOperator,stateMachine/Chart,[(Fuel<fuelMin+fuelHys) && (SOC <=SOCmin+SOCth)],"230,232",2,decision,1,NaN
20,Combined-NoCharge,40,TransitionConditionOperator,stateMachine/Chart,[(Fuel<fuelMin+fuelHys) && (SOC <=SOCmin+SOCth)],"230,232",2,decision,1,NaN
21,Regen-Regen,40,TransitionConditionOperator,stateMachine/Chart,[(Fuel<fuelMin+fuelHys) && (SOC <=SOCmin+SOCth)],"230,232",2,decision,0,NaN
22,Regen-DEAD,40,TransitionConditionOperator,stateMachine/Chart,[(Fuel<fuelMin+fuelHys) && (SOC <=SOCmin+SOCth)],"230,232",2,decision,0,NaN
23,Regen-ED,40,TransitionConditionOperator,stateMachine/Chart,[(Fuel<fuelMin+fuelHys) && (SOC <=SOCmin+SOCth)],"230,232",2,decision,0,NaN
24,Regen-NoCharge,40,TransitionConditionOperator,stateMachine/Chart,[(Fuel<fuelMin+fuelHys) && (SOC <=SOCmin+SOCth)],"230,232",2,decision,1,NaN
25,Regen-Combined,40,TransitionConditionOperator,stateMachine/Chart,[(Fuel<fuelMin+fuelHys) && (SOC <=SOCmin+SOCth)],"230,232",2,decision,1,NaN
1,Dead-Dead,41,TransitionConditionOperator,stateMachine/Chart,[(Fuel<fuelMin+fuelHys) && (SOC <=SOCmin+SOCth)],"230,232",2,decision,0,NaN
2,Dead-Regen,41,TransitionConditionOperator,stateMachine/Chart,[(Fuel<fuelMin+fuelHys) && (SOC <=SOCmin+SOCth)],"230,232",2,decision,0,NaN
3,Dead-ED,41,TransitionConditionOperator,stateMachine/Chart,[(Fuel<fuelMin+fuelHys) && (SOC <=SOCmin+SOCth)],"230,232",2,decision,0,NaN
4,Dead-NoCharge,41,TransitionConditionOperator,stateMachine/Chart,[(Fuel<fuelMin+fuelHys) && (SOC <=SOCmin+SOCth)],"230,232",2,decision,1,NaN
5,Dead-Combined,41,TransitionConditionOperator,stateMachine/Chart,[(Fuel<fuelMin+fuelHys) && (SOC <=SOCmin+SOCth)],"230,232",2,decision,1,NaN
6,NoCharge-DEAD,41,TransitionConditionOperator,stateMachine/Chart,[(Fuel<fuelMin+fuelHys) && (SOC <=SOCmin+SOCth)],"230,232",2,decision,1,NaN
7,NoCharge-Regen,41,TransitionConditionOperator,stateMachine/Chart,[(Fuel<fuelMin+fuelHys) && (SOC <=SOCmin+SOCth)],"230,232",2,decision,1,NaN
8,NoCharge-ED,41,TransitionConditionOperator,stateMachine/Chart,[(Fuel<fuelMin+fuelHys) && (SOC <=SOCmin+SOCth)],"230,232",2,decision,1,NaN
9,NoCharge-Combined,41,TransitionConditionOperator,stateMachine/Chart,[(Fuel<fuelMin+fuelHys) && (SOC <=SOCmin+SOCth)],"230,232",2,decision,1,NaN
10,NoCharge-NoCharge,41,TransitionConditionOperator,stateMachine/Chart,[(Fuel<fuelMin+fuelHys) && (SOC <=SOCmin+SOCth)],"230,232",2,decision,1,NaN
11,ED-ED,41,TransitionConditionOperator,stateMachine/Chart,[(Fuel<fuelMin+fuelHys) && (SOC <=SOCmin+SOCth)],"230,232",2,decision,0,NaN
12,ED-Regen,41,TransitionConditionOperator,stateMachine/Chart,[(Fuel<fuelMin+fuelHys) && (SOC <=SOCmin+SOCth)],"230,232",2,decision,0,NaN
13,ED-DEAD,41,TransitionConditionOperator,stateMachine/Chart,[(Fuel<fuelMin+fuelHys) && (SOC <=SOCmin+SOCth)],"230,232",2,decision,0,NaN
14,ED-NoCharge,41,TransitionConditionOperator,stateMachine/Chart,[(Fuel<fuelMin+fuelHys) && (SOC <=SOCmin+SOCth)],"230,232",2,decision,1,NaN
15,ED-Combined,41,TransitionConditionOperator,stateMachine/Chart,[(Fuel<fuelMin+fuelHys) && (SOC <=SOCmin+SOCth)],"230,232",2,decision,1,NaN
16,Combined-Combined,41,TransitionConditionOperator,stateMachine/Chart,[(Fuel<fuelMin+fuelHys) && (SOC <=SOCmin+SOCth)],"230,232",2,decision,1,NaN
17,Combined-Regen,41,TransitionConditionOperator,stateMachine/Chart,[(Fuel<fuelMin+fuelHys) && (SOC <=SOCmin+SOCth)],"230,232",2,decision,1,NaN
18,Combined-DEAD,41,TransitionConditionOperator,stateMachine/Chart,[(Fuel<fuelMin+fuelHys) && (SOC <=SOCmin+SOCth)],"230,232",2,decision,1,NaN
19,Combined-ED,41,TransitionConditionOperator,stateMachine/Chart,[(Fuel<fuelMin+fuelHys) && (SOC <=SOCmin+SOCth)],"230,232",2,decision,1,NaN
20,Combined-NoCharge,41,TransitionConditionOperator,stateMachine/Chart,[(Fuel<fuelMin+fuelHys) && (SOC <=SOCmin+SOCth)],"230,232",2,decision,1,NaN
21,Regen-Regen,41,TransitionConditionOperator,stateMachine/Chart,[(Fuel<fuelMin+fuelHys) && (SOC <=SOCmin+SOCth)],"230,232",2,decision,0,NaN
22,Regen-DEAD,41,TransitionConditionOperator,stateMachine/Chart,[(Fuel<fuelMin+fuelHys) && (SOC <=SOCmin+SOCth)],"230,232",2,decision,0,NaN
23,Regen-ED,41,TransitionConditionOperator,stateMachine/Chart,[(Fuel<fuelMin+fuelHys) && (SOC <=SOCmin+SOCth)],"230,232",2,decision,0,NaN
24,Regen-NoCharge,41,TransitionConditionOperator,stateMachine/Chart,[(Fuel<fuelMin+fuelHys) && (SOC <=SOCmin+SOCth)],"230,232",2,decision,1,NaN
25,Regen-Combined,41,TransitionConditionOperator,stateMachine/Chart,[(Fuel<fuelMin+fuelHys) && (SOC <=SOCmin+SOCth)],"230,232",2,decision,1,NaN
1,Dead-Dead,42,TransitionConditionOperator,stateMachine/Chart,[(Fuel<fuelMin+fuelHys) && (SOC <=SOCmin+SOCth)],"230,232",2,decision,0,NaN
2,Dead-Regen,42,TransitionConditionOperator,stateMachine/Chart,[(Fuel<fuelMin+fuelHys) && (SOC <=SOCmin+SOCth)],"230,232",2,decision,0,NaN
3,Dead-ED,42,TransitionConditionOperator,stateMachine/Chart,[(Fuel<fuelMin+fuelHys) && (SOC <=SOCmin+SOCth)],"230,232",2,decision,0,NaN
4,Dead-NoCharge,42,TransitionConditionOperator,stateMachine/Chart,[(Fuel<fuelMin+fuelHys) && (SOC <=SOCmin+SOCth)],"230,232",2,decision,1,NaN
5,Dead-Combined,42,TransitionConditionOperator,stateMachine/Chart,[(Fuel<fuelMin+fuelHys) && (SOC <=SOCmin+SOCth)],"230,232",2,decision,1,NaN
6,NoCharge-DEAD,42,TransitionConditionOperator,stateMachine/Chart,[(Fuel<fuelMin+fuelHys) && (SOC <=SOCmin+SOCth)],"230,232",2,decision,1,NaN
7,NoCharge-Regen,42,TransitionConditionOperator,stateMachine/Chart,[(Fuel<fuelMin+fuelHys) && (SOC <=SOCmin+SOCth)],"230,232",2,decision,1,NaN
8,NoCharge-ED,42,TransitionConditionOperator,stateMachine/Chart,[(Fuel<fuelMin+fuelHys) && (SOC <=SOCmin+SOCth)],"230,232",2,decision,1,NaN
9,NoCharge-Combined,42,TransitionConditionOperator,stateMachine/Chart,[(Fuel<fuelMin+fuelHys) && (SOC <=SOCmin+SOCth)],"230,232",2,decision,1,NaN
10,NoCharge-NoCharge,42,TransitionConditionOperator,stateMachine/Chart,[(Fuel<fuelMin+fuelHys) && (SOC <=SOCmin+SOCth)],"230,232",2,decision,1,NaN
11,ED-ED,42,TransitionConditionOperator,stateMachine/Chart,[(Fuel<fuelMin+fuelHys) && (SOC <=SOCmin+SOCth)],"230,232",2,decision,0,NaN
12,ED-Regen,42,TransitionConditionOperator,stateMachine/Chart,[(Fuel<fuelMin+fuelHys) && (SOC <=SOCmin+SOCth)],"230,232",2,decision,0,NaN
13,ED-DEAD,42,TransitionConditionOperator,stateMachine/Chart,[(Fuel<fuelMin+fuelHys) && (SOC <=SOCmin+SOCth)],"230,232",2,decision,0,NaN
14,ED-NoCharge,42,TransitionConditionOperator,stateMachine/Chart,[(Fuel<fuelMin+fuelHys) && (SOC <=SOCmin+SOCth)],"230,232",2,decision,1,NaN
15,ED-Combined,42,TransitionConditionOperator,stateMachine/Chart,[(Fuel<fuelMin+fuelHys) && (SOC <=SOCmin+SOCth)],"230,232",2,decision,1,NaN
16,Combined-Combined,42,TransitionConditionOperator,stateMachine/Chart,[(Fuel<fuelMin+fuelHys) && (SOC <=SOCmin+SOCth)],"230,232",2,decision,1,NaN
17,Combined-Regen,42,TransitionConditionOperator,stateMachine/Chart,[(Fuel<fuelMin+fuelHys) && (SOC <=SOCmin+SOCth)],"230,232",2,decision,1,NaN
18,Combined-DEAD,42,TransitionConditionOperator,stateMachine/Chart,[(Fuel<fuelMin+fuelHys) && (SOC <=SOCmin+SOCth)],"230,232",2,decision,1,NaN
19,Combined-ED,42,TransitionConditionOperator,stateMachine/Chart,[(Fuel<fuelMin+fuelHys) && (SOC <=SOCmin+SOCth)],"230,232",2,decision,1,NaN
20,Combined-NoCharge,42,TransitionConditionOperator,stateMachine/Chart,[(Fuel<fuelMin+fuelHys) && (SOC <=SOCmin+SOCth)],"230,232",2,decision,1,NaN
21,Regen-Regen,42,TransitionConditionOperator,stateMachine/Chart,[(Fuel<fuelMin+fuelHys) && (SOC <=SOCmin+SOCth)],"230,232",2,decision,0,NaN
22,Regen-DEAD,42,TransitionConditionOperator,stateMachine/Chart,[(Fuel<fuelMin+fuelHys) && (SOC <=SOCmin+SOCth)],"230,232",2,decision,0,NaN
23,Regen-ED,42,TransitionConditionOperator,stateMachine/Chart,[(Fuel<fuelMin+fuelHys) && (SOC <=SOCmin+SOCth)],"230,232",2,decision,0,NaN
24,Regen-NoCharge,42,TransitionConditionOperator,stateMachine/Chart,[(Fuel<fuelMin+fuelHys) && (SOC <=SOCmin+SOCth)],"230,232",2,decision,1,NaN
25,Regen-Combined,42,TransitionConditionOperator,stateMachine/Chart,[(Fuel<fuelMin+fuelHys) && (SOC <=SOCmin+SOCth)],"230,232",2,decision,1,NaN
1,Dead-Dead,43,TransitionConditionOperator,stateMachine/Chart,[(Fuel<fuelMin+fuelHys) && (SOC <=SOCmin+SOCth)],"230,232",2,decision,0,NaN
2,Dead-Regen,43,TransitionConditionOperator,stateMachine/Chart,[(Fuel<fuelMin+fuelHys) && (SOC <=SOCmin+SOCth)],"230,232",2,decision,0,NaN
3,Dead-ED,43,TransitionConditionOperator,stateMachine/Chart,[(Fuel<fuelMin+fuelHys) && (SOC <=SOCmin+SOCth)],"230,232",2,decision,0,NaN
4,Dead-NoCharge,43,TransitionConditionOperator,stateMachine/Chart,[(Fuel<fuelMin+fuelHys) && (SOC <=SOCmin+SOCth)],"230,232",2,decision,1,NaN
5,Dead-Combined,43,TransitionConditionOperator,stateMachine/Chart,[(Fuel<fuelMin+fuelHys) && (SOC <=SOCmin+SOCth)],"230,232",2,decision,1,NaN
6,NoCharge-DEAD,43,TransitionConditionOperator,stateMachine/Chart,[(Fuel<fuelMin+fuelHys) && (SOC <=SOCmin+SOCth)],"230,232",2,decision,1,NaN
7,NoCharge-Regen,43,TransitionConditionOperator,stateMachine/Chart,[(Fuel<fuelMin+fuelHys) && (SOC <=SOCmin+SOCth)],"230,232",2,decision,1,NaN
8,NoCharge-ED,43,TransitionConditionOperator,stateMachine/Chart,[(Fuel<fuelMin+fuelHys) && (SOC <=SOCmin+SOCth)],"230,232",2,decision,1,NaN
9,NoCharge-Combined,43,TransitionConditionOperator,stateMachine/Chart,[(Fuel<fuelMin+fuelHys) && (SOC <=SOCmin+SOCth)],"230,232",2,decision,1,NaN
10,NoCharge-NoCharge,43,TransitionConditionOperator,stateMachine/Chart,[(Fuel<fuelMin+fuelHys) && (SOC <=SOCmin+SOCth)],"230,232",2,decision,1,NaN
11,ED-ED,43,TransitionConditionOperator,stateMachine/Chart,[(Fuel<fuelMin+fuelHys) && (SOC <=SOCmin+SOCth)],"230,232",2,decision,0,NaN
12,ED-Regen,43,TransitionConditionOperator,stateMachine/Chart,[(Fuel<fuelMin+fuelHys) && (SOC <=SOCmin+SOCth)],"230,232",2,decision,0,NaN
13,ED-DEAD,43,TransitionConditionOperator,stateMachine/Chart,[(Fuel<fuelMin+fuelHys) && (SOC <=SOCmin+SOCth)],"230,232",2,decision,0,NaN
14,ED-NoCharge,43,TransitionConditionOperator,stateMachine/Chart,[(Fuel<fuelMin+fuelHys) && (SOC <=SOCmin+SOCth)],"230,232",2,decision,1,NaN
15,ED-Combined,43,TransitionConditionOperator,stateMachine/Chart,[(Fuel<fuelMin+fuelHys) && (SOC <=SOCmin+SOCth)],"230,232",2,decision,1,NaN
16,Combined-Combined,43,TransitionConditionOperator,stateMachine/Chart,[(Fuel<fuelMin+fuelHys) && (SOC <=SOCmin+SOCth)],"230,232",2,decision,1,NaN
17,Combined-Regen,43,TransitionConditionOperator,stateMachine/Chart,[(Fuel<fuelMin+fuelHys) && (SOC <=SOCmin+SOCth)],"230,232",2,decision,1,NaN
18,Combined-DEAD,43,TransitionConditionOperator,stateMachine/Chart,[(Fuel<fuelMin+fuelHys) && (SOC <=SOCmin+SOCth)],"230,232",2,decision,1,NaN
19,Combined-ED,43,TransitionConditionOperator,stateMachine/Chart,[(Fuel<fuelMin+fuelHys) && (SOC <=SOCmin+SOCth)],"230,232",2,decision,1,NaN
20,Combined-NoCharge,43,TransitionConditionOperator,stateMachine/Chart,[(Fuel<fuelMin+fuelHys) && (SOC <=SOCmin+SOCth)],"230,232",2,decision,1,NaN
21,Regen-Regen,43,TransitionConditionOperator,stateMachine/Chart,[(Fuel<fuelMin+fuelHys) && (SOC <=SOCmin+SOCth)],"230,232",2,decision,0,NaN
22,Regen-DEAD,43,TransitionConditionOperator,stateMachine/Chart,[(Fuel<fuelMin+fuelHys) && (SOC <=SOCmin+SOCth)],"230,232",2,decision,0,NaN
23,Regen-ED,43,TransitionConditionOperator,stateMachine/Chart,[(Fuel<fuelMin+fuelHys) && (SOC <=SOCmin+SOCth)],"230,232",2,decision,0,NaN
24,Regen-NoCharge,43,TransitionConditionOperator,stateMachine/Chart,[(Fuel<fuelMin+fuelHys) && (SOC <=SOCmin+SOCth)],"230,232",2,decision,1,NaN
25,Regen-Combined,43,TransitionConditionOperator,stateMachine/Chart,[(Fuel<fuelMin+fuelHys) && (SOC <=SOCmin+SOCth)],"230,232",2,decision,1,NaN
1,Dead-Dead,44,TransitionConditionOperator,stateMachine/Chart,[(Fuel<fuelMin+fuelHys) && (SOC <=SOCmin+SOCth)],"230,232",2,decision,0,NaN
2,Dead-Regen,44,TransitionConditionOperator,stateMachine/Chart,[(Fuel<fuelMin+fuelHys) && (SOC <=SOCmin+SOCth)],"230,232",2,decision,0,NaN
3,Dead-ED,44,TransitionConditionOperator,stateMachine/Chart,[(Fuel<fuelMin+fuelHys) && (SOC <=SOCmin+SOCth)],"230,232",2,decision,0,NaN
4,Dead-NoCharge,44,TransitionConditionOperator,stateMachine/Chart,[(Fuel<fuelMin+fuelHys) && (SOC <=SOCmin+SOCth)],"230,232",2,decision,1,NaN
5,Dead-Combined,44,TransitionConditionOperator,stateMachine/Chart,[(Fuel<fuelMin+fuelHys) && (SOC <=SOCmin+SOCth)],"230,232",2,decision,1,NaN
6,NoCharge-DEAD,44,TransitionConditionOperator,stateMachine/Chart,[(Fuel<fuelMin+fuelHys) && (SOC <=SOCmin+SOCth)],"230,232",2,decision,1,NaN
7,NoCharge-Regen,44,TransitionConditionOperator,stateMachine/Chart,[(Fuel<fuelMin+fuelHys) && (SOC <=SOCmin+SOCth)],"230,232",2,decision,1,NaN
8,NoCharge-ED,44,TransitionConditionOperator,stateMachine/Chart,[(Fuel<fuelMin+fuelHys) && (SOC <=SOCmin+SOCth)],"230,232",2,decision,1,NaN
9,NoCharge-Combined,44,TransitionConditionOperator,stateMachine/Chart,[(Fuel<fuelMin+fuelHys) && (SOC <=SOCmin+SOCth)],"230,232",2,decision,1,NaN
10,NoCharge-NoCharge,44,TransitionConditionOperator,stateMachine/Chart,[(Fuel<fuelMin+fuelHys) && (SOC <=SOCmin+SOCth)],"230,232",2,decision,1,NaN
11,ED-ED,44,TransitionConditionOperator,stateMachine/Chart,[(Fuel<fuelMin+fuelHys) && (SOC <=SOCmin+SOCth)],"230,232",2,decision,0,NaN
12,ED-Regen,44,TransitionConditionOperator,stateMachine/Chart,[(Fuel<fuelMin+fuelHys) && (SOC <=SOCmin+SOCth)],"230,232",2,decision,0,NaN
13,ED-DEAD,44,TransitionConditionOperator,stateMachine/Chart,[(Fuel<fuelMin+fuelHys) && (SOC <=SOCmin+SOCth)],"230,232",2,decision,0,NaN
14,ED-NoCharge,44,TransitionConditionOperator,stateMachine/Chart,[(Fuel<fuelMin+fuelHys) && (SOC <=SOCmin+SOCth)],"230,232",2,decision,1,NaN
15,ED-Combined,44,TransitionConditionOperator,stateMachine/Chart,[(Fuel<fuelMin+fuelHys) && (SOC <=SOCmin+SOCth)],"230,232",2,decision,1,NaN
16,Combined-Combined,44,TransitionConditionOperator,stateMachine/Chart,[(Fuel<fuelMin+fuelHys) && (SOC <=SOCmin+SOCth)],"230,232",2,decision,1,NaN
17,Combined-Regen,44,TransitionConditionOperator,stateMachine/Chart,[(Fuel<fuelMin+fuelHys) && (SOC <=SOCmin+SOCth)],"230,232",2,decision,1,NaN
18,Combined-DEAD,44,TransitionConditionOperator,stateMachine/Chart,[(Fuel<fuelMin+fuelHys) && (SOC <=SOCmin+SOCth)],"230,232",2,decision,1,NaN
19,Combined-ED,44,TransitionConditionOperator,stateMachine/Chart,[(Fuel<fuelMin+fuelHys) && (SOC <=SOCmin+SOCth)],"230,232",2,decision,1,NaN
20,Combined-NoCharge,44,TransitionConditionOperator,stateMachine/Chart,[(Fuel<fuelMin+fuelHys) && (SOC <=SOCmin+SOCth)],"230,232",2,decision,1,NaN
21,Regen-Regen,44,TransitionConditionOperator,stateMachine/Chart,[(Fuel<fuelMin+fuelHys) && (SOC <=SOCmin+SOCth)],"230,232",2,decision,0,NaN
22,Regen-DEAD,44,TransitionConditionOperator,stateMachine/Chart,[(Fuel<fuelMin+fuelHys) && (SOC <=SOCmin+SOCth)],"230,232",2,decision,0,NaN
23,Regen-ED,44,TransitionConditionOperator,stateMachine/Chart,[(Fuel<fuelMin+fuelHys) && (SOC <=SOCmin+SOCth)],"230,232",2,decision,0,NaN
24,Regen-NoCharge,44,TransitionConditionOperator,stateMachine/Chart,[(Fuel<fuelMin+fuelHys) && (SOC <=SOCmin+SOCth)],"230,232",2,decision,1,NaN
25,Regen-Combined,44,TransitionConditionOperator,stateMachine/Chart,[(Fuel<fuelMin+fuelHys) && (SOC <=SOCmin+SOCth)],"230,232",2,decision,1,NaN
1,Dead-Dead,45,TransitionConditionOperator,stateMachine/Chart,[(SOC > SOCmin+SOCth) && (Acc>maxAccICE || Acc>maxAccMGU) && (Fuel>fuelMin+fuelHys)],"233",1,decision,1,1
2,Dead-Regen,45,TransitionConditionOperator,stateMachine/Chart,[(SOC > SOCmin+SOCth) && (Acc>maxAccICE || Acc>maxAccMGU) && (Fuel>fuelMin+fuelHys)],"233",1,decision,1,1
3,Dead-ED,45,TransitionConditionOperator,stateMachine/Chart,[(SOC > SOCmin+SOCth) && (Acc>maxAccICE || Acc>maxAccMGU) && (Fuel>fuelMin+fuelHys)],"233",1,decision,1,1
4,Dead-NoCharge,45,TransitionConditionOperator,stateMachine/Chart,[(SOC > SOCmin+SOCth) && (Acc>maxAccICE || Acc>maxAccMGU) && (Fuel>fuelMin+fuelHys)],"233",1,decision,1,1
5,Dead-Combined,45,TransitionConditionOperator,stateMachine/Chart,[(SOC > SOCmin+SOCth) && (Acc>maxAccICE || Acc>maxAccMGU) && (Fuel>fuelMin+fuelHys)],"233",1,decision,1,1
6,NoCharge-DEAD,45,TransitionConditionOperator,stateMachine/Chart,[(SOC > SOCmin+SOCth) && (Acc>maxAccICE || Acc>maxAccMGU) && (Fuel>fuelMin+fuelHys)],"233",1,decision,1,1
7,NoCharge-Regen,45,TransitionConditionOperator,stateMachine/Chart,[(SOC > SOCmin+SOCth) && (Acc>maxAccICE || Acc>maxAccMGU) && (Fuel>fuelMin+fuelHys)],"233",1,decision,1,1
8,NoCharge-ED,45,TransitionConditionOperator,stateMachine/Chart,[(SOC > SOCmin+SOCth) && (Acc>maxAccICE || Acc>maxAccMGU) && (Fuel>fuelMin+fuelHys)],"233",1,decision,1,1
9,NoCharge-Combined,45,TransitionConditionOperator,stateMachine/Chart,[(SOC > SOCmin+SOCth) && (Acc>maxAccICE || Acc>maxAccMGU) && (Fuel>fuelMin+fuelHys)],"233",1,decision,1,1
10,NoCharge-NoCharge,45,TransitionConditionOperator,stateMachine/Chart,[(SOC > SOCmin+SOCth) && (Acc>maxAccICE || Acc>maxAccMGU) && (Fuel>fuelMin+fuelHys)],"233",1,decision,1,1
11,ED-ED,45,TransitionConditionOperator,stateMachine/Chart,[(SOC > SOCmin+SOCth) && (Acc>maxAccICE || Acc>maxAccMGU) && (Fuel>fuelMin+fuelHys)],"233",1,decision,1,1
12,ED-Regen,45,TransitionConditionOperator,stateMachine/Chart,[(SOC > SOCmin+SOCth) && (Acc>maxAccICE || Acc>maxAccMGU) && (Fuel>fuelMin+fuelHys)],"233",1,decision,1,1
13,ED-DEAD,45,TransitionConditionOperator,stateMachine/Chart,[(SOC > SOCmin+SOCth) && (Acc>maxAccICE || Acc>maxAccMGU) && (Fuel>fuelMin+fuelHys)],"233",1,decision,1,1
14,ED-NoCharge,45,TransitionConditionOperator,stateMachine/Chart,[(SOC > SOCmin+SOCth) && (Acc>maxAccICE || Acc>maxAccMGU) && (Fuel>fuelMin+fuelHys)],"233",1,decision,1,1
15,ED-Combined,45,TransitionConditionOperator,stateMachine/Chart,[(SOC > SOCmin+SOCth) && (Acc>maxAccICE || Acc>maxAccMGU) && (Fuel>fuelMin+fuelHys)],"233",1,decision,1,1
16,Combined-Combined,45,TransitionConditionOperator,stateMachine/Chart,[(SOC > SOCmin+SOCth) && (Acc>maxAccICE || Acc>maxAccMGU) && (Fuel>fuelMin+fuelHys)],"233",1,decision,1,1
17,Combined-Regen,45,TransitionConditionOperator,stateMachine/Chart,[(SOC > SOCmin+SOCth) && (Acc>maxAccICE || Acc>maxAccMGU) && (Fuel>fuelMin+fuelHys)],"233",1,decision,1,1
18,Combined-DEAD,45,TransitionConditionOperator,stateMachine/Chart,[(SOC > SOCmin+SOCth) && (Acc>maxAccICE || Acc>maxAccMGU) && (Fuel>fuelMin+fuelHys)],"233",1,decision,1,1
19,Combined-ED,45,TransitionConditionOperator,stateMachine/Chart,[(SOC > SOCmin+SOCth) && (Acc>maxAccICE || Acc>maxAccMGU) && (Fuel>fuelMin+fuelHys)],"233",1,decision,1,1
20,Combined-NoCharge,45,TransitionConditionOperator,stateMachine/Chart,[(SOC > SOCmin+SOCth) && (Acc>maxAccICE || Acc>maxAccMGU) && (Fuel>fuelMin+fuelHys)],"233",1,decision,1,1
21,Regen-Regen,45,TransitionConditionOperator,stateMachine/Chart,[(SOC > SOCmin+SOCth) && (Acc>maxAccICE || Acc>maxAccMGU) && (Fuel>fuelMin+fuelHys)],"233",1,decision,0,0
22,Regen-DEAD,45,TransitionConditionOperator,stateMachine/Chart,[(SOC > SOCmin+SOCth) && (Acc>maxAccICE || Acc>maxAccMGU) && (Fuel>fuelMin+fuelHys)],"233",1,decision,1,1
23,Regen-ED,45,TransitionConditionOperator,stateMachine/Chart,[(SOC > SOCmin+SOCth) && (Acc>maxAccICE || Acc>maxAccMGU) && (Fuel>fuelMin+fuelHys)],"233",1,decision,0,0
24,Regen-NoCharge,45,TransitionConditionOperator,stateMachine/Chart,[(SOC > SOCmin+SOCth) && (Acc>maxAccICE || Acc>maxAccMGU) && (Fuel>fuelMin+fuelHys)],"233",1,decision,0,0
25,Regen-Combined,45,TransitionConditionOperator,stateMachine/Chart,[(SOC > SOCmin+SOCth) && (Acc>maxAccICE || Acc>maxAccMGU) && (Fuel>fuelMin+fuelHys)],"233",1,decision,0,0
1,Dead-Dead,46,TransitionConditionOperator,stateMachine/Chart,[(SOC > SOCmin+SOCth) && (Acc>maxAccICE || Acc>maxAccMGU) && (Fuel>fuelMin+fuelHys)],"233",1,decision,1,1
2,Dead-Regen,46,TransitionConditionOperator,stateMachine/Chart,[(SOC > SOCmin+SOCth) && (Acc>maxAccICE || Acc>maxAccMGU) && (Fuel>fuelMin+fuelHys)],"233",1,decision,1,1
3,Dead-ED,46,TransitionConditionOperator,stateMachine/Chart,[(SOC > SOCmin+SOCth) && (Acc>maxAccICE || Acc>maxAccMGU) && (Fuel>fuelMin+fuelHys)],"233",1,decision,1,1
4,Dead-NoCharge,46,TransitionConditionOperator,stateMachine/Chart,[(SOC > SOCmin+SOCth) && (Acc>maxAccICE || Acc>maxAccMGU) && (Fuel>fuelMin+fuelHys)],"233",1,decision,1,1
5,Dead-Combined,46,TransitionConditionOperator,stateMachine/Chart,[(SOC > SOCmin+SOCth) && (Acc>maxAccICE || Acc>maxAccMGU) && (Fuel>fuelMin+fuelHys)],"233",1,decision,1,1
6,NoCharge-DEAD,46,TransitionConditionOperator,stateMachine/Chart,[(SOC > SOCmin+SOCth) && (Acc>maxAccICE || Acc>maxAccMGU) && (Fuel>fuelMin+fuelHys)],"233",1,decision,1,1
7,NoCharge-Regen,46,TransitionConditionOperator,stateMachine/Chart,[(SOC > SOCmin+SOCth) && (Acc>maxAccICE || Acc>maxAccMGU) && (Fuel>fuelMin+fuelHys)],"233",1,decision,1,1
8,NoCharge-ED,46,TransitionConditionOperator,stateMachine/Chart,[(SOC > SOCmin+SOCth) && (Acc>maxAccICE || Acc>maxAccMGU) && (Fuel>fuelMin+fuelHys)],"233",1,decision,1,1
9,NoCharge-Combined,46,TransitionConditionOperator,stateMachine/Chart,[(SOC > SOCmin+SOCth) && (Acc>maxAccICE || Acc>maxAccMGU) && (Fuel>fuelMin+fuelHys)],"233",1,decision,1,1
10,NoCharge-NoCharge,46,TransitionConditionOperator,stateMachine/Chart,[(SOC > SOCmin+SOCth) && (Acc>maxAccICE || Acc>maxAccMGU) && (Fuel>fuelMin+fuelHys)],"233",1,decision,1,1
11,ED-ED,46,TransitionConditionOperator,stateMachine/Chart,[(SOC > SOCmin+SOCth) && (Acc>maxAccICE || Acc>maxAccMGU) && (Fuel>fuelMin+fuelHys)],"233",1,decision,1,1
12,ED-Regen,46,TransitionConditionOperator,stateMachine/Chart,[(SOC > SOCmin+SOCth) && (Acc>maxAccICE || Acc>maxAccMGU) && (Fuel>fuelMin+fuelHys)],"233",1,decision,1,1
13,ED-DEAD,46,TransitionConditionOperator,stateMachine/Chart,[(SOC > SOCmin+SOCth) && (Acc>maxAccICE || Acc>maxAccMGU) && (Fuel>fuelMin+fuelHys)],"233",1,decision,1,1
14,ED-NoCharge,46,TransitionConditionOperator,stateMachine/Chart,[(SOC > SOCmin+SOCth) && (Acc>maxAccICE || Acc>maxAccMGU) && (Fuel>fuelMin+fuelHys)],"233",1,decision,1,1
15,ED-Combined,46,TransitionConditionOperator,stateMachine/Chart,[(SOC > SOCmin+SOCth) && (Acc>maxAccICE || Acc>maxAccMGU) && (Fuel>fuelMin+fuelHys)],"233",1,decision,1,1
16,Combined-Combined,46,TransitionConditionOperator,stateMachine/Chart,[(SOC > SOCmin+SOCth) && (Acc>maxAccICE || Acc>maxAccMGU) && (Fuel>fuelMin+fuelHys)],"233",1,decision,1,1
17,Combined-Regen,46,TransitionConditionOperator,stateMachine/Chart,[(SOC > SOCmin+SOCth) && (Acc>maxAccICE || Acc>maxAccMGU) && (Fuel>fuelMin+fuelHys)],"233",1,decision,1,1
18,Combined-DEAD,46,TransitionConditionOperator,stateMachine/Chart,[(SOC > SOCmin+SOCth) && (Acc>maxAccICE || Acc>maxAccMGU) && (Fuel>fuelMin+fuelHys)],"233",1,decision,1,1
19,Combined-ED,46,TransitionConditionOperator,stateMachine/Chart,[(SOC > SOCmin+SOCth) && (Acc>maxAccICE || Acc>maxAccMGU) && (Fuel>fuelMin+fuelHys)],"233",1,decision,1,1
20,Combined-NoCharge,46,TransitionConditionOperator,stateMachine/Chart,[(SOC > SOCmin+SOCth) && (Acc>maxAccICE || Acc>maxAccMGU) && (Fuel>fuelMin+fuelHys)],"233",1,decision,1,1
21,Regen-Regen,46,TransitionConditionOperator,stateMachine/Chart,[(SOC > SOCmin+SOCth) && (Acc>maxAccICE || Acc>maxAccMGU) && (Fuel>fuelMin+fuelHys)],"233",1,decision,0,0
22,Regen-DEAD,46,TransitionConditionOperator,stateMachine/Chart,[(SOC > SOCmin+SOCth) && (Acc>maxAccICE || Acc>maxAccMGU) && (Fuel>fuelMin+fuelHys)],"233",1,decision,1,1
23,Regen-ED,46,TransitionConditionOperator,stateMachine/Chart,[(SOC > SOCmin+SOCth) && (Acc>maxAccICE || Acc>maxAccMGU) && (Fuel>fuelMin+fuelHys)],"233",1,decision,0,0
24,Regen-NoCharge,46,TransitionConditionOperator,stateMachine/Chart,[(SOC > SOCmin+SOCth) && (Acc>maxAccICE || Acc>maxAccMGU) && (Fuel>fuelMin+fuelHys)],"233",1,decision,0,0
25,Regen-Combined,46,TransitionConditionOperator,stateMachine/Chart,[(SOC > SOCmin+SOCth) && (Acc>maxAccICE || Acc>maxAccMGU) && (Fuel>fuelMin+fuelHys)],"233",1,decision,0,0
1,Dead-Dead,47,TransitionConditionOperator,stateMachine/Chart,[(SOC > SOCmin+SOCth) && (Acc>maxAccICE || Acc>maxAccMGU) && (Fuel>fuelMin+fuelHys)],"233",1,decision,1,1
2,Dead-Regen,47,TransitionConditionOperator,stateMachine/Chart,[(SOC > SOCmin+SOCth) && (Acc>maxAccICE || Acc>maxAccMGU) && (Fuel>fuelMin+fuelHys)],"233",1,decision,1,1
3,Dead-ED,47,TransitionConditionOperator,stateMachine/Chart,[(SOC > SOCmin+SOCth) && (Acc>maxAccICE || Acc>maxAccMGU) && (Fuel>fuelMin+fuelHys)],"233",1,decision,1,1
4,Dead-NoCharge,47,TransitionConditionOperator,stateMachine/Chart,[(SOC > SOCmin+SOCth) && (Acc>maxAccICE || Acc>maxAccMGU) && (Fuel>fuelMin+fuelHys)],"233",1,decision,1,1
5,Dead-Combined,47,TransitionConditionOperator,stateMachine/Chart,[(SOC > SOCmin+SOCth) && (Acc>maxAccICE || Acc>maxAccMGU) && (Fuel>fuelMin+fuelHys)],"233",1,decision,1,1
6,NoCharge-DEAD,47,TransitionConditionOperator,stateMachine/Chart,[(SOC > SOCmin+SOCth) && (Acc>maxAccICE || Acc>maxAccMGU) && (Fuel>fuelMin+fuelHys)],"233",1,decision,1,1
7,NoCharge-Regen,47,TransitionConditionOperator,stateMachine/Chart,[(SOC > SOCmin+SOCth) && (Acc>maxAccICE || Acc>maxAccMGU) && (Fuel>fuelMin+fuelHys)],"233",1,decision,1,1
8,NoCharge-ED,47,TransitionConditionOperator,stateMachine/Chart,[(SOC > SOCmin+SOCth) && (Acc>maxAccICE || Acc>maxAccMGU) && (Fuel>fuelMin+fuelHys)],"233",1,decision,1,1
9,NoCharge-Combined,47,TransitionConditionOperator,stateMachine/Chart,[(SOC > SOCmin+SOCth) && (Acc>maxAccICE || Acc>maxAccMGU) && (Fuel>fuelMin+fuelHys)],"233",1,decision,1,1
10,NoCharge-NoCharge,47,TransitionConditionOperator,stateMachine/Chart,[(SOC > SOCmin+SOCth) && (Acc>maxAccICE || Acc>maxAccMGU) && (Fuel>fuelMin+fuelHys)],"233",1,decision,1,1
11,ED-ED,47,TransitionConditionOperator,stateMachine/Chart,[(SOC > SOCmin+SOCth) && (Acc>maxAccICE || Acc>maxAccMGU) && (Fuel>fuelMin+fuelHys)],"233",1,decision,1,1
12,ED-Regen,47,TransitionConditionOperator,stateMachine/Chart,[(SOC > SOCmin+SOCth) && (Acc>maxAccICE || Acc>maxAccMGU) && (Fuel>fuelMin+fuelHys)],"233",1,decision,1,1
13,ED-DEAD,47,TransitionConditionOperator,stateMachine/Chart,[(SOC > SOCmin+SOCth) && (Acc>maxAccICE || Acc>maxAccMGU) && (Fuel>fuelMin+fuelHys)],"233",1,decision,1,1
14,ED-NoCharge,47,TransitionConditionOperator,stateMachine/Chart,[(SOC > SOCmin+SOCth) && (Acc>maxAccICE || Acc>maxAccMGU) && (Fuel>fuelMin+fuelHys)],"233",1,decision,1,1
15,ED-Combined,47,TransitionConditionOperator,stateMachine/Chart,[(SOC > SOCmin+SOCth) && (Acc>maxAccICE || Acc>maxAccMGU) && (Fuel>fuelMin+fuelHys)],"233",1,decision,1,1
16,Combined-Combined,47,TransitionConditionOperator,stateMachine/Chart,[(SOC > SOCmin+SOCth) && (Acc>maxAccICE || Acc>maxAccMGU) && (Fuel>fuelMin+fuelHys)],"233",1,decision,1,1
17,Combined-Regen,47,TransitionConditionOperator,stateMachine/Chart,[(SOC > SOCmin+SOCth) && (Acc>maxAccICE || Acc>maxAccMGU) && (Fuel>fuelMin+fuelHys)],"233",1,decision,1,1
18,Combined-DEAD,47,TransitionConditionOperator,stateMachine/Chart,[(SOC > SOCmin+SOCth) && (Acc>maxAccICE || Acc>maxAccMGU) && (Fuel>fuelMin+fuelHys)],"233",1,decision,1,1
19,Combined-ED,47,TransitionConditionOperator,stateMachine/Chart,[(SOC > SOCmin+SOCth) && (Acc>maxAccICE || Acc>maxAccMGU) && (Fuel>fuelMin+fuelHys)],"233",1,decision,1,1
20,Combined-NoCharge,47,TransitionConditionOperator,stateMachine/Chart,[(SOC > SOCmin+SOCth) && (Acc>maxAccICE || Acc>maxAccMGU) && (Fuel>fuelMin+fuelHys)],"233",1,decision,1,1
21,Regen-Regen,47,TransitionConditionOperator,stateMachine/Chart,[(SOC > SOCmin+SOCth) && (Acc>maxAccICE || Acc>maxAccMGU) && (Fuel>fuelMin+fuelHys)],"233",1,decision,0,0
22,Regen-DEAD,47,TransitionConditionOperator,stateMachine/Chart,[(SOC > SOCmin+SOCth) && (Acc>maxAccICE || Acc>maxAccMGU) && (Fuel>fuelMin+fuelHys)],"233",1,decision,1,1
23,Regen-ED,47,TransitionConditionOperator,stateMachine/Chart,[(SOC > SOCmin+SOCth) && (Acc>maxAccICE || Acc>maxAccMGU) && (Fuel>fuelMin+fuelHys)],"233",1,decision,0,0
24,Regen-NoCharge,47,TransitionConditionOperator,stateMachine/Chart,[(SOC > SOCmin+SOCth) && (Acc>maxAccICE || Acc>maxAccMGU) && (Fuel>fuelMin+fuelHys)],"233",1,decision,0,0
25,Regen-Combined,47,TransitionConditionOperator,stateMachine/Chart,[(SOC > SOCmin+SOCth) && (Acc>maxAccICE || Acc>maxAccMGU) && (Fuel>fuelMin+fuelHys)],"233",1,decision,0,0
1,Dead-Dead,48,TransitionConditionOperator,stateMachine/Chart,[(SOC > SOCmin+SOCth) && (Acc>maxAccICE || Acc>maxAccMGU) && (Fuel>fuelMin+fuelHys)],"233",1,decision,1,1
2,Dead-Regen,48,TransitionConditionOperator,stateMachine/Chart,[(SOC > SOCmin+SOCth) && (Acc>maxAccICE || Acc>maxAccMGU) && (Fuel>fuelMin+fuelHys)],"233",1,decision,1,1
3,Dead-ED,48,TransitionConditionOperator,stateMachine/Chart,[(SOC > SOCmin+SOCth) && (Acc>maxAccICE || Acc>maxAccMGU) && (Fuel>fuelMin+fuelHys)],"233",1,decision,1,1
4,Dead-NoCharge,48,TransitionConditionOperator,stateMachine/Chart,[(SOC > SOCmin+SOCth) && (Acc>maxAccICE || Acc>maxAccMGU) && (Fuel>fuelMin+fuelHys)],"233",1,decision,1,1
5,Dead-Combined,48,TransitionConditionOperator,stateMachine/Chart,[(SOC > SOCmin+SOCth) && (Acc>maxAccICE || Acc>maxAccMGU) && (Fuel>fuelMin+fuelHys)],"233",1,decision,1,1
6,NoCharge-DEAD,48,TransitionConditionOperator,stateMachine/Chart,[(SOC > SOCmin+SOCth) && (Acc>maxAccICE || Acc>maxAccMGU) && (Fuel>fuelMin+fuelHys)],"233",1,decision,1,1
7,NoCharge-Regen,48,TransitionConditionOperator,stateMachine/Chart,[(SOC > SOCmin+SOCth) && (Acc>maxAccICE || Acc>maxAccMGU) && (Fuel>fuelMin+fuelHys)],"233",1,decision,1,1
8,NoCharge-ED,48,TransitionConditionOperator,stateMachine/Chart,[(SOC > SOCmin+SOCth) && (Acc>maxAccICE || Acc>maxAccMGU) && (Fuel>fuelMin+fuelHys)],"233",1,decision,1,1
9,NoCharge-Combined,48,TransitionConditionOperator,stateMachine/Chart,[(SOC > SOCmin+SOCth) && (Acc>maxAccICE || Acc>maxAccMGU) && (Fuel>fuelMin+fuelHys)],"233",1,decision,1,1
10,NoCharge-NoCharge,48,TransitionConditionOperator,stateMachine/Chart,[(SOC > SOCmin+SOCth) && (Acc>maxAccICE || Acc>maxAccMGU) && (Fuel>fuelMin+fuelHys)],"233",1,decision,1,1
11,ED-ED,48,TransitionConditionOperator,stateMachine/Chart,[(SOC > SOCmin+SOCth) && (Acc>maxAccICE || Acc>maxAccMGU) && (Fuel>fuelMin+fuelHys)],"233",1,decision,1,1
12,ED-Regen,48,TransitionConditionOperator,stateMachine/Chart,[(SOC > SOCmin+SOCth) && (Acc>maxAccICE || Acc>maxAccMGU) && (Fuel>fuelMin+fuelHys)],"233",1,decision,1,1
13,ED-DEAD,48,TransitionConditionOperator,stateMachine/Chart,[(SOC > SOCmin+SOCth) && (Acc>maxAccICE || Acc>maxAccMGU) && (Fuel>fuelMin+fuelHys)],"233",1,decision,1,1
14,ED-NoCharge,48,TransitionConditionOperator,stateMachine/Chart,[(SOC > SOCmin+SOCth) && (Acc>maxAccICE || Acc>maxAccMGU) && (Fuel>fuelMin+fuelHys)],"233",1,decision,1,1
15,ED-Combined,48,TransitionConditionOperator,stateMachine/Chart,[(SOC > SOCmin+SOCth) && (Acc>maxAccICE || Acc>maxAccMGU) && (Fuel>fuelMin+fuelHys)],"233",1,decision,1,1
16,Combined-Combined,48,TransitionConditionOperator,stateMachine/Chart,[(SOC > SOCmin+SOCth) && (Acc>maxAccICE || Acc>maxAccMGU) && (Fuel>fuelMin+fuelHys)],"233",1,decision,1,1
17,Combined-Regen,48,TransitionConditionOperator,stateMachine/Chart,[(SOC > SOCmin+SOCth) && (Acc>maxAccICE || Acc>maxAccMGU) && (Fuel>fuelMin+fuelHys)],"233",1,decision,1,1
18,Combined-DEAD,48,TransitionConditionOperator,stateMachine/Chart,[(SOC > SOCmin+SOCth) && (Acc>maxAccICE || Acc>maxAccMGU) && (Fuel>fuelMin+fuelHys)],"233",1,decision,1,1
19,Combined-ED,48,TransitionConditionOperator,stateMachine/Chart,[(SOC > SOCmin+SOCth) && (Acc>maxAccICE || Acc>maxAccMGU) && (Fuel>fuelMin+fuelHys)],"233",1,decision,1,1
20,Combined-NoCharge,48,TransitionConditionOperator,stateMachine/Chart,[(SOC > SOCmin+SOCth) && (Acc>maxAccICE || Acc>maxAccMGU) && (Fuel>fuelMin+fuelHys)],"233",1,decision,1,1
21,Regen-Regen,48,TransitionConditionOperator,stateMachine/Chart,[(SOC > SOCmin+SOCth) && (Acc>maxAccICE || Acc>maxAccMGU) && (Fuel>fuelMin+fuelHys)],"233",1,decision,0,0
22,Regen-DEAD,48,TransitionConditionOperator,stateMachine/Chart,[(SOC > SOCmin+SOCth) && (Acc>maxAccICE || Acc>maxAccMGU) && (Fuel>fuelMin+fuelHys)],"233",1,decision,1,1
23,Regen-ED,48,TransitionConditionOperator,stateMachine/Chart,[(SOC > SOCmin+SOCth) && (Acc>maxAccICE || Acc>maxAccMGU) && (Fuel>fuelMin+fuelHys)],"233",1,decision,0,0
24,Regen-NoCharge,48,TransitionConditionOperator,stateMachine/Chart,[(SOC > SOCmin+SOCth) && (Acc>maxAccICE || Acc>maxAccMGU) && (Fuel>fuelMin+fuelHys)],"233",1,decision,0,0
25,Regen-Combined,48,TransitionConditionOperator,stateMachine/Chart,[(SOC > SOCmin+SOCth) && (Acc>maxAccICE || Acc>maxAccMGU) && (Fuel>fuelMin+fuelHys)],"233",1,decision,0,0
1,Dead-Dead,49,TransitionConditionOperator,stateMachine/Chart,[(SOC > SOCmin+SOCth) && (Acc>maxAccICE || Acc>maxAccMGU) && (Fuel>fuelMin+fuelHys)],"233",1,decision,1,1
2,Dead-Regen,49,TransitionConditionOperator,stateMachine/Chart,[(SOC > SOCmin+SOCth) && (Acc>maxAccICE || Acc>maxAccMGU) && (Fuel>fuelMin+fuelHys)],"233",1,decision,1,1
3,Dead-ED,49,TransitionConditionOperator,stateMachine/Chart,[(SOC > SOCmin+SOCth) && (Acc>maxAccICE || Acc>maxAccMGU) && (Fuel>fuelMin+fuelHys)],"233",1,decision,1,1
4,Dead-NoCharge,49,TransitionConditionOperator,stateMachine/Chart,[(SOC > SOCmin+SOCth) && (Acc>maxAccICE || Acc>maxAccMGU) && (Fuel>fuelMin+fuelHys)],"233",1,decision,1,1
5,Dead-Combined,49,TransitionConditionOperator,stateMachine/Chart,[(SOC > SOCmin+SOCth) && (Acc>maxAccICE || Acc>maxAccMGU) && (Fuel>fuelMin+fuelHys)],"233",1,decision,1,1
6,NoCharge-DEAD,49,TransitionConditionOperator,stateMachine/Chart,[(SOC > SOCmin+SOCth) && (Acc>maxAccICE || Acc>maxAccMGU) && (Fuel>fuelMin+fuelHys)],"233",1,decision,1,1
7,NoCharge-Regen,49,TransitionConditionOperator,stateMachine/Chart,[(SOC > SOCmin+SOCth) && (Acc>maxAccICE || Acc>maxAccMGU) && (Fuel>fuelMin+fuelHys)],"233",1,decision,1,1
8,NoCharge-ED,49,TransitionConditionOperator,stateMachine/Chart,[(SOC > SOCmin+SOCth) && (Acc>maxAccICE || Acc>maxAccMGU) && (Fuel>fuelMin+fuelHys)],"233",1,decision,1,1
9,NoCharge-Combined,49,TransitionConditionOperator,stateMachine/Chart,[(SOC > SOCmin+SOCth) && (Acc>maxAccICE || Acc>maxAccMGU) && (Fuel>fuelMin+fuelHys)],"233",1,decision,1,1
10,NoCharge-NoCharge,49,TransitionConditionOperator,stateMachine/Chart,[(SOC > SOCmin+SOCth) && (Acc>maxAccICE || Acc>maxAccMGU) && (Fuel>fuelMin+fuelHys)],"233",1,decision,1,1
11,ED-ED,49,TransitionConditionOperator,stateMachine/Chart,[(SOC > SOCmin+SOCth) && (Acc>maxAccICE || Acc>maxAccMGU) && (Fuel>fuelMin+fuelHys)],"233",1,decision,1,1
12,ED-Regen,49,TransitionConditionOperator,stateMachine/Chart,[(SOC > SOCmin+SOCth) && (Acc>maxAccICE || Acc>maxAccMGU) && (Fuel>fuelMin+fuelHys)],"233",1,decision,1,1
13,ED-DEAD,49,TransitionConditionOperator,stateMachine/Chart,[(SOC > SOCmin+SOCth) && (Acc>maxAccICE || Acc>maxAccMGU) && (Fuel>fuelMin+fuelHys)],"233",1,decision,1,1
14,ED-NoCharge,49,TransitionConditionOperator,stateMachine/Chart,[(SOC > SOCmin+SOCth) && (Acc>maxAccICE || Acc>maxAccMGU) && (Fuel>fuelMin+fuelHys)],"233",1,decision,1,1
15,ED-Combined,49,TransitionConditionOperator,stateMachine/Chart,[(SOC > SOCmin+SOCth) && (Acc>maxAccICE || Acc>maxAccMGU) && (Fuel>fuelMin+fuelHys)],"233",1,decision,1,1
16,Combined-Combined,49,TransitionConditionOperator,stateMachine/Chart,[(SOC > SOCmin+SOCth) && (Acc>maxAccICE || Acc>maxAccMGU) && (Fuel>fuelMin+fuelHys)],"233",1,decision,1,1
17,Combined-Regen,49,TransitionConditionOperator,stateMachine/Chart,[(SOC > SOCmin+SOCth) && (Acc>maxAccICE || Acc>maxAccMGU) && (Fuel>fuelMin+fuelHys)],"233",1,decision,1,1
18,Combined-DEAD,49,TransitionConditionOperator,stateMachine/Chart,[(SOC > SOCmin+SOCth) && (Acc>maxAccICE || Acc>maxAccMGU) && (Fuel>fuelMin+fuelHys)],"233",1,decision,1,1
19,Combined-ED,49,TransitionConditionOperator,stateMachine/Chart,[(SOC > SOCmin+SOCth) && (Acc>maxAccICE || Acc>maxAccMGU) && (Fuel>fuelMin+fuelHys)],"233",1,decision,1,1
20,Combined-NoCharge,49,TransitionConditionOperator,stateMachine/Chart,[(SOC > SOCmin+SOCth) && (Acc>maxAccICE || Acc>maxAccMGU) && (Fuel>fuelMin+fuelHys)],"233",1,decision,1,1
21,Regen-Regen,49,TransitionConditionOperator,stateMachine/Chart,[(SOC > SOCmin+SOCth) && (Acc>maxAccICE || Acc>maxAccMGU) && (Fuel>fuelMin+fuelHys)],"233",1,decision,0,0
22,Regen-DEAD,49,TransitionConditionOperator,stateMachine/Chart,[(SOC > SOCmin+SOCth) && (Acc>maxAccICE || Acc>maxAccMGU) && (Fuel>fuelMin+fuelHys)],"233",1,decision,1,1
23,Regen-ED,49,TransitionConditionOperator,stateMachine/Chart,[(SOC > SOCmin+SOCth) && (Acc>maxAccICE || Acc>maxAccMGU) && (Fuel>fuelMin+fuelHys)],"233",1,decision,0,0
24,Regen-NoCharge,49,TransitionConditionOperator,stateMachine/Chart,[(SOC > SOCmin+SOCth) && (Acc>maxAccICE || Acc>maxAccMGU) && (Fuel>fuelMin+fuelHys)],"233",1,decision,0,0
25,Regen-Combined,49,TransitionConditionOperator,stateMachine/Chart,[(SOC > SOCmin+SOCth) && (Acc>maxAccICE || Acc>maxAccMGU) && (Fuel>fuelMin+fuelHys)],"233",1,decision,0,0
1,Dead-Dead,50,TransitionConditionOperator,stateMachine/Chart,[(Fuel>fuelMin+fuelHys) && (SOC <=SOCmin+SOCth)],"234",1,decision,0,0
2,Dead-Regen,50,TransitionConditionOperator,stateMachine/Chart,[(Fuel>fuelMin+fuelHys) && (SOC <=SOCmin+SOCth)],"234",1,decision,0,0
3,Dead-ED,50,TransitionConditionOperator,stateMachine/Chart,[(Fuel>fuelMin+fuelHys) && (SOC <=SOCmin+SOCth)],"234",1,decision,1,1
4,Dead-NoCharge,50,TransitionConditionOperator,stateMachine/Chart,[(Fuel>fuelMin+fuelHys) && (SOC <=SOCmin+SOCth)],"234",1,decision,0,0
5,Dead-Combined,50,TransitionConditionOperator,stateMachine/Chart,[(Fuel>fuelMin+fuelHys) && (SOC <=SOCmin+SOCth)],"234",1,decision,0,0
6,NoCharge-DEAD,50,TransitionConditionOperator,stateMachine/Chart,[(Fuel>fuelMin+fuelHys) && (SOC <=SOCmin+SOCth)],"234",1,decision,0,0
7,NoCharge-Regen,50,TransitionConditionOperator,stateMachine/Chart,[(Fuel>fuelMin+fuelHys) && (SOC <=SOCmin+SOCth)],"234",1,decision,0,0
8,NoCharge-ED,50,TransitionConditionOperator,stateMachine/Chart,[(Fuel>fuelMin+fuelHys) && (SOC <=SOCmin+SOCth)],"234",1,decision,1,1
9,NoCharge-Combined,50,TransitionConditionOperator,stateMachine/Chart,[(Fuel>fuelMin+fuelHys) && (SOC <=SOCmin+SOCth)],"234",1,decision,0,0
10,NoCharge-NoCharge,50,TransitionConditionOperator,stateMachine/Chart,[(Fuel>fuelMin+fuelHys) && (SOC <=SOCmin+SOCth)],"234",1,decision,0,0
11,ED-ED,50,TransitionConditionOperator,stateMachine/Chart,[(Fuel>fuelMin+fuelHys) && (SOC <=SOCmin+SOCth)],"234",1,decision,1,1
12,ED-Regen,50,TransitionConditionOperator,stateMachine/Chart,[(Fuel>fuelMin+fuelHys) && (SOC <=SOCmin+SOCth)],"234",1,decision,1,1
13,ED-DEAD,50,TransitionConditionOperator,stateMachine/Chart,[(Fuel>fuelMin+fuelHys) && (SOC <=SOCmin+SOCth)],"234",1,decision,1,1
14,ED-NoCharge,50,TransitionConditionOperator,stateMachine/Chart,[(Fuel>fuelMin+fuelHys) && (SOC <=SOCmin+SOCth)],"234",1,decision,1,1
15,ED-Combined,50,TransitionConditionOperator,stateMachine/Chart,[(Fuel>fuelMin+fuelHys) && (SOC <=SOCmin+SOCth)],"234",1,decision,1,1
16,Combined-Combined,50,TransitionConditionOperator,stateMachine/Chart,[(Fuel>fuelMin+fuelHys) && (SOC <=SOCmin+SOCth)],"234",1,decision,0,0
17,Combined-Regen,50,TransitionConditionOperator,stateMachine/Chart,[(Fuel>fuelMin+fuelHys) && (SOC <=SOCmin+SOCth)],"234",1,decision,0,0
18,Combined-DEAD,50,TransitionConditionOperator,stateMachine/Chart,[(Fuel>fuelMin+fuelHys) && (SOC <=SOCmin+SOCth)],"234",1,decision,0,0
19,Combined-ED,50,TransitionConditionOperator,stateMachine/Chart,[(Fuel>fuelMin+fuelHys) && (SOC <=SOCmin+SOCth)],"234",1,decision,1,1
20,Combined-NoCharge,50,TransitionConditionOperator,stateMachine/Chart,[(Fuel>fuelMin+fuelHys) && (SOC <=SOCmin+SOCth)],"234",1,decision,0,0
21,Regen-Regen,50,TransitionConditionOperator,stateMachine/Chart,[(Fuel>fuelMin+fuelHys) && (SOC <=SOCmin+SOCth)],"234",1,decision,0,0
22,Regen-DEAD,50,TransitionConditionOperator,stateMachine/Chart,[(Fuel>fuelMin+fuelHys) && (SOC <=SOCmin+SOCth)],"234",1,decision,0,0
23,Regen-ED,50,TransitionConditionOperator,stateMachine/Chart,[(Fuel>fuelMin+fuelHys) && (SOC <=SOCmin+SOCth)],"234",1,decision,1,1
24,Regen-NoCharge,50,TransitionConditionOperator,stateMachine/Chart,[(Fuel>fuelMin+fuelHys) && (SOC <=SOCmin+SOCth)],"234",1,decision,0,0
25,Regen-Combined,50,TransitionConditionOperator,stateMachine/Chart,[(Fuel>fuelMin+fuelHys) && (SOC <=SOCmin+SOCth)],"234",1,decision,0,0
1,Dead-Dead,51,TransitionConditionOperator,stateMachine/Chart,[(Fuel>fuelMin+fuelHys) && (SOC <=SOCmin+SOCth)],"234",1,decision,0,0
2,Dead-Regen,51,TransitionConditionOperator,stateMachine/Chart,[(Fuel>fuelMin+fuelHys) && (SOC <=SOCmin+SOCth)],"234",1,decision,0,0
3,Dead-ED,51,TransitionConditionOperator,stateMachine/Chart,[(Fuel>fuelMin+fuelHys) && (SOC <=SOCmin+SOCth)],"234",1,decision,1,1
4,Dead-NoCharge,51,TransitionConditionOperator,stateMachine/Chart,[(Fuel>fuelMin+fuelHys) && (SOC <=SOCmin+SOCth)],"234",1,decision,0,0
5,Dead-Combined,51,TransitionConditionOperator,stateMachine/Chart,[(Fuel>fuelMin+fuelHys) && (SOC <=SOCmin+SOCth)],"234",1,decision,0,0
6,NoCharge-DEAD,51,TransitionConditionOperator,stateMachine/Chart,[(Fuel>fuelMin+fuelHys) && (SOC <=SOCmin+SOCth)],"234",1,decision,0,0
7,NoCharge-Regen,51,TransitionConditionOperator,stateMachine/Chart,[(Fuel>fuelMin+fuelHys) && (SOC <=SOCmin+SOCth)],"234",1,decision,0,0
8,NoCharge-ED,51,TransitionConditionOperator,stateMachine/Chart,[(Fuel>fuelMin+fuelHys) && (SOC <=SOCmin+SOCth)],"234",1,decision,1,1
9,NoCharge-Combined,51,TransitionConditionOperator,stateMachine/Chart,[(Fuel>fuelMin+fuelHys) && (SOC <=SOCmin+SOCth)],"234",1,decision,0,0
10,NoCharge-NoCharge,51,TransitionConditionOperator,stateMachine/Chart,[(Fuel>fuelMin+fuelHys) && (SOC <=SOCmin+SOCth)],"234",1,decision,0,0
11,ED-ED,51,TransitionConditionOperator,stateMachine/Chart,[(Fuel>fuelMin+fuelHys) && (SOC <=SOCmin+SOCth)],"234",1,decision,1,1
12,ED-Regen,51,TransitionConditionOperator,stateMachine/Chart,[(Fuel>fuelMin+fuelHys) && (SOC <=SOCmin+SOCth)],"234",1,decision,1,1
13,ED-DEAD,51,TransitionConditionOperator,stateMachine/Chart,[(Fuel>fuelMin+fuelHys) && (SOC <=SOCmin+SOCth)],"234",1,decision,1,1
14,ED-NoCharge,51,TransitionConditionOperator,stateMachine/Chart,[(Fuel>fuelMin+fuelHys) && (SOC <=SOCmin+SOCth)],"234",1,decision,1,1
15,ED-Combined,51,TransitionConditionOperator,stateMachine/Chart,[(Fuel>fuelMin+fuelHys) && (SOC <=SOCmin+SOCth)],"234",1,decision,1,1
16,Combined-Combined,51,TransitionConditionOperator,stateMachine/Chart,[(Fuel>fuelMin+fuelHys) && (SOC <=SOCmin+SOCth)],"234",1,decision,0,0
17,Combined-Regen,51,TransitionConditionOperator,stateMachine/Chart,[(Fuel>fuelMin+fuelHys) && (SOC <=SOCmin+SOCth)],"234",1,decision,0,0
18,Combined-DEAD,51,TransitionConditionOperator,stateMachine/Chart,[(Fuel>fuelMin+fuelHys) && (SOC <=SOCmin+SOCth)],"234",1,decision,0,0
19,Combined-ED,51,TransitionConditionOperator,stateMachine/Chart,[(Fuel>fuelMin+fuelHys) && (SOC <=SOCmin+SOCth)],"234",1,decision,1,1
20,Combined-NoCharge,51,TransitionConditionOperator,stateMachine/Chart,[(Fuel>fuelMin+fuelHys) && (SOC <=SOCmin+SOCth)],"234",1,decision,0,0
21,Regen-Regen,51,TransitionConditionOperator,stateMachine/Chart,[(Fuel>fuelMin+fuelHys) && (SOC <=SOCmin+SOCth)],"234",1,decision,0,0
22,Regen-DEAD,51,TransitionConditionOperator,stateMachine/Chart,[(Fuel>fuelMin+fuelHys) && (SOC <=SOCmin+SOCth)],"234",1,decision,0,0
23,Regen-ED,51,TransitionConditionOperator,stateMachine/Chart,[(Fuel>fuelMin+fuelHys) && (SOC <=SOCmin+SOCth)],"234",1,decision,1,1
24,Regen-NoCharge,51,TransitionConditionOperator,stateMachine/Chart,[(Fuel>fuelMin+fuelHys) && (SOC <=SOCmin+SOCth)],"234",1,decision,0,0
25,Regen-Combined,51,TransitionConditionOperator,stateMachine/Chart,[(Fuel>fuelMin+fuelHys) && (SOC <=SOCmin+SOCth)],"234",1,decision,0,0
1,Dead-Dead,52,TransitionConditionOperator,stateMachine/Chart,[(Fuel>fuelMin+fuelHys) && (SOC <=SOCmin+SOCth)],"234",1,decision,0,0
2,Dead-Regen,52,TransitionConditionOperator,stateMachine/Chart,[(Fuel>fuelMin+fuelHys) && (SOC <=SOCmin+SOCth)],"234",1,decision,0,0
3,Dead-ED,52,TransitionConditionOperator,stateMachine/Chart,[(Fuel>fuelMin+fuelHys) && (SOC <=SOCmin+SOCth)],"234",1,decision,1,1
4,Dead-NoCharge,52,TransitionConditionOperator,stateMachine/Chart,[(Fuel>fuelMin+fuelHys) && (SOC <=SOCmin+SOCth)],"234",1,decision,0,0
5,Dead-Combined,52,TransitionConditionOperator,stateMachine/Chart,[(Fuel>fuelMin+fuelHys) && (SOC <=SOCmin+SOCth)],"234",1,decision,0,0
6,NoCharge-DEAD,52,TransitionConditionOperator,stateMachine/Chart,[(Fuel>fuelMin+fuelHys) && (SOC <=SOCmin+SOCth)],"234",1,decision,0,0
7,NoCharge-Regen,52,TransitionConditionOperator,stateMachine/Chart,[(Fuel>fuelMin+fuelHys) && (SOC <=SOCmin+SOCth)],"234",1,decision,0,0
8,NoCharge-ED,52,TransitionConditionOperator,stateMachine/Chart,[(Fuel>fuelMin+fuelHys) && (SOC <=SOCmin+SOCth)],"234",1,decision,1,1
9,NoCharge-Combined,52,TransitionConditionOperator,stateMachine/Chart,[(Fuel>fuelMin+fuelHys) && (SOC <=SOCmin+SOCth)],"234",1,decision,0,0
10,NoCharge-NoCharge,52,TransitionConditionOperator,stateMachine/Chart,[(Fuel>fuelMin+fuelHys) && (SOC <=SOCmin+SOCth)],"234",1,decision,0,0
11,ED-ED,52,TransitionConditionOperator,stateMachine/Chart,[(Fuel>fuelMin+fuelHys) && (SOC <=SOCmin+SOCth)],"234",1,decision,1,1
12,ED-Regen,52,TransitionConditionOperator,stateMachine/Chart,[(Fuel>fuelMin+fuelHys) && (SOC <=SOCmin+SOCth)],"234",1,decision,1,1
13,ED-DEAD,52,TransitionConditionOperator,stateMachine/Chart,[(Fuel>fuelMin+fuelHys) && (SOC <=SOCmin+SOCth)],"234",1,decision,1,1
14,ED-NoCharge,52,TransitionConditionOperator,stateMachine/Chart,[(Fuel>fuelMin+fuelHys) && (SOC <=SOCmin+SOCth)],"234",1,decision,1,1
15,ED-Combined,52,TransitionConditionOperator,stateMachine/Chart,[(Fuel>fuelMin+fuelHys) && (SOC <=SOCmin+SOCth)],"234",1,decision,1,1
16,Combined-Combined,52,TransitionConditionOperator,stateMachine/Chart,[(Fuel>fuelMin+fuelHys) && (SOC <=SOCmin+SOCth)],"234",1,decision,0,0
17,Combined-Regen,52,TransitionConditionOperator,stateMachine/Chart,[(Fuel>fuelMin+fuelHys) && (SOC <=SOCmin+SOCth)],"234",1,decision,0,0
18,Combined-DEAD,52,TransitionConditionOperator,stateMachine/Chart,[(Fuel>fuelMin+fuelHys) && (SOC <=SOCmin+SOCth)],"234",1,decision,0,0
19,Combined-ED,52,TransitionConditionOperator,stateMachine/Chart,[(Fuel>fuelMin+fuelHys) && (SOC <=SOCmin+SOCth)],"234",1,decision,1,1
20,Combined-NoCharge,52,TransitionConditionOperator,stateMachine/Chart,[(Fuel>fuelMin+fuelHys) && (SOC <=SOCmin+SOCth)],"234",1,decision,0,0
21,Regen-Regen,52,TransitionConditionOperator,stateMachine/Chart,[(Fuel>fuelMin+fuelHys) && (SOC <=SOCmin+SOCth)],"234",1,decision,0,0
22,Regen-DEAD,52,TransitionConditionOperator,stateMachine/Chart,[(Fuel>fuelMin+fuelHys) && (SOC <=SOCmin+SOCth)],"234",1,decision,0,0
23,Regen-ED,52,TransitionConditionOperator,stateMachine/Chart,[(Fuel>fuelMin+fuelHys) && (SOC <=SOCmin+SOCth)],"234",1,decision,1,1
24,Regen-NoCharge,52,TransitionConditionOperator,stateMachine/Chart,[(Fuel>fuelMin+fuelHys) && (SOC <=SOCmin+SOCth)],"234",1,decision,0,0
25,Regen-Combined,52,TransitionConditionOperator,stateMachine/Chart,[(Fuel>fuelMin+fuelHys) && (SOC <=SOCmin+SOCth)],"234",1,decision,0,0
1,Dead-Dead,53,TransitionConditionOperator,stateMachine/Chart,[(Fuel>fuelMin+fuelHys) && (SOC <=SOCmin+SOCth)],"234",1,decision,0,0
2,Dead-Regen,53,TransitionConditionOperator,stateMachine/Chart,[(Fuel>fuelMin+fuelHys) && (SOC <=SOCmin+SOCth)],"234",1,decision,0,0
3,Dead-ED,53,TransitionConditionOperator,stateMachine/Chart,[(Fuel>fuelMin+fuelHys) && (SOC <=SOCmin+SOCth)],"234",1,decision,1,1
4,Dead-NoCharge,53,TransitionConditionOperator,stateMachine/Chart,[(Fuel>fuelMin+fuelHys) && (SOC <=SOCmin+SOCth)],"234",1,decision,0,0
5,Dead-Combined,53,TransitionConditionOperator,stateMachine/Chart,[(Fuel>fuelMin+fuelHys) && (SOC <=SOCmin+SOCth)],"234",1,decision,0,0
6,NoCharge-DEAD,53,TransitionConditionOperator,stateMachine/Chart,[(Fuel>fuelMin+fuelHys) && (SOC <=SOCmin+SOCth)],"234",1,decision,0,0
7,NoCharge-Regen,53,TransitionConditionOperator,stateMachine/Chart,[(Fuel>fuelMin+fuelHys) && (SOC <=SOCmin+SOCth)],"234",1,decision,0,0
8,NoCharge-ED,53,TransitionConditionOperator,stateMachine/Chart,[(Fuel>fuelMin+fuelHys) && (SOC <=SOCmin+SOCth)],"234",1,decision,1,1
9,NoCharge-Combined,53,TransitionConditionOperator,stateMachine/Chart,[(Fuel>fuelMin+fuelHys) && (SOC <=SOCmin+SOCth)],"234",1,decision,0,0
10,NoCharge-NoCharge,53,TransitionConditionOperator,stateMachine/Chart,[(Fuel>fuelMin+fuelHys) && (SOC <=SOCmin+SOCth)],"234",1,decision,0,0
11,ED-ED,53,TransitionConditionOperator,stateMachine/Chart,[(Fuel>fuelMin+fuelHys) && (SOC <=SOCmin+SOCth)],"234",1,decision,1,1
12,ED-Regen,53,TransitionConditionOperator,stateMachine/Chart,[(Fuel>fuelMin+fuelHys) && (SOC <=SOCmin+SOCth)],"234",1,decision,1,1
13,ED-DEAD,53,TransitionConditionOperator,stateMachine/Chart,[(Fuel>fuelMin+fuelHys) && (SOC <=SOCmin+SOCth)],"234",1,decision,1,1
14,ED-NoCharge,53,TransitionConditionOperator,stateMachine/Chart,[(Fuel>fuelMin+fuelHys) && (SOC <=SOCmin+SOCth)],"234",1,decision,1,1
15,ED-Combined,53,TransitionConditionOperator,stateMachine/Chart,[(Fuel>fuelMin+fuelHys) && (SOC <=SOCmin+SOCth)],"234",1,decision,1,1
16,Combined-Combined,53,TransitionConditionOperator,stateMachine/Chart,[(Fuel>fuelMin+fuelHys) && (SOC <=SOCmin+SOCth)],"234",1,decision,0,0
17,Combined-Regen,53,TransitionConditionOperator,stateMachine/Chart,[(Fuel>fuelMin+fuelHys) && (SOC <=SOCmin+SOCth)],"234",1,decision,0,0
18,Combined-DEAD,53,TransitionConditionOperator,stateMachine/Chart,[(Fuel>fuelMin+fuelHys) && (SOC <=SOCmin+SOCth)],"234",1,decision,0,0
19,Combined-ED,53,TransitionConditionOperator,stateMachine/Chart,[(Fuel>fuelMin+fuelHys) && (SOC <=SOCmin+SOCth)],"234",1,decision,1,1
20,Combined-NoCharge,53,TransitionConditionOperator,stateMachine/Chart,[(Fuel>fuelMin+fuelHys) && (SOC <=SOCmin+SOCth)],"234",1,decision,0,0
21,Regen-Regen,53,TransitionConditionOperator,stateMachine/Chart,[(Fuel>fuelMin+fuelHys) && (SOC <=SOCmin+SOCth)],"234",1,decision,0,0
22,Regen-DEAD,53,TransitionConditionOperator,stateMachine/Chart,[(Fuel>fuelMin+fuelHys) && (SOC <=SOCmin+SOCth)],"234",1,decision,0,0
23,Regen-ED,53,TransitionConditionOperator,stateMachine/Chart,[(Fuel>fuelMin+fuelHys) && (SOC <=SOCmin+SOCth)],"234",1,decision,1,1
24,Regen-NoCharge,53,TransitionConditionOperator,stateMachine/Chart,[(Fuel>fuelMin+fuelHys) && (SOC <=SOCmin+SOCth)],"234",1,decision,0,0
25,Regen-Combined,53,TransitionConditionOperator,stateMachine/Chart,[(Fuel>fuelMin+fuelHys) && (SOC <=SOCmin+SOCth)],"234",1,decision,0,0
1,Dead-Dead,54,TransitionConditionOperator,stateMachine/Chart,[(Fuel>fuelMin+fuelHys) && (SOC <=SOCmin+SOCth)],"234",1,decision,0,0
2,Dead-Regen,54,TransitionConditionOperator,stateMachine/Chart,[(Fuel>fuelMin+fuelHys) && (SOC <=SOCmin+SOCth)],"234",1,decision,0,0
3,Dead-ED,54,TransitionConditionOperator,stateMachine/Chart,[(Fuel>fuelMin+fuelHys) && (SOC <=SOCmin+SOCth)],"234",1,decision,1,1
4,Dead-NoCharge,54,TransitionConditionOperator,stateMachine/Chart,[(Fuel>fuelMin+fuelHys) && (SOC <=SOCmin+SOCth)],"234",1,decision,0,0
5,Dead-Combined,54,TransitionConditionOperator,stateMachine/Chart,[(Fuel>fuelMin+fuelHys) && (SOC <=SOCmin+SOCth)],"234",1,decision,0,0
6,NoCharge-DEAD,54,TransitionConditionOperator,stateMachine/Chart,[(Fuel>fuelMin+fuelHys) && (SOC <=SOCmin+SOCth)],"234",1,decision,0,0
7,NoCharge-Regen,54,TransitionConditionOperator,stateMachine/Chart,[(Fuel>fuelMin+fuelHys) && (SOC <=SOCmin+SOCth)],"234",1,decision,0,0
8,NoCharge-ED,54,TransitionConditionOperator,stateMachine/Chart,[(Fuel>fuelMin+fuelHys) && (SOC <=SOCmin+SOCth)],"234",1,decision,1,1
9,NoCharge-Combined,54,TransitionConditionOperator,stateMachine/Chart,[(Fuel>fuelMin+fuelHys) && (SOC <=SOCmin+SOCth)],"234",1,decision,0,0
10,NoCharge-NoCharge,54,TransitionConditionOperator,stateMachine/Chart,[(Fuel>fuelMin+fuelHys) && (SOC <=SOCmin+SOCth)],"234",1,decision,0,0
11,ED-ED,54,TransitionConditionOperator,stateMachine/Chart,[(Fuel>fuelMin+fuelHys) && (SOC <=SOCmin+SOCth)],"234",1,decision,1,1
12,ED-Regen,54,TransitionConditionOperator,stateMachine/Chart,[(Fuel>fuelMin+fuelHys) && (SOC <=SOCmin+SOCth)],"234",1,decision,1,1
13,ED-DEAD,54,TransitionConditionOperator,stateMachine/Chart,[(Fuel>fuelMin+fuelHys) && (SOC <=SOCmin+SOCth)],"234",1,decision,1,1
14,ED-NoCharge,54,TransitionConditionOperator,stateMachine/Chart,[(Fuel>fuelMin+fuelHys) && (SOC <=SOCmin+SOCth)],"234",1,decision,1,1
15,ED-Combined,54,TransitionConditionOperator,stateMachine/Chart,[(Fuel>fuelMin+fuelHys) && (SOC <=SOCmin+SOCth)],"234",1,decision,1,1
16,Combined-Combined,54,TransitionConditionOperator,stateMachine/Chart,[(Fuel>fuelMin+fuelHys) && (SOC <=SOCmin+SOCth)],"234",1,decision,0,0
17,Combined-Regen,54,TransitionConditionOperator,stateMachine/Chart,[(Fuel>fuelMin+fuelHys) && (SOC <=SOCmin+SOCth)],"234",1,decision,0,0
18,Combined-DEAD,54,TransitionConditionOperator,stateMachine/Chart,[(Fuel>fuelMin+fuelHys) && (SOC <=SOCmin+SOCth)],"234",1,decision,0,0
19,Combined-ED,54,TransitionConditionOperator,stateMachine/Chart,[(Fuel>fuelMin+fuelHys) && (SOC <=SOCmin+SOCth)],"234",1,decision,1,1
20,Combined-NoCharge,54,TransitionConditionOperator,stateMachine/Chart,[(Fuel>fuelMin+fuelHys) && (SOC <=SOCmin+SOCth)],"234",1,decision,0,0
21,Regen-Regen,54,TransitionConditionOperator,stateMachine/Chart,[(Fuel>fuelMin+fuelHys) && (SOC <=SOCmin+SOCth)],"234",1,decision,0,0
22,Regen-DEAD,54,TransitionConditionOperator,stateMachine/Chart,[(Fuel>fuelMin+fuelHys) && (SOC <=SOCmin+SOCth)],"234",1,decision,0,0
23,Regen-ED,54,TransitionConditionOperator,stateMachine/Chart,[(Fuel>fuelMin+fuelHys) && (SOC <=SOCmin+SOCth)],"234",1,decision,1,1
24,Regen-NoCharge,54,TransitionConditionOperator,stateMachine/Chart,[(Fuel>fuelMin+fuelHys) && (SOC <=SOCmin+SOCth)],"234",1,decision,0,0
25,Regen-Combined,54,TransitionConditionOperator,stateMachine/Chart,[(Fuel>fuelMin+fuelHys) && (SOC <=SOCmin+SOCth)],"234",1,decision,0,0
1,Dead-Dead,55,TransitionConditionOperator,stateMachine/Chart,[(Fuel>fuelMin+fuelHys) && (SOC <=SOCmin+SOCth)],"234",1,decision,0,0
2,Dead-Regen,55,TransitionConditionOperator,stateMachine/Chart,[(Fuel>fuelMin+fuelHys) && (SOC <=SOCmin+SOCth)],"234",1,decision,0,0
3,Dead-ED,55,TransitionConditionOperator,stateMachine/Chart,[(Fuel>fuelMin+fuelHys) && (SOC <=SOCmin+SOCth)],"234",1,decision,1,1
4,Dead-NoCharge,55,TransitionConditionOperator,stateMachine/Chart,[(Fuel>fuelMin+fuelHys) && (SOC <=SOCmin+SOCth)],"234",1,decision,0,0
5,Dead-Combined,55,TransitionConditionOperator,stateMachine/Chart,[(Fuel>fuelMin+fuelHys) && (SOC <=SOCmin+SOCth)],"234",1,decision,0,0
6,NoCharge-DEAD,55,TransitionConditionOperator,stateMachine/Chart,[(Fuel>fuelMin+fuelHys) && (SOC <=SOCmin+SOCth)],"234",1,decision,0,0
7,NoCharge-Regen,55,TransitionConditionOperator,stateMachine/Chart,[(Fuel>fuelMin+fuelHys) && (SOC <=SOCmin+SOCth)],"234",1,decision,0,0
8,NoCharge-ED,55,TransitionConditionOperator,stateMachine/Chart,[(Fuel>fuelMin+fuelHys) && (SOC <=SOCmin+SOCth)],"234",1,decision,1,1
9,NoCharge-Combined,55,TransitionConditionOperator,stateMachine/Chart,[(Fuel>fuelMin+fuelHys) && (SOC <=SOCmin+SOCth)],"234",1,decision,0,0
10,NoCharge-NoCharge,55,TransitionConditionOperator,stateMachine/Chart,[(Fuel>fuelMin+fuelHys) && (SOC <=SOCmin+SOCth)],"234",1,decision,0,0
11,ED-ED,55,TransitionConditionOperator,stateMachine/Chart,[(Fuel>fuelMin+fuelHys) && (SOC <=SOCmin+SOCth)],"234",1,decision,1,1
12,ED-Regen,55,TransitionConditionOperator,stateMachine/Chart,[(Fuel>fuelMin+fuelHys) && (SOC <=SOCmin+SOCth)],"234",1,decision,1,1
13,ED-DEAD,55,TransitionConditionOperator,stateMachine/Chart,[(Fuel>fuelMin+fuelHys) && (SOC <=SOCmin+SOCth)],"234",1,decision,1,1
14,ED-NoCharge,55,TransitionConditionOperator,stateMachine/Chart,[(Fuel>fuelMin+fuelHys) && (SOC <=SOCmin+SOCth)],"234",1,decision,1,1
15,ED-Combined,55,TransitionConditionOperator,stateMachine/Chart,[(Fuel>fuelMin+fuelHys) && (SOC <=SOCmin+SOCth)],"234",1,decision,1,1
16,Combined-Combined,55,TransitionConditionOperator,stateMachine/Chart,[(Fuel>fuelMin+fuelHys) && (SOC <=SOCmin+SOCth)],"234",1,decision,0,0
17,Combined-Regen,55,TransitionConditionOperator,stateMachine/Chart,[(Fuel>fuelMin+fuelHys) && (SOC <=SOCmin+SOCth)],"234",1,decision,0,0
18,Combined-DEAD,55,TransitionConditionOperator,stateMachine/Chart,[(Fuel>fuelMin+fuelHys) && (SOC <=SOCmin+SOCth)],"234",1,decision,0,0
19,Combined-ED,55,TransitionConditionOperator,stateMachine/Chart,[(Fuel>fuelMin+fuelHys) && (SOC <=SOCmin+SOCth)],"234",1,decision,1,1
20,Combined-NoCharge,55,TransitionConditionOperator,stateMachine/Chart,[(Fuel>fuelMin+fuelHys) && (SOC <=SOCmin+SOCth)],"234",1,decision,0,0
21,Regen-Regen,55,TransitionConditionOperator,stateMachine/Chart,[(Fuel>fuelMin+fuelHys) && (SOC <=SOCmin+SOCth)],"234",1,decision,0,0
22,Regen-DEAD,55,TransitionConditionOperator,stateMachine/Chart,[(Fuel>fuelMin+fuelHys) && (SOC <=SOCmin+SOCth)],"234",1,decision,0,0
23,Regen-ED,55,TransitionConditionOperator,stateMachine/Chart,[(Fuel>fuelMin+fuelHys) && (SOC <=SOCmin+SOCth)],"234",1,decision,1,1
24,Regen-NoCharge,55,TransitionConditionOperator,stateMachine/Chart,[(Fuel>fuelMin+fuelHys) && (SOC <=SOCmin+SOCth)],"234",1,decision,0,0
25,Regen-Combined,55,TransitionConditionOperator,stateMachine/Chart,[(Fuel>fuelMin+fuelHys) && (SOC <=SOCmin+SOCth)],"234",1,decision,0,0
1,Dead-Dead,56,TransitionConditionOperator,stateMachine/Chart,[(Fuel>fuelMin+fuelHys) && (SOC <=SOCmin+SOCth)],"234",1,decision,0,0
2,Dead-Regen,56,TransitionConditionOperator,stateMachine/Chart,[(Fuel>fuelMin+fuelHys) && (SOC <=SOCmin+SOCth)],"234",1,decision,0,0
3,Dead-ED,56,TransitionConditionOperator,stateMachine/Chart,[(Fuel>fuelMin+fuelHys) && (SOC <=SOCmin+SOCth)],"234",1,decision,1,1
4,Dead-NoCharge,56,TransitionConditionOperator,stateMachine/Chart,[(Fuel>fuelMin+fuelHys) && (SOC <=SOCmin+SOCth)],"234",1,decision,0,0
5,Dead-Combined,56,TransitionConditionOperator,stateMachine/Chart,[(Fuel>fuelMin+fuelHys) && (SOC <=SOCmin+SOCth)],"234",1,decision,0,0
6,NoCharge-DEAD,56,TransitionConditionOperator,stateMachine/Chart,[(Fuel>fuelMin+fuelHys) && (SOC <=SOCmin+SOCth)],"234",1,decision,0,0
7,NoCharge-Regen,56,TransitionConditionOperator,stateMachine/Chart,[(Fuel>fuelMin+fuelHys) && (SOC <=SOCmin+SOCth)],"234",1,decision,0,0
8,NoCharge-ED,56,TransitionConditionOperator,stateMachine/Chart,[(Fuel>fuelMin+fuelHys) && (SOC <=SOCmin+SOCth)],"234",1,decision,1,1
9,NoCharge-Combined,56,TransitionConditionOperator,stateMachine/Chart,[(Fuel>fuelMin+fuelHys) && (SOC <=SOCmin+SOCth)],"234",1,decision,0,0
10,NoCharge-NoCharge,56,TransitionConditionOperator,stateMachine/Chart,[(Fuel>fuelMin+fuelHys) && (SOC <=SOCmin+SOCth)],"234",1,decision,0,0
11,ED-ED,56,TransitionConditionOperator,stateMachine/Chart,[(Fuel>fuelMin+fuelHys) && (SOC <=SOCmin+SOCth)],"234",1,decision,1,1
12,ED-Regen,56,TransitionConditionOperator,stateMachine/Chart,[(Fuel>fuelMin+fuelHys) && (SOC <=SOCmin+SOCth)],"234",1,decision,1,1
13,ED-DEAD,56,TransitionConditionOperator,stateMachine/Chart,[(Fuel>fuelMin+fuelHys) && (SOC <=SOCmin+SOCth)],"234",1,decision,1,1
14,ED-NoCharge,56,TransitionConditionOperator,stateMachine/Chart,[(Fuel>fuelMin+fuelHys) && (SOC <=SOCmin+SOCth)],"234",1,decision,1,1
15,ED-Combined,56,TransitionConditionOperator,stateMachine/Chart,[(Fuel>fuelMin+fuelHys) && (SOC <=SOCmin+SOCth)],"234",1,decision,1,1
16,Combined-Combined,56,TransitionConditionOperator,stateMachine/Chart,[(Fuel>fuelMin+fuelHys) && (SOC <=SOCmin+SOCth)],"234",1,decision,0,0
17,Combined-Regen,56,TransitionConditionOperator,stateMachine/Chart,[(Fuel>fuelMin+fuelHys) && (SOC <=SOCmin+SOCth)],"234",1,decision,0,0
18,Combined-DEAD,56,TransitionConditionOperator,stateMachine/Chart,[(Fuel>fuelMin+fuelHys) && (SOC <=SOCmin+SOCth)],"234",1,decision,0,0
19,Combined-ED,56,TransitionConditionOperator,stateMachine/Chart,[(Fuel>fuelMin+fuelHys) && (SOC <=SOCmin+SOCth)],"234",1,decision,1,1
20,Combined-NoCharge,56,TransitionConditionOperator,stateMachine/Chart,[(Fuel>fuelMin+fuelHys) && (SOC <=SOCmin+SOCth)],"234",1,decision,0,0
21,Regen-Regen,56,TransitionConditionOperator,stateMachine/Chart,[(Fuel>fuelMin+fuelHys) && (SOC <=SOCmin+SOCth)],"234",1,decision,0,0
22,Regen-DEAD,56,TransitionConditionOperator,stateMachine/Chart,[(Fuel>fuelMin+fuelHys) && (SOC <=SOCmin+SOCth)],"234",1,decision,0,0
23,Regen-ED,56,TransitionConditionOperator,stateMachine/Chart,[(Fuel>fuelMin+fuelHys) && (SOC <=SOCmin+SOCth)],"234",1,decision,1,1
24,Regen-NoCharge,56,TransitionConditionOperator,stateMachine/Chart,[(Fuel>fuelMin+fuelHys) && (SOC <=SOCmin+SOCth)],"234",1,decision,0,0
25,Regen-Combined,56,TransitionConditionOperator,stateMachine/Chart,[(Fuel>fuelMin+fuelHys) && (SOC <=SOCmin+SOCth)],"234",1,decision,0,0
1,Dead-Dead,57,TransitionConditionOperator,stateMachine/Chart,[(Fuel>fuelMin+fuelHys) && (SOC <=SOCmin+SOCth)],"234",1,decision,0,0
2,Dead-Regen,57,TransitionConditionOperator,stateMachine/Chart,[(Fuel>fuelMin+fuelHys) && (SOC <=SOCmin+SOCth)],"234",1,decision,0,0
3,Dead-ED,57,TransitionConditionOperator,stateMachine/Chart,[(Fuel>fuelMin+fuelHys) && (SOC <=SOCmin+SOCth)],"234",1,decision,1,1
4,Dead-NoCharge,57,TransitionConditionOperator,stateMachine/Chart,[(Fuel>fuelMin+fuelHys) && (SOC <=SOCmin+SOCth)],"234",1,decision,0,0
5,Dead-Combined,57,TransitionConditionOperator,stateMachine/Chart,[(Fuel>fuelMin+fuelHys) && (SOC <=SOCmin+SOCth)],"234",1,decision,0,0
6,NoCharge-DEAD,57,TransitionConditionOperator,stateMachine/Chart,[(Fuel>fuelMin+fuelHys) && (SOC <=SOCmin+SOCth)],"234",1,decision,0,0
7,NoCharge-Regen,57,TransitionConditionOperator,stateMachine/Chart,[(Fuel>fuelMin+fuelHys) && (SOC <=SOCmin+SOCth)],"234",1,decision,0,0
8,NoCharge-ED,57,TransitionConditionOperator,stateMachine/Chart,[(Fuel>fuelMin+fuelHys) && (SOC <=SOCmin+SOCth)],"234",1,decision,1,1
9,NoCharge-Combined,57,TransitionConditionOperator,stateMachine/Chart,[(Fuel>fuelMin+fuelHys) && (SOC <=SOCmin+SOCth)],"234",1,decision,0,0
10,NoCharge-NoCharge,57,TransitionConditionOperator,stateMachine/Chart,[(Fuel>fuelMin+fuelHys) && (SOC <=SOCmin+SOCth)],"234",1,decision,0,0
11,ED-ED,57,TransitionConditionOperator,stateMachine/Chart,[(Fuel>fuelMin+fuelHys) && (SOC <=SOCmin+SOCth)],"234",1,decision,1,1
12,ED-Regen,57,TransitionConditionOperator,stateMachine/Chart,[(Fuel>fuelMin+fuelHys) && (SOC <=SOCmin+SOCth)],"234",1,decision,1,1
13,ED-DEAD,57,TransitionConditionOperator,stateMachine/Chart,[(Fuel>fuelMin+fuelHys) && (SOC <=SOCmin+SOCth)],"234",1,decision,1,1
14,ED-NoCharge,57,TransitionConditionOperator,stateMachine/Chart,[(Fuel>fuelMin+fuelHys) && (SOC <=SOCmin+SOCth)],"234",1,decision,1,1
15,ED-Combined,57,TransitionConditionOperator,stateMachine/Chart,[(Fuel>fuelMin+fuelHys) && (SOC <=SOCmin+SOCth)],"234",1,decision,1,1
16,Combined-Combined,57,TransitionConditionOperator,stateMachine/Chart,[(Fuel>fuelMin+fuelHys) && (SOC <=SOCmin+SOCth)],"234",1,decision,0,0
17,Combined-Regen,57,TransitionConditionOperator,stateMachine/Chart,[(Fuel>fuelMin+fuelHys) && (SOC <=SOCmin+SOCth)],"234",1,decision,0,0
18,Combined-DEAD,57,TransitionConditionOperator,stateMachine/Chart,[(Fuel>fuelMin+fuelHys) && (SOC <=SOCmin+SOCth)],"234",1,decision,0,0
19,Combined-ED,57,TransitionConditionOperator,stateMachine/Chart,[(Fuel>fuelMin+fuelHys) && (SOC <=SOCmin+SOCth)],"234",1,decision,1,1
20,Combined-NoCharge,57,TransitionConditionOperator,stateMachine/Chart,[(Fuel>fuelMin+fuelHys) && (SOC <=SOCmin+SOCth)],"234",1,decision,0,0
21,Regen-Regen,57,TransitionConditionOperator,stateMachine/Chart,[(Fuel>fuelMin+fuelHys) && (SOC <=SOCmin+SOCth)],"234",1,decision,0,0
22,Regen-DEAD,57,TransitionConditionOperator,stateMachine/Chart,[(Fuel>fuelMin+fuelHys) && (SOC <=SOCmin+SOCth)],"234",1,decision,0,0
23,Regen-ED,57,TransitionConditionOperator,stateMachine/Chart,[(Fuel>fuelMin+fuelHys) && (SOC <=SOCmin+SOCth)],"234",1,decision,1,1
24,Regen-NoCharge,57,TransitionConditionOperator,stateMachine/Chart,[(Fuel>fuelMin+fuelHys) && (SOC <=SOCmin+SOCth)],"234",1,decision,0,0
25,Regen-Combined,57,TransitionConditionOperator,stateMachine/Chart,[(Fuel>fuelMin+fuelHys) && (SOC <=SOCmin+SOCth)],"234",1,decision,0,0
1,Dead-Dead,58,TransitionConditionOperator,stateMachine/Chart,[(Fuel>fuelMin+fuelHys) && (SOC <=SOCmin+SOCth)],"234",1,decision,0,0
2,Dead-Regen,58,TransitionConditionOperator,stateMachine/Chart,[(Fuel>fuelMin+fuelHys) && (SOC <=SOCmin+SOCth)],"234",1,decision,0,0
3,Dead-ED,58,TransitionConditionOperator,stateMachine/Chart,[(Fuel>fuelMin+fuelHys) && (SOC <=SOCmin+SOCth)],"234",1,decision,1,1
4,Dead-NoCharge,58,TransitionConditionOperator,stateMachine/Chart,[(Fuel>fuelMin+fuelHys) && (SOC <=SOCmin+SOCth)],"234",1,decision,0,0
5,Dead-Combined,58,TransitionConditionOperator,stateMachine/Chart,[(Fuel>fuelMin+fuelHys) && (SOC <=SOCmin+SOCth)],"234",1,decision,0,0
6,NoCharge-DEAD,58,TransitionConditionOperator,stateMachine/Chart,[(Fuel>fuelMin+fuelHys) && (SOC <=SOCmin+SOCth)],"234",1,decision,0,0
7,NoCharge-Regen,58,TransitionConditionOperator,stateMachine/Chart,[(Fuel>fuelMin+fuelHys) && (SOC <=SOCmin+SOCth)],"234",1,decision,0,0
8,NoCharge-ED,58,TransitionConditionOperator,stateMachine/Chart,[(Fuel>fuelMin+fuelHys) && (SOC <=SOCmin+SOCth)],"234",1,decision,1,1
9,NoCharge-Combined,58,TransitionConditionOperator,stateMachine/Chart,[(Fuel>fuelMin+fuelHys) && (SOC <=SOCmin+SOCth)],"234",1,decision,0,0
10,NoCharge-NoCharge,58,TransitionConditionOperator,stateMachine/Chart,[(Fuel>fuelMin+fuelHys) && (SOC <=SOCmin+SOCth)],"234",1,decision,0,0
11,ED-ED,58,TransitionConditionOperator,stateMachine/Chart,[(Fuel>fuelMin+fuelHys) && (SOC <=SOCmin+SOCth)],"234",1,decision,1,1
12,ED-Regen,58,TransitionConditionOperator,stateMachine/Chart,[(Fuel>fuelMin+fuelHys) && (SOC <=SOCmin+SOCth)],"234",1,decision,1,1
13,ED-DEAD,58,TransitionConditionOperator,stateMachine/Chart,[(Fuel>fuelMin+fuelHys) && (SOC <=SOCmin+SOCth)],"234",1,decision,1,1
14,ED-NoCharge,58,TransitionConditionOperator,stateMachine/Chart,[(Fuel>fuelMin+fuelHys) && (SOC <=SOCmin+SOCth)],"234",1,decision,1,1
15,ED-Combined,58,TransitionConditionOperator,stateMachine/Chart,[(Fuel>fuelMin+fuelHys) && (SOC <=SOCmin+SOCth)],"234",1,decision,1,1
16,Combined-Combined,58,TransitionConditionOperator,stateMachine/Chart,[(Fuel>fuelMin+fuelHys) && (SOC <=SOCmin+SOCth)],"234",1,decision,0,0
17,Combined-Regen,58,TransitionConditionOperator,stateMachine/Chart,[(Fuel>fuelMin+fuelHys) && (SOC <=SOCmin+SOCth)],"234",1,decision,0,0
18,Combined-DEAD,58,TransitionConditionOperator,stateMachine/Chart,[(Fuel>fuelMin+fuelHys) && (SOC <=SOCmin+SOCth)],"234",1,decision,0,0
19,Combined-ED,58,TransitionConditionOperator,stateMachine/Chart,[(Fuel>fuelMin+fuelHys) && (SOC <=SOCmin+SOCth)],"234",1,decision,1,1
20,Combined-NoCharge,58,TransitionConditionOperator,stateMachine/Chart,[(Fuel>fuelMin+fuelHys) && (SOC <=SOCmin+SOCth)],"234",1,decision,0,0
21,Regen-Regen,58,TransitionConditionOperator,stateMachine/Chart,[(Fuel>fuelMin+fuelHys) && (SOC <=SOCmin+SOCth)],"234",1,decision,0,0
22,Regen-DEAD,58,TransitionConditionOperator,stateMachine/Chart,[(Fuel>fuelMin+fuelHys) && (SOC <=SOCmin+SOCth)],"234",1,decision,0,0
23,Regen-ED,58,TransitionConditionOperator,stateMachine/Chart,[(Fuel>fuelMin+fuelHys) && (SOC <=SOCmin+SOCth)],"234",1,decision,1,1
24,Regen-NoCharge,58,TransitionConditionOperator,stateMachine/Chart,[(Fuel>fuelMin+fuelHys) && (SOC <=SOCmin+SOCth)],"234",1,decision,0,0
25,Regen-Combined,58,TransitionConditionOperator,stateMachine/Chart,[(Fuel>fuelMin+fuelHys) && (SOC <=SOCmin+SOCth)],"234",1,decision,0,0
1,Dead-Dead,59,TransitionConditionOperator,stateMachine/Chart,[(Fuel>fuelMin+fuelHys) && (SOC <=SOCmin+SOCth)],"234",1,decision,0,0
2,Dead-Regen,59,TransitionConditionOperator,stateMachine/Chart,[(Fuel>fuelMin+fuelHys) && (SOC <=SOCmin+SOCth)],"234",1,decision,0,0
3,Dead-ED,59,TransitionConditionOperator,stateMachine/Chart,[(Fuel>fuelMin+fuelHys) && (SOC <=SOCmin+SOCth)],"234",1,decision,1,1
4,Dead-NoCharge,59,TransitionConditionOperator,stateMachine/Chart,[(Fuel>fuelMin+fuelHys) && (SOC <=SOCmin+SOCth)],"234",1,decision,0,0
5,Dead-Combined,59,TransitionConditionOperator,stateMachine/Chart,[(Fuel>fuelMin+fuelHys) && (SOC <=SOCmin+SOCth)],"234",1,decision,0,0
6,NoCharge-DEAD,59,TransitionConditionOperator,stateMachine/Chart,[(Fuel>fuelMin+fuelHys) && (SOC <=SOCmin+SOCth)],"234",1,decision,0,0
7,NoCharge-Regen,59,TransitionConditionOperator,stateMachine/Chart,[(Fuel>fuelMin+fuelHys) && (SOC <=SOCmin+SOCth)],"234",1,decision,0,0
8,NoCharge-ED,59,TransitionConditionOperator,stateMachine/Chart,[(Fuel>fuelMin+fuelHys) && (SOC <=SOCmin+SOCth)],"234",1,decision,1,1
9,NoCharge-Combined,59,TransitionConditionOperator,stateMachine/Chart,[(Fuel>fuelMin+fuelHys) && (SOC <=SOCmin+SOCth)],"234",1,decision,0,0
10,NoCharge-NoCharge,59,TransitionConditionOperator,stateMachine/Chart,[(Fuel>fuelMin+fuelHys) && (SOC <=SOCmin+SOCth)],"234",1,decision,0,0
11,ED-ED,59,TransitionConditionOperator,stateMachine/Chart,[(Fuel>fuelMin+fuelHys) && (SOC <=SOCmin+SOCth)],"234",1,decision,1,1
12,ED-Regen,59,TransitionConditionOperator,stateMachine/Chart,[(Fuel>fuelMin+fuelHys) && (SOC <=SOCmin+SOCth)],"234",1,decision,1,1
13,ED-DEAD,59,TransitionConditionOperator,stateMachine/Chart,[(Fuel>fuelMin+fuelHys) && (SOC <=SOCmin+SOCth)],"234",1,decision,1,1
14,ED-NoCharge,59,TransitionConditionOperator,stateMachine/Chart,[(Fuel>fuelMin+fuelHys) && (SOC <=SOCmin+SOCth)],"234",1,decision,1,1
15,ED-Combined,59,TransitionConditionOperator,stateMachine/Chart,[(Fuel>fuelMin+fuelHys) && (SOC <=SOCmin+SOCth)],"234",1,decision,1,1
16,Combined-Combined,59,TransitionConditionOperator,stateMachine/Chart,[(Fuel>fuelMin+fuelHys) && (SOC <=SOCmin+SOCth)],"234",1,decision,0,0
17,Combined-Regen,59,TransitionConditionOperator,stateMachine/Chart,[(Fuel>fuelMin+fuelHys) && (SOC <=SOCmin+SOCth)],"234",1,decision,0,0
18,Combined-DEAD,59,TransitionConditionOperator,stateMachine/Chart,[(Fuel>fuelMin+fuelHys) && (SOC <=SOCmin+SOCth)],"234",1,decision,0,0
19,Combined-ED,59,TransitionConditionOperator,stateMachine/Chart,[(Fuel>fuelMin+fuelHys) && (SOC <=SOCmin+SOCth)],"234",1,decision,1,1
20,Combined-NoCharge,59,TransitionConditionOperator,stateMachine/Chart,[(Fuel>fuelMin+fuelHys) && (SOC <=SOCmin+SOCth)],"234",1,decision,0,0
21,Regen-Regen,59,TransitionConditionOperator,stateMachine/Chart,[(Fuel>fuelMin+fuelHys) && (SOC <=SOCmin+SOCth)],"234",1,decision,0,0
22,Regen-DEAD,59,TransitionConditionOperator,stateMachine/Chart,[(Fuel>fuelMin+fuelHys) && (SOC <=SOCmin+SOCth)],"234",1,decision,0,0
23,Regen-ED,59,TransitionConditionOperator,stateMachine/Chart,[(Fuel>fuelMin+fuelHys) && (SOC <=SOCmin+SOCth)],"234",1,decision,1,1
24,Regen-NoCharge,59,TransitionConditionOperator,stateMachine/Chart,[(Fuel>fuelMin+fuelHys) && (SOC <=SOCmin+SOCth)],"234",1,decision,0,0
25,Regen-Combined,59,TransitionConditionOperator,stateMachine/Chart,[(Fuel>fuelMin+fuelHys) && (SOC <=SOCmin+SOCth)],"234",1,decision,0,0
1,Dead-Dead,60,TransitionConditionOperator,stateMachine/Chart,[ (Fuel>fuelMin+fuelHys)&& (SOC < SOCmin+SOCth)],"235",1,decision,0,0
2,Dead-Regen,60,TransitionConditionOperator,stateMachine/Chart,[ (Fuel>fuelMin+fuelHys)&& (SOC < SOCmin+SOCth)],"235",1,decision,0,0
3,Dead-ED,60,TransitionConditionOperator,stateMachine/Chart,[ (Fuel>fuelMin+fuelHys)&& (SOC < SOCmin+SOCth)],"235",1,decision,0,0
4,Dead-NoCharge,60,TransitionConditionOperator,stateMachine/Chart,[ (Fuel>fuelMin+fuelHys)&& (SOC < SOCmin+SOCth)],"235",1,decision,0,0
5,Dead-Combined,60,TransitionConditionOperator,stateMachine/Chart,[ (Fuel>fuelMin+fuelHys)&& (SOC < SOCmin+SOCth)],"235",1,decision,0,0
6,NoCharge-DEAD,60,TransitionConditionOperator,stateMachine/Chart,[ (Fuel>fuelMin+fuelHys)&& (SOC < SOCmin+SOCth)],"235",1,decision,0,0
7,NoCharge-Regen,60,TransitionConditionOperator,stateMachine/Chart,[ (Fuel>fuelMin+fuelHys)&& (SOC < SOCmin+SOCth)],"235",1,decision,0,0
8,NoCharge-ED,60,TransitionConditionOperator,stateMachine/Chart,[ (Fuel>fuelMin+fuelHys)&& (SOC < SOCmin+SOCth)],"235",1,decision,0,0
9,NoCharge-Combined,60,TransitionConditionOperator,stateMachine/Chart,[ (Fuel>fuelMin+fuelHys)&& (SOC < SOCmin+SOCth)],"235",1,decision,0,0
10,NoCharge-NoCharge,60,TransitionConditionOperator,stateMachine/Chart,[ (Fuel>fuelMin+fuelHys)&& (SOC < SOCmin+SOCth)],"235",1,decision,0,0
11,ED-ED,60,TransitionConditionOperator,stateMachine/Chart,[ (Fuel>fuelMin+fuelHys)&& (SOC < SOCmin+SOCth)],"235",1,decision,0,0
12,ED-Regen,60,TransitionConditionOperator,stateMachine/Chart,[ (Fuel>fuelMin+fuelHys)&& (SOC < SOCmin+SOCth)],"235",1,decision,0,0
13,ED-DEAD,60,TransitionConditionOperator,stateMachine/Chart,[ (Fuel>fuelMin+fuelHys)&& (SOC < SOCmin+SOCth)],"235",1,decision,0,0
14,ED-NoCharge,60,TransitionConditionOperator,stateMachine/Chart,[ (Fuel>fuelMin+fuelHys)&& (SOC < SOCmin+SOCth)],"235",1,decision,0,0
15,ED-Combined,60,TransitionConditionOperator,stateMachine/Chart,[ (Fuel>fuelMin+fuelHys)&& (SOC < SOCmin+SOCth)],"235",1,decision,0,0
16,Combined-Combined,60,TransitionConditionOperator,stateMachine/Chart,[ (Fuel>fuelMin+fuelHys)&& (SOC < SOCmin+SOCth)],"235",1,decision,0,0
17,Combined-Regen,60,TransitionConditionOperator,stateMachine/Chart,[ (Fuel>fuelMin+fuelHys)&& (SOC < SOCmin+SOCth)],"235",1,decision,0,0
18,Combined-DEAD,60,TransitionConditionOperator,stateMachine/Chart,[ (Fuel>fuelMin+fuelHys)&& (SOC < SOCmin+SOCth)],"235",1,decision,0,0
19,Combined-ED,60,TransitionConditionOperator,stateMachine/Chart,[ (Fuel>fuelMin+fuelHys)&& (SOC < SOCmin+SOCth)],"235",1,decision,0,0
20,Combined-NoCharge,60,TransitionConditionOperator,stateMachine/Chart,[ (Fuel>fuelMin+fuelHys)&& (SOC < SOCmin+SOCth)],"235",1,decision,0,0
21,Regen-Regen,60,TransitionConditionOperator,stateMachine/Chart,[ (Fuel>fuelMin+fuelHys)&& (SOC < SOCmin+SOCth)],"235",1,decision,0,0
22,Regen-DEAD,60,TransitionConditionOperator,stateMachine/Chart,[ (Fuel>fuelMin+fuelHys)&& (SOC < SOCmin+SOCth)],"235",1,decision,0,0
23,Regen-ED,60,TransitionConditionOperator,stateMachine/Chart,[ (Fuel>fuelMin+fuelHys)&& (SOC < SOCmin+SOCth)],"235",1,decision,0,0
24,Regen-NoCharge,60,TransitionConditionOperator,stateMachine/Chart,[ (Fuel>fuelMin+fuelHys)&& (SOC < SOCmin+SOCth)],"235",1,decision,1,1
25,Regen-Combined,60,TransitionConditionOperator,stateMachine/Chart,[ (Fuel>fuelMin+fuelHys)&& (SOC < SOCmin+SOCth)],"235",1,decision,1,1
1,Dead-Dead,61,TransitionConditionOperator,stateMachine/Chart,[ (Fuel>fuelMin+fuelHys)&& (SOC < SOCmin+SOCth)],"235",1,decision,0,0
2,Dead-Regen,61,TransitionConditionOperator,stateMachine/Chart,[ (Fuel>fuelMin+fuelHys)&& (SOC < SOCmin+SOCth)],"235",1,decision,0,0
3,Dead-ED,61,TransitionConditionOperator,stateMachine/Chart,[ (Fuel>fuelMin+fuelHys)&& (SOC < SOCmin+SOCth)],"235",1,decision,0,0
4,Dead-NoCharge,61,TransitionConditionOperator,stateMachine/Chart,[ (Fuel>fuelMin+fuelHys)&& (SOC < SOCmin+SOCth)],"235",1,decision,0,0
5,Dead-Combined,61,TransitionConditionOperator,stateMachine/Chart,[ (Fuel>fuelMin+fuelHys)&& (SOC < SOCmin+SOCth)],"235",1,decision,0,0
6,NoCharge-DEAD,61,TransitionConditionOperator,stateMachine/Chart,[ (Fuel>fuelMin+fuelHys)&& (SOC < SOCmin+SOCth)],"235",1,decision,0,0
7,NoCharge-Regen,61,TransitionConditionOperator,stateMachine/Chart,[ (Fuel>fuelMin+fuelHys)&& (SOC < SOCmin+SOCth)],"235",1,decision,0,0
8,NoCharge-ED,61,TransitionConditionOperator,stateMachine/Chart,[ (Fuel>fuelMin+fuelHys)&& (SOC < SOCmin+SOCth)],"235",1,decision,0,0
9,NoCharge-Combined,61,TransitionConditionOperator,stateMachine/Chart,[ (Fuel>fuelMin+fuelHys)&& (SOC < SOCmin+SOCth)],"235",1,decision,0,0
10,NoCharge-NoCharge,61,TransitionConditionOperator,stateMachine/Chart,[ (Fuel>fuelMin+fuelHys)&& (SOC < SOCmin+SOCth)],"235",1,decision,0,0
11,ED-ED,61,TransitionConditionOperator,stateMachine/Chart,[ (Fuel>fuelMin+fuelHys)&& (SOC < SOCmin+SOCth)],"235",1,decision,0,0
12,ED-Regen,61,TransitionConditionOperator,stateMachine/Chart,[ (Fuel>fuelMin+fuelHys)&& (SOC < SOCmin+SOCth)],"235",1,decision,0,0
13,ED-DEAD,61,TransitionConditionOperator,stateMachine/Chart,[ (Fuel>fuelMin+fuelHys)&& (SOC < SOCmin+SOCth)],"235",1,decision,0,0
14,ED-NoCharge,61,TransitionConditionOperator,stateMachine/Chart,[ (Fuel>fuelMin+fuelHys)&& (SOC < SOCmin+SOCth)],"235",1,decision,0,0
15,ED-Combined,61,TransitionConditionOperator,stateMachine/Chart,[ (Fuel>fuelMin+fuelHys)&& (SOC < SOCmin+SOCth)],"235",1,decision,0,0
16,Combined-Combined,61,TransitionConditionOperator,stateMachine/Chart,[ (Fuel>fuelMin+fuelHys)&& (SOC < SOCmin+SOCth)],"235",1,decision,0,0
17,Combined-Regen,61,TransitionConditionOperator,stateMachine/Chart,[ (Fuel>fuelMin+fuelHys)&& (SOC < SOCmin+SOCth)],"235",1,decision,0,0
18,Combined-DEAD,61,TransitionConditionOperator,stateMachine/Chart,[ (Fuel>fuelMin+fuelHys)&& (SOC < SOCmin+SOCth)],"235",1,decision,0,0
19,Combined-ED,61,TransitionConditionOperator,stateMachine/Chart,[ (Fuel>fuelMin+fuelHys)&& (SOC < SOCmin+SOCth)],"235",1,decision,0,0
20,Combined-NoCharge,61,TransitionConditionOperator,stateMachine/Chart,[ (Fuel>fuelMin+fuelHys)&& (SOC < SOCmin+SOCth)],"235",1,decision,0,0
21,Regen-Regen,61,TransitionConditionOperator,stateMachine/Chart,[ (Fuel>fuelMin+fuelHys)&& (SOC < SOCmin+SOCth)],"235",1,decision,0,0
22,Regen-DEAD,61,TransitionConditionOperator,stateMachine/Chart,[ (Fuel>fuelMin+fuelHys)&& (SOC < SOCmin+SOCth)],"235",1,decision,0,0
23,Regen-ED,61,TransitionConditionOperator,stateMachine/Chart,[ (Fuel>fuelMin+fuelHys)&& (SOC < SOCmin+SOCth)],"235",1,decision,0,0
24,Regen-NoCharge,61,TransitionConditionOperator,stateMachine/Chart,[ (Fuel>fuelMin+fuelHys)&& (SOC < SOCmin+SOCth)],"235",1,decision,1,1
25,Regen-Combined,61,TransitionConditionOperator,stateMachine/Chart,[ (Fuel>fuelMin+fuelHys)&& (SOC < SOCmin+SOCth)],"235",1,decision,1,1
1,Dead-Dead,62,TransitionConditionOperator,stateMachine/Chart,[ (Fuel>fuelMin+fuelHys)&& (SOC < SOCmin+SOCth)],"235",1,decision,0,0
2,Dead-Regen,62,TransitionConditionOperator,stateMachine/Chart,[ (Fuel>fuelMin+fuelHys)&& (SOC < SOCmin+SOCth)],"235",1,decision,0,0
3,Dead-ED,62,TransitionConditionOperator,stateMachine/Chart,[ (Fuel>fuelMin+fuelHys)&& (SOC < SOCmin+SOCth)],"235",1,decision,0,0
4,Dead-NoCharge,62,TransitionConditionOperator,stateMachine/Chart,[ (Fuel>fuelMin+fuelHys)&& (SOC < SOCmin+SOCth)],"235",1,decision,0,0
5,Dead-Combined,62,TransitionConditionOperator,stateMachine/Chart,[ (Fuel>fuelMin+fuelHys)&& (SOC < SOCmin+SOCth)],"235",1,decision,0,0
6,NoCharge-DEAD,62,TransitionConditionOperator,stateMachine/Chart,[ (Fuel>fuelMin+fuelHys)&& (SOC < SOCmin+SOCth)],"235",1,decision,0,0
7,NoCharge-Regen,62,TransitionConditionOperator,stateMachine/Chart,[ (Fuel>fuelMin+fuelHys)&& (SOC < SOCmin+SOCth)],"235",1,decision,0,0
8,NoCharge-ED,62,TransitionConditionOperator,stateMachine/Chart,[ (Fuel>fuelMin+fuelHys)&& (SOC < SOCmin+SOCth)],"235",1,decision,0,0
9,NoCharge-Combined,62,TransitionConditionOperator,stateMachine/Chart,[ (Fuel>fuelMin+fuelHys)&& (SOC < SOCmin+SOCth)],"235",1,decision,0,0
10,NoCharge-NoCharge,62,TransitionConditionOperator,stateMachine/Chart,[ (Fuel>fuelMin+fuelHys)&& (SOC < SOCmin+SOCth)],"235",1,decision,0,0
11,ED-ED,62,TransitionConditionOperator,stateMachine/Chart,[ (Fuel>fuelMin+fuelHys)&& (SOC < SOCmin+SOCth)],"235",1,decision,0,0
12,ED-Regen,62,TransitionConditionOperator,stateMachine/Chart,[ (Fuel>fuelMin+fuelHys)&& (SOC < SOCmin+SOCth)],"235",1,decision,0,0
13,ED-DEAD,62,TransitionConditionOperator,stateMachine/Chart,[ (Fuel>fuelMin+fuelHys)&& (SOC < SOCmin+SOCth)],"235",1,decision,0,0
14,ED-NoCharge,62,TransitionConditionOperator,stateMachine/Chart,[ (Fuel>fuelMin+fuelHys)&& (SOC < SOCmin+SOCth)],"235",1,decision,0,0
15,ED-Combined,62,TransitionConditionOperator,stateMachine/Chart,[ (Fuel>fuelMin+fuelHys)&& (SOC < SOCmin+SOCth)],"235",1,decision,0,0
16,Combined-Combined,62,TransitionConditionOperator,stateMachine/Chart,[ (Fuel>fuelMin+fuelHys)&& (SOC < SOCmin+SOCth)],"235",1,decision,0,0
17,Combined-Regen,62,TransitionConditionOperator,stateMachine/Chart,[ (Fuel>fuelMin+fuelHys)&& (SOC < SOCmin+SOCth)],"235",1,decision,0,0
18,Combined-DEAD,62,TransitionConditionOperator,stateMachine/Chart,[ (Fuel>fuelMin+fuelHys)&& (SOC < SOCmin+SOCth)],"235",1,decision,0,0
19,Combined-ED,62,TransitionConditionOperator,stateMachine/Chart,[ (Fuel>fuelMin+fuelHys)&& (SOC < SOCmin+SOCth)],"235",1,decision,0,0
20,Combined-NoCharge,62,TransitionConditionOperator,stateMachine/Chart,[ (Fuel>fuelMin+fuelHys)&& (SOC < SOCmin+SOCth)],"235",1,decision,0,0
21,Regen-Regen,62,TransitionConditionOperator,stateMachine/Chart,[ (Fuel>fuelMin+fuelHys)&& (SOC < SOCmin+SOCth)],"235",1,decision,0,0
22,Regen-DEAD,62,TransitionConditionOperator,stateMachine/Chart,[ (Fuel>fuelMin+fuelHys)&& (SOC < SOCmin+SOCth)],"235",1,decision,0,0
23,Regen-ED,62,TransitionConditionOperator,stateMachine/Chart,[ (Fuel>fuelMin+fuelHys)&& (SOC < SOCmin+SOCth)],"235",1,decision,0,0
24,Regen-NoCharge,62,TransitionConditionOperator,stateMachine/Chart,[ (Fuel>fuelMin+fuelHys)&& (SOC < SOCmin+SOCth)],"235",1,decision,1,1
25,Regen-Combined,62,TransitionConditionOperator,stateMachine/Chart,[ (Fuel>fuelMin+fuelHys)&& (SOC < SOCmin+SOCth)],"235",1,decision,1,1
1,Dead-Dead,63,TransitionConditionOperator,stateMachine/Chart,[ (Fuel>fuelMin+fuelHys)&& (SOC < SOCmin+SOCth)],"235",1,decision,0,0
2,Dead-Regen,63,TransitionConditionOperator,stateMachine/Chart,[ (Fuel>fuelMin+fuelHys)&& (SOC < SOCmin+SOCth)],"235",1,decision,0,0
3,Dead-ED,63,TransitionConditionOperator,stateMachine/Chart,[ (Fuel>fuelMin+fuelHys)&& (SOC < SOCmin+SOCth)],"235",1,decision,0,0
4,Dead-NoCharge,63,TransitionConditionOperator,stateMachine/Chart,[ (Fuel>fuelMin+fuelHys)&& (SOC < SOCmin+SOCth)],"235",1,decision,0,0
5,Dead-Combined,63,TransitionConditionOperator,stateMachine/Chart,[ (Fuel>fuelMin+fuelHys)&& (SOC < SOCmin+SOCth)],"235",1,decision,0,0
6,NoCharge-DEAD,63,TransitionConditionOperator,stateMachine/Chart,[ (Fuel>fuelMin+fuelHys)&& (SOC < SOCmin+SOCth)],"235",1,decision,0,0
7,NoCharge-Regen,63,TransitionConditionOperator,stateMachine/Chart,[ (Fuel>fuelMin+fuelHys)&& (SOC < SOCmin+SOCth)],"235",1,decision,0,0
8,NoCharge-ED,63,TransitionConditionOperator,stateMachine/Chart,[ (Fuel>fuelMin+fuelHys)&& (SOC < SOCmin+SOCth)],"235",1,decision,0,0
9,NoCharge-Combined,63,TransitionConditionOperator,stateMachine/Chart,[ (Fuel>fuelMin+fuelHys)&& (SOC < SOCmin+SOCth)],"235",1,decision,0,0
10,NoCharge-NoCharge,63,TransitionConditionOperator,stateMachine/Chart,[ (Fuel>fuelMin+fuelHys)&& (SOC < SOCmin+SOCth)],"235",1,decision,0,0
11,ED-ED,63,TransitionConditionOperator,stateMachine/Chart,[ (Fuel>fuelMin+fuelHys)&& (SOC < SOCmin+SOCth)],"235",1,decision,0,0
12,ED-Regen,63,TransitionConditionOperator,stateMachine/Chart,[ (Fuel>fuelMin+fuelHys)&& (SOC < SOCmin+SOCth)],"235",1,decision,0,0
13,ED-DEAD,63,TransitionConditionOperator,stateMachine/Chart,[ (Fuel>fuelMin+fuelHys)&& (SOC < SOCmin+SOCth)],"235",1,decision,0,0
14,ED-NoCharge,63,TransitionConditionOperator,stateMachine/Chart,[ (Fuel>fuelMin+fuelHys)&& (SOC < SOCmin+SOCth)],"235",1,decision,0,0
15,ED-Combined,63,TransitionConditionOperator,stateMachine/Chart,[ (Fuel>fuelMin+fuelHys)&& (SOC < SOCmin+SOCth)],"235",1,decision,0,0
16,Combined-Combined,63,TransitionConditionOperator,stateMachine/Chart,[ (Fuel>fuelMin+fuelHys)&& (SOC < SOCmin+SOCth)],"235",1,decision,0,0
17,Combined-Regen,63,TransitionConditionOperator,stateMachine/Chart,[ (Fuel>fuelMin+fuelHys)&& (SOC < SOCmin+SOCth)],"235",1,decision,0,0
18,Combined-DEAD,63,TransitionConditionOperator,stateMachine/Chart,[ (Fuel>fuelMin+fuelHys)&& (SOC < SOCmin+SOCth)],"235",1,decision,0,0
19,Combined-ED,63,TransitionConditionOperator,stateMachine/Chart,[ (Fuel>fuelMin+fuelHys)&& (SOC < SOCmin+SOCth)],"235",1,decision,0,0
20,Combined-NoCharge,63,TransitionConditionOperator,stateMachine/Chart,[ (Fuel>fuelMin+fuelHys)&& (SOC < SOCmin+SOCth)],"235",1,decision,0,0
21,Regen-Regen,63,TransitionConditionOperator,stateMachine/Chart,[ (Fuel>fuelMin+fuelHys)&& (SOC < SOCmin+SOCth)],"235",1,decision,0,0
22,Regen-DEAD,63,TransitionConditionOperator,stateMachine/Chart,[ (Fuel>fuelMin+fuelHys)&& (SOC < SOCmin+SOCth)],"235",1,decision,0,0
23,Regen-ED,63,TransitionConditionOperator,stateMachine/Chart,[ (Fuel>fuelMin+fuelHys)&& (SOC < SOCmin+SOCth)],"235",1,decision,0,0
24,Regen-NoCharge,63,TransitionConditionOperator,stateMachine/Chart,[ (Fuel>fuelMin+fuelHys)&& (SOC < SOCmin+SOCth)],"235",1,decision,1,1
25,Regen-Combined,63,TransitionConditionOperator,stateMachine/Chart,[ (Fuel>fuelMin+fuelHys)&& (SOC < SOCmin+SOCth)],"235",1,decision,1,1
1,Dead-Dead,64,TransitionConditionOperator,stateMachine/Chart,[ (Fuel>fuelMin+fuelHys)&& (SOC < SOCmin+SOCth)],"235",1,decision,0,0
2,Dead-Regen,64,TransitionConditionOperator,stateMachine/Chart,[ (Fuel>fuelMin+fuelHys)&& (SOC < SOCmin+SOCth)],"235",1,decision,0,0
3,Dead-ED,64,TransitionConditionOperator,stateMachine/Chart,[ (Fuel>fuelMin+fuelHys)&& (SOC < SOCmin+SOCth)],"235",1,decision,0,0
4,Dead-NoCharge,64,TransitionConditionOperator,stateMachine/Chart,[ (Fuel>fuelMin+fuelHys)&& (SOC < SOCmin+SOCth)],"235",1,decision,0,0
5,Dead-Combined,64,TransitionConditionOperator,stateMachine/Chart,[ (Fuel>fuelMin+fuelHys)&& (SOC < SOCmin+SOCth)],"235",1,decision,0,0
6,NoCharge-DEAD,64,TransitionConditionOperator,stateMachine/Chart,[ (Fuel>fuelMin+fuelHys)&& (SOC < SOCmin+SOCth)],"235",1,decision,0,0
7,NoCharge-Regen,64,TransitionConditionOperator,stateMachine/Chart,[ (Fuel>fuelMin+fuelHys)&& (SOC < SOCmin+SOCth)],"235",1,decision,0,0
8,NoCharge-ED,64,TransitionConditionOperator,stateMachine/Chart,[ (Fuel>fuelMin+fuelHys)&& (SOC < SOCmin+SOCth)],"235",1,decision,0,0
9,NoCharge-Combined,64,TransitionConditionOperator,stateMachine/Chart,[ (Fuel>fuelMin+fuelHys)&& (SOC < SOCmin+SOCth)],"235",1,decision,0,0
10,NoCharge-NoCharge,64,TransitionConditionOperator,stateMachine/Chart,[ (Fuel>fuelMin+fuelHys)&& (SOC < SOCmin+SOCth)],"235",1,decision,0,0
11,ED-ED,64,TransitionConditionOperator,stateMachine/Chart,[ (Fuel>fuelMin+fuelHys)&& (SOC < SOCmin+SOCth)],"235",1,decision,0,0
12,ED-Regen,64,TransitionConditionOperator,stateMachine/Chart,[ (Fuel>fuelMin+fuelHys)&& (SOC < SOCmin+SOCth)],"235",1,decision,0,0
13,ED-DEAD,64,TransitionConditionOperator,stateMachine/Chart,[ (Fuel>fuelMin+fuelHys)&& (SOC < SOCmin+SOCth)],"235",1,decision,0,0
14,ED-NoCharge,64,TransitionConditionOperator,stateMachine/Chart,[ (Fuel>fuelMin+fuelHys)&& (SOC < SOCmin+SOCth)],"235",1,decision,0,0
15,ED-Combined,64,TransitionConditionOperator,stateMachine/Chart,[ (Fuel>fuelMin+fuelHys)&& (SOC < SOCmin+SOCth)],"235",1,decision,0,0
16,Combined-Combined,64,TransitionConditionOperator,stateMachine/Chart,[ (Fuel>fuelMin+fuelHys)&& (SOC < SOCmin+SOCth)],"235",1,decision,0,0
17,Combined-Regen,64,TransitionConditionOperator,stateMachine/Chart,[ (Fuel>fuelMin+fuelHys)&& (SOC < SOCmin+SOCth)],"235",1,decision,0,0
18,Combined-DEAD,64,TransitionConditionOperator,stateMachine/Chart,[ (Fuel>fuelMin+fuelHys)&& (SOC < SOCmin+SOCth)],"235",1,decision,0,0
19,Combined-ED,64,TransitionConditionOperator,stateMachine/Chart,[ (Fuel>fuelMin+fuelHys)&& (SOC < SOCmin+SOCth)],"235",1,decision,0,0
20,Combined-NoCharge,64,TransitionConditionOperator,stateMachine/Chart,[ (Fuel>fuelMin+fuelHys)&& (SOC < SOCmin+SOCth)],"235",1,decision,0,0
21,Regen-Regen,64,TransitionConditionOperator,stateMachine/Chart,[ (Fuel>fuelMin+fuelHys)&& (SOC < SOCmin+SOCth)],"235",1,decision,0,0
22,Regen-DEAD,64,TransitionConditionOperator,stateMachine/Chart,[ (Fuel>fuelMin+fuelHys)&& (SOC < SOCmin+SOCth)],"235",1,decision,0,0
23,Regen-ED,64,TransitionConditionOperator,stateMachine/Chart,[ (Fuel>fuelMin+fuelHys)&& (SOC < SOCmin+SOCth)],"235",1,decision,0,0
24,Regen-NoCharge,64,TransitionConditionOperator,stateMachine/Chart,[ (Fuel>fuelMin+fuelHys)&& (SOC < SOCmin+SOCth)],"235",1,decision,1,1
25,Regen-Combined,64,TransitionConditionOperator,stateMachine/Chart,[ (Fuel>fuelMin+fuelHys)&& (SOC < SOCmin+SOCth)],"235",1,decision,1,1
1,Dead-Dead,65,TransitionConditionOperator,stateMachine/Chart,[ (Fuel>fuelMin+fuelHys)&& (SOC < SOCmin+SOCth)],"235",1,decision,0,0
2,Dead-Regen,65,TransitionConditionOperator,stateMachine/Chart,[ (Fuel>fuelMin+fuelHys)&& (SOC < SOCmin+SOCth)],"235",1,decision,0,0
3,Dead-ED,65,TransitionConditionOperator,stateMachine/Chart,[ (Fuel>fuelMin+fuelHys)&& (SOC < SOCmin+SOCth)],"235",1,decision,0,0
4,Dead-NoCharge,65,TransitionConditionOperator,stateMachine/Chart,[ (Fuel>fuelMin+fuelHys)&& (SOC < SOCmin+SOCth)],"235",1,decision,0,0
5,Dead-Combined,65,TransitionConditionOperator,stateMachine/Chart,[ (Fuel>fuelMin+fuelHys)&& (SOC < SOCmin+SOCth)],"235",1,decision,0,0
6,NoCharge-DEAD,65,TransitionConditionOperator,stateMachine/Chart,[ (Fuel>fuelMin+fuelHys)&& (SOC < SOCmin+SOCth)],"235",1,decision,0,0
7,NoCharge-Regen,65,TransitionConditionOperator,stateMachine/Chart,[ (Fuel>fuelMin+fuelHys)&& (SOC < SOCmin+SOCth)],"235",1,decision,0,0
8,NoCharge-ED,65,TransitionConditionOperator,stateMachine/Chart,[ (Fuel>fuelMin+fuelHys)&& (SOC < SOCmin+SOCth)],"235",1,decision,0,0
9,NoCharge-Combined,65,TransitionConditionOperator,stateMachine/Chart,[ (Fuel>fuelMin+fuelHys)&& (SOC < SOCmin+SOCth)],"235",1,decision,0,0
10,NoCharge-NoCharge,65,TransitionConditionOperator,stateMachine/Chart,[ (Fuel>fuelMin+fuelHys)&& (SOC < SOCmin+SOCth)],"235",1,decision,0,0
11,ED-ED,65,TransitionConditionOperator,stateMachine/Chart,[ (Fuel>fuelMin+fuelHys)&& (SOC < SOCmin+SOCth)],"235",1,decision,0,0
12,ED-Regen,65,TransitionConditionOperator,stateMachine/Chart,[ (Fuel>fuelMin+fuelHys)&& (SOC < SOCmin+SOCth)],"235",1,decision,0,0
13,ED-DEAD,65,TransitionConditionOperator,stateMachine/Chart,[ (Fuel>fuelMin+fuelHys)&& (SOC < SOCmin+SOCth)],"235",1,decision,0,0
14,ED-NoCharge,65,TransitionConditionOperator,stateMachine/Chart,[ (Fuel>fuelMin+fuelHys)&& (SOC < SOCmin+SOCth)],"235",1,decision,0,0
15,ED-Combined,65,TransitionConditionOperator,stateMachine/Chart,[ (Fuel>fuelMin+fuelHys)&& (SOC < SOCmin+SOCth)],"235",1,decision,0,0
16,Combined-Combined,65,TransitionConditionOperator,stateMachine/Chart,[ (Fuel>fuelMin+fuelHys)&& (SOC < SOCmin+SOCth)],"235",1,decision,0,0
17,Combined-Regen,65,TransitionConditionOperator,stateMachine/Chart,[ (Fuel>fuelMin+fuelHys)&& (SOC < SOCmin+SOCth)],"235",1,decision,0,0
18,Combined-DEAD,65,TransitionConditionOperator,stateMachine/Chart,[ (Fuel>fuelMin+fuelHys)&& (SOC < SOCmin+SOCth)],"235",1,decision,0,0
19,Combined-ED,65,TransitionConditionOperator,stateMachine/Chart,[ (Fuel>fuelMin+fuelHys)&& (SOC < SOCmin+SOCth)],"235",1,decision,0,0
20,Combined-NoCharge,65,TransitionConditionOperator,stateMachine/Chart,[ (Fuel>fuelMin+fuelHys)&& (SOC < SOCmin+SOCth)],"235",1,decision,0,0
21,Regen-Regen,65,TransitionConditionOperator,stateMachine/Chart,[ (Fuel>fuelMin+fuelHys)&& (SOC < SOCmin+SOCth)],"235",1,decision,0,0
22,Regen-DEAD,65,TransitionConditionOperator,stateMachine/Chart,[ (Fuel>fuelMin+fuelHys)&& (SOC < SOCmin+SOCth)],"235",1,decision,0,0
23,Regen-ED,65,TransitionConditionOperator,stateMachine/Chart,[ (Fuel>fuelMin+fuelHys)&& (SOC < SOCmin+SOCth)],"235",1,decision,0,0
24,Regen-NoCharge,65,TransitionConditionOperator,stateMachine/Chart,[ (Fuel>fuelMin+fuelHys)&& (SOC < SOCmin+SOCth)],"235",1,decision,1,1
25,Regen-Combined,65,TransitionConditionOperator,stateMachine/Chart,[ (Fuel>fuelMin+fuelHys)&& (SOC < SOCmin+SOCth)],"235",1,decision,1,1
1,Dead-Dead,66,TransitionConditionOperator,stateMachine/Chart,[ (Fuel>fuelMin+fuelHys)&& (SOC < SOCmin+SOCth)],"235",1,decision,0,0
2,Dead-Regen,66,TransitionConditionOperator,stateMachine/Chart,[ (Fuel>fuelMin+fuelHys)&& (SOC < SOCmin+SOCth)],"235",1,decision,0,0
3,Dead-ED,66,TransitionConditionOperator,stateMachine/Chart,[ (Fuel>fuelMin+fuelHys)&& (SOC < SOCmin+SOCth)],"235",1,decision,0,0
4,Dead-NoCharge,66,TransitionConditionOperator,stateMachine/Chart,[ (Fuel>fuelMin+fuelHys)&& (SOC < SOCmin+SOCth)],"235",1,decision,0,0
5,Dead-Combined,66,TransitionConditionOperator,stateMachine/Chart,[ (Fuel>fuelMin+fuelHys)&& (SOC < SOCmin+SOCth)],"235",1,decision,0,0
6,NoCharge-DEAD,66,TransitionConditionOperator,stateMachine/Chart,[ (Fuel>fuelMin+fuelHys)&& (SOC < SOCmin+SOCth)],"235",1,decision,0,0
7,NoCharge-Regen,66,TransitionConditionOperator,stateMachine/Chart,[ (Fuel>fuelMin+fuelHys)&& (SOC < SOCmin+SOCth)],"235",1,decision,0,0
8,NoCharge-ED,66,TransitionConditionOperator,stateMachine/Chart,[ (Fuel>fuelMin+fuelHys)&& (SOC < SOCmin+SOCth)],"235",1,decision,0,0
9,NoCharge-Combined,66,TransitionConditionOperator,stateMachine/Chart,[ (Fuel>fuelMin+fuelHys)&& (SOC < SOCmin+SOCth)],"235",1,decision,0,0
10,NoCharge-NoCharge,66,TransitionConditionOperator,stateMachine/Chart,[ (Fuel>fuelMin+fuelHys)&& (SOC < SOCmin+SOCth)],"235",1,decision,0,0
11,ED-ED,66,TransitionConditionOperator,stateMachine/Chart,[ (Fuel>fuelMin+fuelHys)&& (SOC < SOCmin+SOCth)],"235",1,decision,0,0
12,ED-Regen,66,TransitionConditionOperator,stateMachine/Chart,[ (Fuel>fuelMin+fuelHys)&& (SOC < SOCmin+SOCth)],"235",1,decision,0,0
13,ED-DEAD,66,TransitionConditionOperator,stateMachine/Chart,[ (Fuel>fuelMin+fuelHys)&& (SOC < SOCmin+SOCth)],"235",1,decision,0,0
14,ED-NoCharge,66,TransitionConditionOperator,stateMachine/Chart,[ (Fuel>fuelMin+fuelHys)&& (SOC < SOCmin+SOCth)],"235",1,decision,0,0
15,ED-Combined,66,TransitionConditionOperator,stateMachine/Chart,[ (Fuel>fuelMin+fuelHys)&& (SOC < SOCmin+SOCth)],"235",1,decision,0,0
16,Combined-Combined,66,TransitionConditionOperator,stateMachine/Chart,[ (Fuel>fuelMin+fuelHys)&& (SOC < SOCmin+SOCth)],"235",1,decision,0,0
17,Combined-Regen,66,TransitionConditionOperator,stateMachine/Chart,[ (Fuel>fuelMin+fuelHys)&& (SOC < SOCmin+SOCth)],"235",1,decision,0,0
18,Combined-DEAD,66,TransitionConditionOperator,stateMachine/Chart,[ (Fuel>fuelMin+fuelHys)&& (SOC < SOCmin+SOCth)],"235",1,decision,0,0
19,Combined-ED,66,TransitionConditionOperator,stateMachine/Chart,[ (Fuel>fuelMin+fuelHys)&& (SOC < SOCmin+SOCth)],"235",1,decision,0,0
20,Combined-NoCharge,66,TransitionConditionOperator,stateMachine/Chart,[ (Fuel>fuelMin+fuelHys)&& (SOC < SOCmin+SOCth)],"235",1,decision,0,0
21,Regen-Regen,66,TransitionConditionOperator,stateMachine/Chart,[ (Fuel>fuelMin+fuelHys)&& (SOC < SOCmin+SOCth)],"235",1,decision,0,0
22,Regen-DEAD,66,TransitionConditionOperator,stateMachine/Chart,[ (Fuel>fuelMin+fuelHys)&& (SOC < SOCmin+SOCth)],"235",1,decision,0,0
23,Regen-ED,66,TransitionConditionOperator,stateMachine/Chart,[ (Fuel>fuelMin+fuelHys)&& (SOC < SOCmin+SOCth)],"235",1,decision,0,0
24,Regen-NoCharge,66,TransitionConditionOperator,stateMachine/Chart,[ (Fuel>fuelMin+fuelHys)&& (SOC < SOCmin+SOCth)],"235",1,decision,1,1
25,Regen-Combined,66,TransitionConditionOperator,stateMachine/Chart,[ (Fuel>fuelMin+fuelHys)&& (SOC < SOCmin+SOCth)],"235",1,decision,1,1
1,Dead-Dead,67,TransitionConditionOperator,stateMachine/Chart,[ (Fuel>fuelMin+fuelHys)&& (SOC < SOCmin+SOCth)],"235",1,decision,0,0
2,Dead-Regen,67,TransitionConditionOperator,stateMachine/Chart,[ (Fuel>fuelMin+fuelHys)&& (SOC < SOCmin+SOCth)],"235",1,decision,0,0
3,Dead-ED,67,TransitionConditionOperator,stateMachine/Chart,[ (Fuel>fuelMin+fuelHys)&& (SOC < SOCmin+SOCth)],"235",1,decision,0,0
4,Dead-NoCharge,67,TransitionConditionOperator,stateMachine/Chart,[ (Fuel>fuelMin+fuelHys)&& (SOC < SOCmin+SOCth)],"235",1,decision,0,0
5,Dead-Combined,67,TransitionConditionOperator,stateMachine/Chart,[ (Fuel>fuelMin+fuelHys)&& (SOC < SOCmin+SOCth)],"235",1,decision,0,0
6,NoCharge-DEAD,67,TransitionConditionOperator,stateMachine/Chart,[ (Fuel>fuelMin+fuelHys)&& (SOC < SOCmin+SOCth)],"235",1,decision,0,0
7,NoCharge-Regen,67,TransitionConditionOperator,stateMachine/Chart,[ (Fuel>fuelMin+fuelHys)&& (SOC < SOCmin+SOCth)],"235",1,decision,0,0
8,NoCharge-ED,67,TransitionConditionOperator,stateMachine/Chart,[ (Fuel>fuelMin+fuelHys)&& (SOC < SOCmin+SOCth)],"235",1,decision,0,0
9,NoCharge-Combined,67,TransitionConditionOperator,stateMachine/Chart,[ (Fuel>fuelMin+fuelHys)&& (SOC < SOCmin+SOCth)],"235",1,decision,0,0
10,NoCharge-NoCharge,67,TransitionConditionOperator,stateMachine/Chart,[ (Fuel>fuelMin+fuelHys)&& (SOC < SOCmin+SOCth)],"235",1,decision,0,0
11,ED-ED,67,TransitionConditionOperator,stateMachine/Chart,[ (Fuel>fuelMin+fuelHys)&& (SOC < SOCmin+SOCth)],"235",1,decision,0,0
12,ED-Regen,67,TransitionConditionOperator,stateMachine/Chart,[ (Fuel>fuelMin+fuelHys)&& (SOC < SOCmin+SOCth)],"235",1,decision,0,0
13,ED-DEAD,67,TransitionConditionOperator,stateMachine/Chart,[ (Fuel>fuelMin+fuelHys)&& (SOC < SOCmin+SOCth)],"235",1,decision,0,0
14,ED-NoCharge,67,TransitionConditionOperator,stateMachine/Chart,[ (Fuel>fuelMin+fuelHys)&& (SOC < SOCmin+SOCth)],"235",1,decision,0,0
15,ED-Combined,67,TransitionConditionOperator,stateMachine/Chart,[ (Fuel>fuelMin+fuelHys)&& (SOC < SOCmin+SOCth)],"235",1,decision,0,0
16,Combined-Combined,67,TransitionConditionOperator,stateMachine/Chart,[ (Fuel>fuelMin+fuelHys)&& (SOC < SOCmin+SOCth)],"235",1,decision,0,0
17,Combined-Regen,67,TransitionConditionOperator,stateMachine/Chart,[ (Fuel>fuelMin+fuelHys)&& (SOC < SOCmin+SOCth)],"235",1,decision,0,0
18,Combined-DEAD,67,TransitionConditionOperator,stateMachine/Chart,[ (Fuel>fuelMin+fuelHys)&& (SOC < SOCmin+SOCth)],"235",1,decision,0,0
19,Combined-ED,67,TransitionConditionOperator,stateMachine/Chart,[ (Fuel>fuelMin+fuelHys)&& (SOC < SOCmin+SOCth)],"235",1,decision,0,0
20,Combined-NoCharge,67,TransitionConditionOperator,stateMachine/Chart,[ (Fuel>fuelMin+fuelHys)&& (SOC < SOCmin+SOCth)],"235",1,decision,0,0
21,Regen-Regen,67,TransitionConditionOperator,stateMachine/Chart,[ (Fuel>fuelMin+fuelHys)&& (SOC < SOCmin+SOCth)],"235",1,decision,0,0
22,Regen-DEAD,67,TransitionConditionOperator,stateMachine/Chart,[ (Fuel>fuelMin+fuelHys)&& (SOC < SOCmin+SOCth)],"235",1,decision,0,0
23,Regen-ED,67,TransitionConditionOperator,stateMachine/Chart,[ (Fuel>fuelMin+fuelHys)&& (SOC < SOCmin+SOCth)],"235",1,decision,0,0
24,Regen-NoCharge,67,TransitionConditionOperator,stateMachine/Chart,[ (Fuel>fuelMin+fuelHys)&& (SOC < SOCmin+SOCth)],"235",1,decision,1,1
25,Regen-Combined,67,TransitionConditionOperator,stateMachine/Chart,[ (Fuel>fuelMin+fuelHys)&& (SOC < SOCmin+SOCth)],"235",1,decision,1,1
1,Dead-Dead,68,TransitionConditionOperator,stateMachine/Chart,[ (Fuel>fuelMin+fuelHys)&& (SOC < SOCmin+SOCth)],"235",1,decision,0,0
2,Dead-Regen,68,TransitionConditionOperator,stateMachine/Chart,[ (Fuel>fuelMin+fuelHys)&& (SOC < SOCmin+SOCth)],"235",1,decision,0,0
3,Dead-ED,68,TransitionConditionOperator,stateMachine/Chart,[ (Fuel>fuelMin+fuelHys)&& (SOC < SOCmin+SOCth)],"235",1,decision,0,0
4,Dead-NoCharge,68,TransitionConditionOperator,stateMachine/Chart,[ (Fuel>fuelMin+fuelHys)&& (SOC < SOCmin+SOCth)],"235",1,decision,0,0
5,Dead-Combined,68,TransitionConditionOperator,stateMachine/Chart,[ (Fuel>fuelMin+fuelHys)&& (SOC < SOCmin+SOCth)],"235",1,decision,0,0
6,NoCharge-DEAD,68,TransitionConditionOperator,stateMachine/Chart,[ (Fuel>fuelMin+fuelHys)&& (SOC < SOCmin+SOCth)],"235",1,decision,0,0
7,NoCharge-Regen,68,TransitionConditionOperator,stateMachine/Chart,[ (Fuel>fuelMin+fuelHys)&& (SOC < SOCmin+SOCth)],"235",1,decision,0,0
8,NoCharge-ED,68,TransitionConditionOperator,stateMachine/Chart,[ (Fuel>fuelMin+fuelHys)&& (SOC < SOCmin+SOCth)],"235",1,decision,0,0
9,NoCharge-Combined,68,TransitionConditionOperator,stateMachine/Chart,[ (Fuel>fuelMin+fuelHys)&& (SOC < SOCmin+SOCth)],"235",1,decision,0,0
10,NoCharge-NoCharge,68,TransitionConditionOperator,stateMachine/Chart,[ (Fuel>fuelMin+fuelHys)&& (SOC < SOCmin+SOCth)],"235",1,decision,0,0
11,ED-ED,68,TransitionConditionOperator,stateMachine/Chart,[ (Fuel>fuelMin+fuelHys)&& (SOC < SOCmin+SOCth)],"235",1,decision,0,0
12,ED-Regen,68,TransitionConditionOperator,stateMachine/Chart,[ (Fuel>fuelMin+fuelHys)&& (SOC < SOCmin+SOCth)],"235",1,decision,0,0
13,ED-DEAD,68,TransitionConditionOperator,stateMachine/Chart,[ (Fuel>fuelMin+fuelHys)&& (SOC < SOCmin+SOCth)],"235",1,decision,0,0
14,ED-NoCharge,68,TransitionConditionOperator,stateMachine/Chart,[ (Fuel>fuelMin+fuelHys)&& (SOC < SOCmin+SOCth)],"235",1,decision,0,0
15,ED-Combined,68,TransitionConditionOperator,stateMachine/Chart,[ (Fuel>fuelMin+fuelHys)&& (SOC < SOCmin+SOCth)],"235",1,decision,0,0
16,Combined-Combined,68,TransitionConditionOperator,stateMachine/Chart,[ (Fuel>fuelMin+fuelHys)&& (SOC < SOCmin+SOCth)],"235",1,decision,0,0
17,Combined-Regen,68,TransitionConditionOperator,stateMachine/Chart,[ (Fuel>fuelMin+fuelHys)&& (SOC < SOCmin+SOCth)],"235",1,decision,0,0
18,Combined-DEAD,68,TransitionConditionOperator,stateMachine/Chart,[ (Fuel>fuelMin+fuelHys)&& (SOC < SOCmin+SOCth)],"235",1,decision,0,0
19,Combined-ED,68,TransitionConditionOperator,stateMachine/Chart,[ (Fuel>fuelMin+fuelHys)&& (SOC < SOCmin+SOCth)],"235",1,decision,0,0
20,Combined-NoCharge,68,TransitionConditionOperator,stateMachine/Chart,[ (Fuel>fuelMin+fuelHys)&& (SOC < SOCmin+SOCth)],"235",1,decision,0,0
21,Regen-Regen,68,TransitionConditionOperator,stateMachine/Chart,[ (Fuel>fuelMin+fuelHys)&& (SOC < SOCmin+SOCth)],"235",1,decision,0,0
22,Regen-DEAD,68,TransitionConditionOperator,stateMachine/Chart,[ (Fuel>fuelMin+fuelHys)&& (SOC < SOCmin+SOCth)],"235",1,decision,0,0
23,Regen-ED,68,TransitionConditionOperator,stateMachine/Chart,[ (Fuel>fuelMin+fuelHys)&& (SOC < SOCmin+SOCth)],"235",1,decision,0,0
24,Regen-NoCharge,68,TransitionConditionOperator,stateMachine/Chart,[ (Fuel>fuelMin+fuelHys)&& (SOC < SOCmin+SOCth)],"235",1,decision,1,1
25,Regen-Combined,68,TransitionConditionOperator,stateMachine/Chart,[ (Fuel>fuelMin+fuelHys)&& (SOC < SOCmin+SOCth)],"235",1,decision,1,1
1,Dead-Dead,69,TransitionConditionOperator,stateMachine/Chart,[ (Fuel>fuelMin+fuelHys)&& (SOC < SOCmin+SOCth)],"235",1,decision,0,0
2,Dead-Regen,69,TransitionConditionOperator,stateMachine/Chart,[ (Fuel>fuelMin+fuelHys)&& (SOC < SOCmin+SOCth)],"235",1,decision,0,0
3,Dead-ED,69,TransitionConditionOperator,stateMachine/Chart,[ (Fuel>fuelMin+fuelHys)&& (SOC < SOCmin+SOCth)],"235",1,decision,0,0
4,Dead-NoCharge,69,TransitionConditionOperator,stateMachine/Chart,[ (Fuel>fuelMin+fuelHys)&& (SOC < SOCmin+SOCth)],"235",1,decision,0,0
5,Dead-Combined,69,TransitionConditionOperator,stateMachine/Chart,[ (Fuel>fuelMin+fuelHys)&& (SOC < SOCmin+SOCth)],"235",1,decision,0,0
6,NoCharge-DEAD,69,TransitionConditionOperator,stateMachine/Chart,[ (Fuel>fuelMin+fuelHys)&& (SOC < SOCmin+SOCth)],"235",1,decision,0,0
7,NoCharge-Regen,69,TransitionConditionOperator,stateMachine/Chart,[ (Fuel>fuelMin+fuelHys)&& (SOC < SOCmin+SOCth)],"235",1,decision,0,0
8,NoCharge-ED,69,TransitionConditionOperator,stateMachine/Chart,[ (Fuel>fuelMin+fuelHys)&& (SOC < SOCmin+SOCth)],"235",1,decision,0,0
9,NoCharge-Combined,69,TransitionConditionOperator,stateMachine/Chart,[ (Fuel>fuelMin+fuelHys)&& (SOC < SOCmin+SOCth)],"235",1,decision,0,0
10,NoCharge-NoCharge,69,TransitionConditionOperator,stateMachine/Chart,[ (Fuel>fuelMin+fuelHys)&& (SOC < SOCmin+SOCth)],"235",1,decision,0,0
11,ED-ED,69,TransitionConditionOperator,stateMachine/Chart,[ (Fuel>fuelMin+fuelHys)&& (SOC < SOCmin+SOCth)],"235",1,decision,0,0
12,ED-Regen,69,TransitionConditionOperator,stateMachine/Chart,[ (Fuel>fuelMin+fuelHys)&& (SOC < SOCmin+SOCth)],"235",1,decision,0,0
13,ED-DEAD,69,TransitionConditionOperator,stateMachine/Chart,[ (Fuel>fuelMin+fuelHys)&& (SOC < SOCmin+SOCth)],"235",1,decision,0,0
14,ED-NoCharge,69,TransitionConditionOperator,stateMachine/Chart,[ (Fuel>fuelMin+fuelHys)&& (SOC < SOCmin+SOCth)],"235",1,decision,0,0
15,ED-Combined,69,TransitionConditionOperator,stateMachine/Chart,[ (Fuel>fuelMin+fuelHys)&& (SOC < SOCmin+SOCth)],"235",1,decision,0,0
16,Combined-Combined,69,TransitionConditionOperator,stateMachine/Chart,[ (Fuel>fuelMin+fuelHys)&& (SOC < SOCmin+SOCth)],"235",1,decision,0,0
17,Combined-Regen,69,TransitionConditionOperator,stateMachine/Chart,[ (Fuel>fuelMin+fuelHys)&& (SOC < SOCmin+SOCth)],"235",1,decision,0,0
18,Combined-DEAD,69,TransitionConditionOperator,stateMachine/Chart,[ (Fuel>fuelMin+fuelHys)&& (SOC < SOCmin+SOCth)],"235",1,decision,0,0
19,Combined-ED,69,TransitionConditionOperator,stateMachine/Chart,[ (Fuel>fuelMin+fuelHys)&& (SOC < SOCmin+SOCth)],"235",1,decision,0,0
20,Combined-NoCharge,69,TransitionConditionOperator,stateMachine/Chart,[ (Fuel>fuelMin+fuelHys)&& (SOC < SOCmin+SOCth)],"235",1,decision,0,0
21,Regen-Regen,69,TransitionConditionOperator,stateMachine/Chart,[ (Fuel>fuelMin+fuelHys)&& (SOC < SOCmin+SOCth)],"235",1,decision,0,0
22,Regen-DEAD,69,TransitionConditionOperator,stateMachine/Chart,[ (Fuel>fuelMin+fuelHys)&& (SOC < SOCmin+SOCth)],"235",1,decision,0,0
23,Regen-ED,69,TransitionConditionOperator,stateMachine/Chart,[ (Fuel>fuelMin+fuelHys)&& (SOC < SOCmin+SOCth)],"235",1,decision,0,0
24,Regen-NoCharge,69,TransitionConditionOperator,stateMachine/Chart,[ (Fuel>fuelMin+fuelHys)&& (SOC < SOCmin+SOCth)],"235",1,decision,1,1
25,Regen-Combined,69,TransitionConditionOperator,stateMachine/Chart,[ (Fuel>fuelMin+fuelHys)&& (SOC < SOCmin+SOCth)],"235",1,decision,1,1
1,Dead-Dead,70,TransitionConditionOperator,stateMachine/Chart,[((SOC > SOCmin+SOCth) && (RealSpeed < SpeedEDmax)) || ((Fuel<fuelMin+fuelHys) && (SOC >SOCmin+SOCth))],"236",1,decision,0,0
2,Dead-Regen,70,TransitionConditionOperator,stateMachine/Chart,[((SOC > SOCmin+SOCth) && (RealSpeed < SpeedEDmax)) || ((Fuel<fuelMin+fuelHys) && (SOC >SOCmin+SOCth))],"236",1,decision,0,0
3,Dead-ED,70,TransitionConditionOperator,stateMachine/Chart,[((SOC > SOCmin+SOCth) && (RealSpeed < SpeedEDmax)) || ((Fuel<fuelMin+fuelHys) && (SOC >SOCmin+SOCth))],"236",1,decision,0,0
4,Dead-NoCharge,70,TransitionConditionOperator,stateMachine/Chart,[((SOC > SOCmin+SOCth) && (RealSpeed < SpeedEDmax)) || ((Fuel<fuelMin+fuelHys) && (SOC >SOCmin+SOCth))],"236",1,decision,1,1
5,Dead-Combined,70,TransitionConditionOperator,stateMachine/Chart,[((SOC > SOCmin+SOCth) && (RealSpeed < SpeedEDmax)) || ((Fuel<fuelMin+fuelHys) && (SOC >SOCmin+SOCth))],"236",1,decision,0,0
6,NoCharge-DEAD,70,TransitionConditionOperator,stateMachine/Chart,[((SOC > SOCmin+SOCth) && (RealSpeed < SpeedEDmax)) || ((Fuel<fuelMin+fuelHys) && (SOC >SOCmin+SOCth))],"236",1,decision,1,1
7,NoCharge-Regen,70,TransitionConditionOperator,stateMachine/Chart,[((SOC > SOCmin+SOCth) && (RealSpeed < SpeedEDmax)) || ((Fuel<fuelMin+fuelHys) && (SOC >SOCmin+SOCth))],"236",1,decision,1,1
8,NoCharge-ED,70,TransitionConditionOperator,stateMachine/Chart,[((SOC > SOCmin+SOCth) && (RealSpeed < SpeedEDmax)) || ((Fuel<fuelMin+fuelHys) && (SOC >SOCmin+SOCth))],"236",1,decision,1,1
9,NoCharge-Combined,70,TransitionConditionOperator,stateMachine/Chart,[((SOC > SOCmin+SOCth) && (RealSpeed < SpeedEDmax)) || ((Fuel<fuelMin+fuelHys) && (SOC >SOCmin+SOCth))],"236",1,decision,1,1
10,NoCharge-NoCharge,70,TransitionConditionOperator,stateMachine/Chart,[((SOC > SOCmin+SOCth) && (RealSpeed < SpeedEDmax)) || ((Fuel<fuelMin+fuelHys) && (SOC >SOCmin+SOCth))],"236",1,decision,1,1
11,ED-ED,70,TransitionConditionOperator,stateMachine/Chart,[((SOC > SOCmin+SOCth) && (RealSpeed < SpeedEDmax)) || ((Fuel<fuelMin+fuelHys) && (SOC >SOCmin+SOCth))],"236",1,decision,0,0
12,ED-Regen,70,TransitionConditionOperator,stateMachine/Chart,[((SOC > SOCmin+SOCth) && (RealSpeed < SpeedEDmax)) || ((Fuel<fuelMin+fuelHys) && (SOC >SOCmin+SOCth))],"236",1,decision,0,0
13,ED-DEAD,70,TransitionConditionOperator,stateMachine/Chart,[((SOC > SOCmin+SOCth) && (RealSpeed < SpeedEDmax)) || ((Fuel<fuelMin+fuelHys) && (SOC >SOCmin+SOCth))],"236",1,decision,0,0
14,ED-NoCharge,70,TransitionConditionOperator,stateMachine/Chart,[((SOC > SOCmin+SOCth) && (RealSpeed < SpeedEDmax)) || ((Fuel<fuelMin+fuelHys) && (SOC >SOCmin+SOCth))],"236",1,decision,1,1
15,ED-Combined,70,TransitionConditionOperator,stateMachine/Chart,[((SOC > SOCmin+SOCth) && (RealSpeed < SpeedEDmax)) || ((Fuel<fuelMin+fuelHys) && (SOC >SOCmin+SOCth))],"236",1,decision,0,0
16,Combined-Combined,70,TransitionConditionOperator,stateMachine/Chart,[((SOC > SOCmin+SOCth) && (RealSpeed < SpeedEDmax)) || ((Fuel<fuelMin+fuelHys) && (SOC >SOCmin+SOCth))],"236",1,decision,0,0
17,Combined-Regen,70,TransitionConditionOperator,stateMachine/Chart,[((SOC > SOCmin+SOCth) && (RealSpeed < SpeedEDmax)) || ((Fuel<fuelMin+fuelHys) && (SOC >SOCmin+SOCth))],"236",1,decision,0,0
18,Combined-DEAD,70,TransitionConditionOperator,stateMachine/Chart,[((SOC > SOCmin+SOCth) && (RealSpeed < SpeedEDmax)) || ((Fuel<fuelMin+fuelHys) && (SOC >SOCmin+SOCth))],"236",1,decision,0,0
19,Combined-ED,70,TransitionConditionOperator,stateMachine/Chart,[((SOC > SOCmin+SOCth) && (RealSpeed < SpeedEDmax)) || ((Fuel<fuelMin+fuelHys) && (SOC >SOCmin+SOCth))],"236",1,decision,0,0
20,Combined-NoCharge,70,TransitionConditionOperator,stateMachine/Chart,[((SOC > SOCmin+SOCth) && (RealSpeed < SpeedEDmax)) || ((Fuel<fuelMin+fuelHys) && (SOC >SOCmin+SOCth))],"236",1,decision,1,1
21,Regen-Regen,70,TransitionConditionOperator,stateMachine/Chart,[((SOC > SOCmin+SOCth) && (RealSpeed < SpeedEDmax)) || ((Fuel<fuelMin+fuelHys) && (SOC >SOCmin+SOCth))],"236",1,decision,0,0
22,Regen-DEAD,70,TransitionConditionOperator,stateMachine/Chart,[((SOC > SOCmin+SOCth) && (RealSpeed < SpeedEDmax)) || ((Fuel<fuelMin+fuelHys) && (SOC >SOCmin+SOCth))],"236",1,decision,0,0
23,Regen-ED,70,TransitionConditionOperator,stateMachine/Chart,[((SOC > SOCmin+SOCth) && (RealSpeed < SpeedEDmax)) || ((Fuel<fuelMin+fuelHys) && (SOC >SOCmin+SOCth))],"236",1,decision,0,0
24,Regen-NoCharge,70,TransitionConditionOperator,stateMachine/Chart,[((SOC > SOCmin+SOCth) && (RealSpeed < SpeedEDmax)) || ((Fuel<fuelMin+fuelHys) && (SOC >SOCmin+SOCth))],"236",1,decision,1,1
25,Regen-Combined,70,TransitionConditionOperator,stateMachine/Chart,[((SOC > SOCmin+SOCth) && (RealSpeed < SpeedEDmax)) || ((Fuel<fuelMin+fuelHys) && (SOC >SOCmin+SOCth))],"236",1,decision,0,0
1,Dead-Dead,71,TransitionConditionOperator,stateMachine/Chart,[((SOC > SOCmin+SOCth) && (RealSpeed < SpeedEDmax)) || ((Fuel<fuelMin+fuelHys) && (SOC >SOCmin+SOCth))],"236",1,decision,0,0
2,Dead-Regen,71,TransitionConditionOperator,stateMachine/Chart,[((SOC > SOCmin+SOCth) && (RealSpeed < SpeedEDmax)) || ((Fuel<fuelMin+fuelHys) && (SOC >SOCmin+SOCth))],"236",1,decision,0,0
3,Dead-ED,71,TransitionConditionOperator,stateMachine/Chart,[((SOC > SOCmin+SOCth) && (RealSpeed < SpeedEDmax)) || ((Fuel<fuelMin+fuelHys) && (SOC >SOCmin+SOCth))],"236",1,decision,0,0
4,Dead-NoCharge,71,TransitionConditionOperator,stateMachine/Chart,[((SOC > SOCmin+SOCth) && (RealSpeed < SpeedEDmax)) || ((Fuel<fuelMin+fuelHys) && (SOC >SOCmin+SOCth))],"236",1,decision,1,1
5,Dead-Combined,71,TransitionConditionOperator,stateMachine/Chart,[((SOC > SOCmin+SOCth) && (RealSpeed < SpeedEDmax)) || ((Fuel<fuelMin+fuelHys) && (SOC >SOCmin+SOCth))],"236",1,decision,0,0
6,NoCharge-DEAD,71,TransitionConditionOperator,stateMachine/Chart,[((SOC > SOCmin+SOCth) && (RealSpeed < SpeedEDmax)) || ((Fuel<fuelMin+fuelHys) && (SOC >SOCmin+SOCth))],"236",1,decision,1,1
7,NoCharge-Regen,71,TransitionConditionOperator,stateMachine/Chart,[((SOC > SOCmin+SOCth) && (RealSpeed < SpeedEDmax)) || ((Fuel<fuelMin+fuelHys) && (SOC >SOCmin+SOCth))],"236",1,decision,1,1
8,NoCharge-ED,71,TransitionConditionOperator,stateMachine/Chart,[((SOC > SOCmin+SOCth) && (RealSpeed < SpeedEDmax)) || ((Fuel<fuelMin+fuelHys) && (SOC >SOCmin+SOCth))],"236",1,decision,1,1
9,NoCharge-Combined,71,TransitionConditionOperator,stateMachine/Chart,[((SOC > SOCmin+SOCth) && (RealSpeed < SpeedEDmax)) || ((Fuel<fuelMin+fuelHys) && (SOC >SOCmin+SOCth))],"236",1,decision,1,1
10,NoCharge-NoCharge,71,TransitionConditionOperator,stateMachine/Chart,[((SOC > SOCmin+SOCth) && (RealSpeed < SpeedEDmax)) || ((Fuel<fuelMin+fuelHys) && (SOC >SOCmin+SOCth))],"236",1,decision,1,1
11,ED-ED,71,TransitionConditionOperator,stateMachine/Chart,[((SOC > SOCmin+SOCth) && (RealSpeed < SpeedEDmax)) || ((Fuel<fuelMin+fuelHys) && (SOC >SOCmin+SOCth))],"236",1,decision,0,0
12,ED-Regen,71,TransitionConditionOperator,stateMachine/Chart,[((SOC > SOCmin+SOCth) && (RealSpeed < SpeedEDmax)) || ((Fuel<fuelMin+fuelHys) && (SOC >SOCmin+SOCth))],"236",1,decision,0,0
13,ED-DEAD,71,TransitionConditionOperator,stateMachine/Chart,[((SOC > SOCmin+SOCth) && (RealSpeed < SpeedEDmax)) || ((Fuel<fuelMin+fuelHys) && (SOC >SOCmin+SOCth))],"236",1,decision,0,0
14,ED-NoCharge,71,TransitionConditionOperator,stateMachine/Chart,[((SOC > SOCmin+SOCth) && (RealSpeed < SpeedEDmax)) || ((Fuel<fuelMin+fuelHys) && (SOC >SOCmin+SOCth))],"236",1,decision,1,1
15,ED-Combined,71,TransitionConditionOperator,stateMachine/Chart,[((SOC > SOCmin+SOCth) && (RealSpeed < SpeedEDmax)) || ((Fuel<fuelMin+fuelHys) && (SOC >SOCmin+SOCth))],"236",1,decision,0,0
16,Combined-Combined,71,TransitionConditionOperator,stateMachine/Chart,[((SOC > SOCmin+SOCth) && (RealSpeed < SpeedEDmax)) || ((Fuel<fuelMin+fuelHys) && (SOC >SOCmin+SOCth))],"236",1,decision,0,0
17,Combined-Regen,71,TransitionConditionOperator,stateMachine/Chart,[((SOC > SOCmin+SOCth) && (RealSpeed < SpeedEDmax)) || ((Fuel<fuelMin+fuelHys) && (SOC >SOCmin+SOCth))],"236",1,decision,0,0
18,Combined-DEAD,71,TransitionConditionOperator,stateMachine/Chart,[((SOC > SOCmin+SOCth) && (RealSpeed < SpeedEDmax)) || ((Fuel<fuelMin+fuelHys) && (SOC >SOCmin+SOCth))],"236",1,decision,0,0
19,Combined-ED,71,TransitionConditionOperator,stateMachine/Chart,[((SOC > SOCmin+SOCth) && (RealSpeed < SpeedEDmax)) || ((Fuel<fuelMin+fuelHys) && (SOC >SOCmin+SOCth))],"236",1,decision,0,0
20,Combined-NoCharge,71,TransitionConditionOperator,stateMachine/Chart,[((SOC > SOCmin+SOCth) && (RealSpeed < SpeedEDmax)) || ((Fuel<fuelMin+fuelHys) && (SOC >SOCmin+SOCth))],"236",1,decision,1,1
21,Regen-Regen,71,TransitionConditionOperator,stateMachine/Chart,[((SOC > SOCmin+SOCth) && (RealSpeed < SpeedEDmax)) || ((Fuel<fuelMin+fuelHys) && (SOC >SOCmin+SOCth))],"236",1,decision,0,0
22,Regen-DEAD,71,TransitionConditionOperator,stateMachine/Chart,[((SOC > SOCmin+SOCth) && (RealSpeed < SpeedEDmax)) || ((Fuel<fuelMin+fuelHys) && (SOC >SOCmin+SOCth))],"236",1,decision,0,0
23,Regen-ED,71,TransitionConditionOperator,stateMachine/Chart,[((SOC > SOCmin+SOCth) && (RealSpeed < SpeedEDmax)) || ((Fuel<fuelMin+fuelHys) && (SOC >SOCmin+SOCth))],"236",1,decision,0,0
24,Regen-NoCharge,71,TransitionConditionOperator,stateMachine/Chart,[((SOC > SOCmin+SOCth) && (RealSpeed < SpeedEDmax)) || ((Fuel<fuelMin+fuelHys) && (SOC >SOCmin+SOCth))],"236",1,decision,1,1
25,Regen-Combined,71,TransitionConditionOperator,stateMachine/Chart,[((SOC > SOCmin+SOCth) && (RealSpeed < SpeedEDmax)) || ((Fuel<fuelMin+fuelHys) && (SOC >SOCmin+SOCth))],"236",1,decision,0,0
1,Dead-Dead,72,TransitionConditionOperator,stateMachine/Chart,[((SOC > SOCmin+SOCth) && (RealSpeed < SpeedEDmax)) || ((Fuel<fuelMin+fuelHys) && (SOC >SOCmin+SOCth))],"236",1,decision,0,0
2,Dead-Regen,72,TransitionConditionOperator,stateMachine/Chart,[((SOC > SOCmin+SOCth) && (RealSpeed < SpeedEDmax)) || ((Fuel<fuelMin+fuelHys) && (SOC >SOCmin+SOCth))],"236",1,decision,0,0
3,Dead-ED,72,TransitionConditionOperator,stateMachine/Chart,[((SOC > SOCmin+SOCth) && (RealSpeed < SpeedEDmax)) || ((Fuel<fuelMin+fuelHys) && (SOC >SOCmin+SOCth))],"236",1,decision,0,0
4,Dead-NoCharge,72,TransitionConditionOperator,stateMachine/Chart,[((SOC > SOCmin+SOCth) && (RealSpeed < SpeedEDmax)) || ((Fuel<fuelMin+fuelHys) && (SOC >SOCmin+SOCth))],"236",1,decision,1,1
5,Dead-Combined,72,TransitionConditionOperator,stateMachine/Chart,[((SOC > SOCmin+SOCth) && (RealSpeed < SpeedEDmax)) || ((Fuel<fuelMin+fuelHys) && (SOC >SOCmin+SOCth))],"236",1,decision,0,0
6,NoCharge-DEAD,72,TransitionConditionOperator,stateMachine/Chart,[((SOC > SOCmin+SOCth) && (RealSpeed < SpeedEDmax)) || ((Fuel<fuelMin+fuelHys) && (SOC >SOCmin+SOCth))],"236",1,decision,1,1
7,NoCharge-Regen,72,TransitionConditionOperator,stateMachine/Chart,[((SOC > SOCmin+SOCth) && (RealSpeed < SpeedEDmax)) || ((Fuel<fuelMin+fuelHys) && (SOC >SOCmin+SOCth))],"236",1,decision,1,1
8,NoCharge-ED,72,TransitionConditionOperator,stateMachine/Chart,[((SOC > SOCmin+SOCth) && (RealSpeed < SpeedEDmax)) || ((Fuel<fuelMin+fuelHys) && (SOC >SOCmin+SOCth))],"236",1,decision,1,1
9,NoCharge-Combined,72,TransitionConditionOperator,stateMachine/Chart,[((SOC > SOCmin+SOCth) && (RealSpeed < SpeedEDmax)) || ((Fuel<fuelMin+fuelHys) && (SOC >SOCmin+SOCth))],"236",1,decision,1,1
10,NoCharge-NoCharge,72,TransitionConditionOperator,stateMachine/Chart,[((SOC > SOCmin+SOCth) && (RealSpeed < SpeedEDmax)) || ((Fuel<fuelMin+fuelHys) && (SOC >SOCmin+SOCth))],"236",1,decision,1,1
11,ED-ED,72,TransitionConditionOperator,stateMachine/Chart,[((SOC > SOCmin+SOCth) && (RealSpeed < SpeedEDmax)) || ((Fuel<fuelMin+fuelHys) && (SOC >SOCmin+SOCth))],"236",1,decision,0,0
12,ED-Regen,72,TransitionConditionOperator,stateMachine/Chart,[((SOC > SOCmin+SOCth) && (RealSpeed < SpeedEDmax)) || ((Fuel<fuelMin+fuelHys) && (SOC >SOCmin+SOCth))],"236",1,decision,0,0
13,ED-DEAD,72,TransitionConditionOperator,stateMachine/Chart,[((SOC > SOCmin+SOCth) && (RealSpeed < SpeedEDmax)) || ((Fuel<fuelMin+fuelHys) && (SOC >SOCmin+SOCth))],"236",1,decision,0,0
14,ED-NoCharge,72,TransitionConditionOperator,stateMachine/Chart,[((SOC > SOCmin+SOCth) && (RealSpeed < SpeedEDmax)) || ((Fuel<fuelMin+fuelHys) && (SOC >SOCmin+SOCth))],"236",1,decision,1,1
15,ED-Combined,72,TransitionConditionOperator,stateMachine/Chart,[((SOC > SOCmin+SOCth) && (RealSpeed < SpeedEDmax)) || ((Fuel<fuelMin+fuelHys) && (SOC >SOCmin+SOCth))],"236",1,decision,0,0
16,Combined-Combined,72,TransitionConditionOperator,stateMachine/Chart,[((SOC > SOCmin+SOCth) && (RealSpeed < SpeedEDmax)) || ((Fuel<fuelMin+fuelHys) && (SOC >SOCmin+SOCth))],"236",1,decision,0,0
17,Combined-Regen,72,TransitionConditionOperator,stateMachine/Chart,[((SOC > SOCmin+SOCth) && (RealSpeed < SpeedEDmax)) || ((Fuel<fuelMin+fuelHys) && (SOC >SOCmin+SOCth))],"236",1,decision,0,0
18,Combined-DEAD,72,TransitionConditionOperator,stateMachine/Chart,[((SOC > SOCmin+SOCth) && (RealSpeed < SpeedEDmax)) || ((Fuel<fuelMin+fuelHys) && (SOC >SOCmin+SOCth))],"236",1,decision,0,0
19,Combined-ED,72,TransitionConditionOperator,stateMachine/Chart,[((SOC > SOCmin+SOCth) && (RealSpeed < SpeedEDmax)) || ((Fuel<fuelMin+fuelHys) && (SOC >SOCmin+SOCth))],"236",1,decision,0,0
20,Combined-NoCharge,72,TransitionConditionOperator,stateMachine/Chart,[((SOC > SOCmin+SOCth) && (RealSpeed < SpeedEDmax)) || ((Fuel<fuelMin+fuelHys) && (SOC >SOCmin+SOCth))],"236",1,decision,1,1
21,Regen-Regen,72,TransitionConditionOperator,stateMachine/Chart,[((SOC > SOCmin+SOCth) && (RealSpeed < SpeedEDmax)) || ((Fuel<fuelMin+fuelHys) && (SOC >SOCmin+SOCth))],"236",1,decision,0,0
22,Regen-DEAD,72,TransitionConditionOperator,stateMachine/Chart,[((SOC > SOCmin+SOCth) && (RealSpeed < SpeedEDmax)) || ((Fuel<fuelMin+fuelHys) && (SOC >SOCmin+SOCth))],"236",1,decision,0,0
23,Regen-ED,72,TransitionConditionOperator,stateMachine/Chart,[((SOC > SOCmin+SOCth) && (RealSpeed < SpeedEDmax)) || ((Fuel<fuelMin+fuelHys) && (SOC >SOCmin+SOCth))],"236",1,decision,0,0
24,Regen-NoCharge,72,TransitionConditionOperator,stateMachine/Chart,[((SOC > SOCmin+SOCth) && (RealSpeed < SpeedEDmax)) || ((Fuel<fuelMin+fuelHys) && (SOC >SOCmin+SOCth))],"236",1,decision,1,1
25,Regen-Combined,72,TransitionConditionOperator,stateMachine/Chart,[((SOC > SOCmin+SOCth) && (RealSpeed < SpeedEDmax)) || ((Fuel<fuelMin+fuelHys) && (SOC >SOCmin+SOCth))],"236",1,decision,0,0
1,Dead-Dead,73,TransitionConditionOperator,stateMachine/Chart,[((SOC > SOCmin+SOCth) && (RealSpeed < SpeedEDmax)) || ((Fuel<fuelMin+fuelHys) && (SOC >SOCmin+SOCth))],"236",1,decision,0,0
2,Dead-Regen,73,TransitionConditionOperator,stateMachine/Chart,[((SOC > SOCmin+SOCth) && (RealSpeed < SpeedEDmax)) || ((Fuel<fuelMin+fuelHys) && (SOC >SOCmin+SOCth))],"236",1,decision,0,0
3,Dead-ED,73,TransitionConditionOperator,stateMachine/Chart,[((SOC > SOCmin+SOCth) && (RealSpeed < SpeedEDmax)) || ((Fuel<fuelMin+fuelHys) && (SOC >SOCmin+SOCth))],"236",1,decision,0,0
4,Dead-NoCharge,73,TransitionConditionOperator,stateMachine/Chart,[((SOC > SOCmin+SOCth) && (RealSpeed < SpeedEDmax)) || ((Fuel<fuelMin+fuelHys) && (SOC >SOCmin+SOCth))],"236",1,decision,1,1
5,Dead-Combined,73,TransitionConditionOperator,stateMachine/Chart,[((SOC > SOCmin+SOCth) && (RealSpeed < SpeedEDmax)) || ((Fuel<fuelMin+fuelHys) && (SOC >SOCmin+SOCth))],"236",1,decision,0,0
6,NoCharge-DEAD,73,TransitionConditionOperator,stateMachine/Chart,[((SOC > SOCmin+SOCth) && (RealSpeed < SpeedEDmax)) || ((Fuel<fuelMin+fuelHys) && (SOC >SOCmin+SOCth))],"236",1,decision,1,1
7,NoCharge-Regen,73,TransitionConditionOperator,stateMachine/Chart,[((SOC > SOCmin+SOCth) && (RealSpeed < SpeedEDmax)) || ((Fuel<fuelMin+fuelHys) && (SOC >SOCmin+SOCth))],"236",1,decision,1,1
8,NoCharge-ED,73,TransitionConditionOperator,stateMachine/Chart,[((SOC > SOCmin+SOCth) && (RealSpeed < SpeedEDmax)) || ((Fuel<fuelMin+fuelHys) && (SOC >SOCmin+SOCth))],"236",1,decision,1,1
9,NoCharge-Combined,73,TransitionConditionOperator,stateMachine/Chart,[((SOC > SOCmin+SOCth) && (RealSpeed < SpeedEDmax)) || ((Fuel<fuelMin+fuelHys) && (SOC >SOCmin+SOCth))],"236",1,decision,1,1
10,NoCharge-NoCharge,73,TransitionConditionOperator,stateMachine/Chart,[((SOC > SOCmin+SOCth) && (RealSpeed < SpeedEDmax)) || ((Fuel<fuelMin+fuelHys) && (SOC >SOCmin+SOCth))],"236",1,decision,1,1
11,ED-ED,73,TransitionConditionOperator,stateMachine/Chart,[((SOC > SOCmin+SOCth) && (RealSpeed < SpeedEDmax)) || ((Fuel<fuelMin+fuelHys) && (SOC >SOCmin+SOCth))],"236",1,decision,0,0
12,ED-Regen,73,TransitionConditionOperator,stateMachine/Chart,[((SOC > SOCmin+SOCth) && (RealSpeed < SpeedEDmax)) || ((Fuel<fuelMin+fuelHys) && (SOC >SOCmin+SOCth))],"236",1,decision,0,0
13,ED-DEAD,73,TransitionConditionOperator,stateMachine/Chart,[((SOC > SOCmin+SOCth) && (RealSpeed < SpeedEDmax)) || ((Fuel<fuelMin+fuelHys) && (SOC >SOCmin+SOCth))],"236",1,decision,0,0
14,ED-NoCharge,73,TransitionConditionOperator,stateMachine/Chart,[((SOC > SOCmin+SOCth) && (RealSpeed < SpeedEDmax)) || ((Fuel<fuelMin+fuelHys) && (SOC >SOCmin+SOCth))],"236",1,decision,1,1
15,ED-Combined,73,TransitionConditionOperator,stateMachine/Chart,[((SOC > SOCmin+SOCth) && (RealSpeed < SpeedEDmax)) || ((Fuel<fuelMin+fuelHys) && (SOC >SOCmin+SOCth))],"236",1,decision,0,0
16,Combined-Combined,73,TransitionConditionOperator,stateMachine/Chart,[((SOC > SOCmin+SOCth) && (RealSpeed < SpeedEDmax)) || ((Fuel<fuelMin+fuelHys) && (SOC >SOCmin+SOCth))],"236",1,decision,0,0
17,Combined-Regen,73,TransitionConditionOperator,stateMachine/Chart,[((SOC > SOCmin+SOCth) && (RealSpeed < SpeedEDmax)) || ((Fuel<fuelMin+fuelHys) && (SOC >SOCmin+SOCth))],"236",1,decision,0,0
18,Combined-DEAD,73,TransitionConditionOperator,stateMachine/Chart,[((SOC > SOCmin+SOCth) && (RealSpeed < SpeedEDmax)) || ((Fuel<fuelMin+fuelHys) && (SOC >SOCmin+SOCth))],"236",1,decision,0,0
19,Combined-ED,73,TransitionConditionOperator,stateMachine/Chart,[((SOC > SOCmin+SOCth) && (RealSpeed < SpeedEDmax)) || ((Fuel<fuelMin+fuelHys) && (SOC >SOCmin+SOCth))],"236",1,decision,0,0
20,Combined-NoCharge,73,TransitionConditionOperator,stateMachine/Chart,[((SOC > SOCmin+SOCth) && (RealSpeed < SpeedEDmax)) || ((Fuel<fuelMin+fuelHys) && (SOC >SOCmin+SOCth))],"236",1,decision,1,1
21,Regen-Regen,73,TransitionConditionOperator,stateMachine/Chart,[((SOC > SOCmin+SOCth) && (RealSpeed < SpeedEDmax)) || ((Fuel<fuelMin+fuelHys) && (SOC >SOCmin+SOCth))],"236",1,decision,0,0
22,Regen-DEAD,73,TransitionConditionOperator,stateMachine/Chart,[((SOC > SOCmin+SOCth) && (RealSpeed < SpeedEDmax)) || ((Fuel<fuelMin+fuelHys) && (SOC >SOCmin+SOCth))],"236",1,decision,0,0
23,Regen-ED,73,TransitionConditionOperator,stateMachine/Chart,[((SOC > SOCmin+SOCth) && (RealSpeed < SpeedEDmax)) || ((Fuel<fuelMin+fuelHys) && (SOC >SOCmin+SOCth))],"236",1,decision,0,0
24,Regen-NoCharge,73,TransitionConditionOperator,stateMachine/Chart,[((SOC > SOCmin+SOCth) && (RealSpeed < SpeedEDmax)) || ((Fuel<fuelMin+fuelHys) && (SOC >SOCmin+SOCth))],"236",1,decision,1,1
25,Regen-Combined,73,TransitionConditionOperator,stateMachine/Chart,[((SOC > SOCmin+SOCth) && (RealSpeed < SpeedEDmax)) || ((Fuel<fuelMin+fuelHys) && (SOC >SOCmin+SOCth))],"236",1,decision,0,0
1,Dead-Dead,74,TransitionConditionOperator,stateMachine/Chart,[((SOC > SOCmin+SOCth) && (RealSpeed < SpeedEDmax)) || ((Fuel<fuelMin+fuelHys) && (SOC >SOCmin+SOCth))],"236",1,decision,0,0
2,Dead-Regen,74,TransitionConditionOperator,stateMachine/Chart,[((SOC > SOCmin+SOCth) && (RealSpeed < SpeedEDmax)) || ((Fuel<fuelMin+fuelHys) && (SOC >SOCmin+SOCth))],"236",1,decision,0,0
3,Dead-ED,74,TransitionConditionOperator,stateMachine/Chart,[((SOC > SOCmin+SOCth) && (RealSpeed < SpeedEDmax)) || ((Fuel<fuelMin+fuelHys) && (SOC >SOCmin+SOCth))],"236",1,decision,0,0
4,Dead-NoCharge,74,TransitionConditionOperator,stateMachine/Chart,[((SOC > SOCmin+SOCth) && (RealSpeed < SpeedEDmax)) || ((Fuel<fuelMin+fuelHys) && (SOC >SOCmin+SOCth))],"236",1,decision,1,1
5,Dead-Combined,74,TransitionConditionOperator,stateMachine/Chart,[((SOC > SOCmin+SOCth) && (RealSpeed < SpeedEDmax)) || ((Fuel<fuelMin+fuelHys) && (SOC >SOCmin+SOCth))],"236",1,decision,0,0
6,NoCharge-DEAD,74,TransitionConditionOperator,stateMachine/Chart,[((SOC > SOCmin+SOCth) && (RealSpeed < SpeedEDmax)) || ((Fuel<fuelMin+fuelHys) && (SOC >SOCmin+SOCth))],"236",1,decision,1,1
7,NoCharge-Regen,74,TransitionConditionOperator,stateMachine/Chart,[((SOC > SOCmin+SOCth) && (RealSpeed < SpeedEDmax)) || ((Fuel<fuelMin+fuelHys) && (SOC >SOCmin+SOCth))],"236",1,decision,1,1
8,NoCharge-ED,74,TransitionConditionOperator,stateMachine/Chart,[((SOC > SOCmin+SOCth) && (RealSpeed < SpeedEDmax)) || ((Fuel<fuelMin+fuelHys) && (SOC >SOCmin+SOCth))],"236",1,decision,1,1
9,NoCharge-Combined,74,TransitionConditionOperator,stateMachine/Chart,[((SOC > SOCmin+SOCth) && (RealSpeed < SpeedEDmax)) || ((Fuel<fuelMin+fuelHys) && (SOC >SOCmin+SOCth))],"236",1,decision,1,1
10,NoCharge-NoCharge,74,TransitionConditionOperator,stateMachine/Chart,[((SOC > SOCmin+SOCth) && (RealSpeed < SpeedEDmax)) || ((Fuel<fuelMin+fuelHys) && (SOC >SOCmin+SOCth))],"236",1,decision,1,1
11,ED-ED,74,TransitionConditionOperator,stateMachine/Chart,[((SOC > SOCmin+SOCth) && (RealSpeed < SpeedEDmax)) || ((Fuel<fuelMin+fuelHys) && (SOC >SOCmin+SOCth))],"236",1,decision,0,0
12,ED-Regen,74,TransitionConditionOperator,stateMachine/Chart,[((SOC > SOCmin+SOCth) && (RealSpeed < SpeedEDmax)) || ((Fuel<fuelMin+fuelHys) && (SOC >SOCmin+SOCth))],"236",1,decision,0,0
13,ED-DEAD,74,TransitionConditionOperator,stateMachine/Chart,[((SOC > SOCmin+SOCth) && (RealSpeed < SpeedEDmax)) || ((Fuel<fuelMin+fuelHys) && (SOC >SOCmin+SOCth))],"236",1,decision,0,0
14,ED-NoCharge,74,TransitionConditionOperator,stateMachine/Chart,[((SOC > SOCmin+SOCth) && (RealSpeed < SpeedEDmax)) || ((Fuel<fuelMin+fuelHys) && (SOC >SOCmin+SOCth))],"236",1,decision,1,1
15,ED-Combined,74,TransitionConditionOperator,stateMachine/Chart,[((SOC > SOCmin+SOCth) && (RealSpeed < SpeedEDmax)) || ((Fuel<fuelMin+fuelHys) && (SOC >SOCmin+SOCth))],"236",1,decision,0,0
16,Combined-Combined,74,TransitionConditionOperator,stateMachine/Chart,[((SOC > SOCmin+SOCth) && (RealSpeed < SpeedEDmax)) || ((Fuel<fuelMin+fuelHys) && (SOC >SOCmin+SOCth))],"236",1,decision,0,0
17,Combined-Regen,74,TransitionConditionOperator,stateMachine/Chart,[((SOC > SOCmin+SOCth) && (RealSpeed < SpeedEDmax)) || ((Fuel<fuelMin+fuelHys) && (SOC >SOCmin+SOCth))],"236",1,decision,0,0
18,Combined-DEAD,74,TransitionConditionOperator,stateMachine/Chart,[((SOC > SOCmin+SOCth) && (RealSpeed < SpeedEDmax)) || ((Fuel<fuelMin+fuelHys) && (SOC >SOCmin+SOCth))],"236",1,decision,0,0
19,Combined-ED,74,TransitionConditionOperator,stateMachine/Chart,[((SOC > SOCmin+SOCth) && (RealSpeed < SpeedEDmax)) || ((Fuel<fuelMin+fuelHys) && (SOC >SOCmin+SOCth))],"236",1,decision,0,0
20,Combined-NoCharge,74,TransitionConditionOperator,stateMachine/Chart,[((SOC > SOCmin+SOCth) && (RealSpeed < SpeedEDmax)) || ((Fuel<fuelMin+fuelHys) && (SOC >SOCmin+SOCth))],"236",1,decision,1,1
21,Regen-Regen,74,TransitionConditionOperator,stateMachine/Chart,[((SOC > SOCmin+SOCth) && (RealSpeed < SpeedEDmax)) || ((Fuel<fuelMin+fuelHys) && (SOC >SOCmin+SOCth))],"236",1,decision,0,0
22,Regen-DEAD,74,TransitionConditionOperator,stateMachine/Chart,[((SOC > SOCmin+SOCth) && (RealSpeed < SpeedEDmax)) || ((Fuel<fuelMin+fuelHys) && (SOC >SOCmin+SOCth))],"236",1,decision,0,0
23,Regen-ED,74,TransitionConditionOperator,stateMachine/Chart,[((SOC > SOCmin+SOCth) && (RealSpeed < SpeedEDmax)) || ((Fuel<fuelMin+fuelHys) && (SOC >SOCmin+SOCth))],"236",1,decision,0,0
24,Regen-NoCharge,74,TransitionConditionOperator,stateMachine/Chart,[((SOC > SOCmin+SOCth) && (RealSpeed < SpeedEDmax)) || ((Fuel<fuelMin+fuelHys) && (SOC >SOCmin+SOCth))],"236",1,decision,1,1
25,Regen-Combined,74,TransitionConditionOperator,stateMachine/Chart,[((SOC > SOCmin+SOCth) && (RealSpeed < SpeedEDmax)) || ((Fuel<fuelMin+fuelHys) && (SOC >SOCmin+SOCth))],"236",1,decision,0,0
1,Dead-Dead,75,TransitionConditionOperator,stateMachine/Chart,[((SOC > SOCmin+SOCth) && (RealSpeed < SpeedEDmax)) || ((Fuel<fuelMin+fuelHys) && (SOC >SOCmin+SOCth))],"236",1,decision,0,0
2,Dead-Regen,75,TransitionConditionOperator,stateMachine/Chart,[((SOC > SOCmin+SOCth) && (RealSpeed < SpeedEDmax)) || ((Fuel<fuelMin+fuelHys) && (SOC >SOCmin+SOCth))],"236",1,decision,0,0
3,Dead-ED,75,TransitionConditionOperator,stateMachine/Chart,[((SOC > SOCmin+SOCth) && (RealSpeed < SpeedEDmax)) || ((Fuel<fuelMin+fuelHys) && (SOC >SOCmin+SOCth))],"236",1,decision,0,0
4,Dead-NoCharge,75,TransitionConditionOperator,stateMachine/Chart,[((SOC > SOCmin+SOCth) && (RealSpeed < SpeedEDmax)) || ((Fuel<fuelMin+fuelHys) && (SOC >SOCmin+SOCth))],"236",1,decision,1,1
5,Dead-Combined,75,TransitionConditionOperator,stateMachine/Chart,[((SOC > SOCmin+SOCth) && (RealSpeed < SpeedEDmax)) || ((Fuel<fuelMin+fuelHys) && (SOC >SOCmin+SOCth))],"236",1,decision,0,0
6,NoCharge-DEAD,75,TransitionConditionOperator,stateMachine/Chart,[((SOC > SOCmin+SOCth) && (RealSpeed < SpeedEDmax)) || ((Fuel<fuelMin+fuelHys) && (SOC >SOCmin+SOCth))],"236",1,decision,1,1
7,NoCharge-Regen,75,TransitionConditionOperator,stateMachine/Chart,[((SOC > SOCmin+SOCth) && (RealSpeed < SpeedEDmax)) || ((Fuel<fuelMin+fuelHys) && (SOC >SOCmin+SOCth))],"236",1,decision,1,1
8,NoCharge-ED,75,TransitionConditionOperator,stateMachine/Chart,[((SOC > SOCmin+SOCth) && (RealSpeed < SpeedEDmax)) || ((Fuel<fuelMin+fuelHys) && (SOC >SOCmin+SOCth))],"236",1,decision,1,1
9,NoCharge-Combined,75,TransitionConditionOperator,stateMachine/Chart,[((SOC > SOCmin+SOCth) && (RealSpeed < SpeedEDmax)) || ((Fuel<fuelMin+fuelHys) && (SOC >SOCmin+SOCth))],"236",1,decision,1,1
10,NoCharge-NoCharge,75,TransitionConditionOperator,stateMachine/Chart,[((SOC > SOCmin+SOCth) && (RealSpeed < SpeedEDmax)) || ((Fuel<fuelMin+fuelHys) && (SOC >SOCmin+SOCth))],"236",1,decision,1,1
11,ED-ED,75,TransitionConditionOperator,stateMachine/Chart,[((SOC > SOCmin+SOCth) && (RealSpeed < SpeedEDmax)) || ((Fuel<fuelMin+fuelHys) && (SOC >SOCmin+SOCth))],"236",1,decision,0,0
12,ED-Regen,75,TransitionConditionOperator,stateMachine/Chart,[((SOC > SOCmin+SOCth) && (RealSpeed < SpeedEDmax)) || ((Fuel<fuelMin+fuelHys) && (SOC >SOCmin+SOCth))],"236",1,decision,0,0
13,ED-DEAD,75,TransitionConditionOperator,stateMachine/Chart,[((SOC > SOCmin+SOCth) && (RealSpeed < SpeedEDmax)) || ((Fuel<fuelMin+fuelHys) && (SOC >SOCmin+SOCth))],"236",1,decision,0,0
14,ED-NoCharge,75,TransitionConditionOperator,stateMachine/Chart,[((SOC > SOCmin+SOCth) && (RealSpeed < SpeedEDmax)) || ((Fuel<fuelMin+fuelHys) && (SOC >SOCmin+SOCth))],"236",1,decision,1,1
15,ED-Combined,75,TransitionConditionOperator,stateMachine/Chart,[((SOC > SOCmin+SOCth) && (RealSpeed < SpeedEDmax)) || ((Fuel<fuelMin+fuelHys) && (SOC >SOCmin+SOCth))],"236",1,decision,0,0
16,Combined-Combined,75,TransitionConditionOperator,stateMachine/Chart,[((SOC > SOCmin+SOCth) && (RealSpeed < SpeedEDmax)) || ((Fuel<fuelMin+fuelHys) && (SOC >SOCmin+SOCth))],"236",1,decision,0,0
17,Combined-Regen,75,TransitionConditionOperator,stateMachine/Chart,[((SOC > SOCmin+SOCth) && (RealSpeed < SpeedEDmax)) || ((Fuel<fuelMin+fuelHys) && (SOC >SOCmin+SOCth))],"236",1,decision,0,0
18,Combined-DEAD,75,TransitionConditionOperator,stateMachine/Chart,[((SOC > SOCmin+SOCth) && (RealSpeed < SpeedEDmax)) || ((Fuel<fuelMin+fuelHys) && (SOC >SOCmin+SOCth))],"236",1,decision,0,0
19,Combined-ED,75,TransitionConditionOperator,stateMachine/Chart,[((SOC > SOCmin+SOCth) && (RealSpeed < SpeedEDmax)) || ((Fuel<fuelMin+fuelHys) && (SOC >SOCmin+SOCth))],"236",1,decision,0,0
20,Combined-NoCharge,75,TransitionConditionOperator,stateMachine/Chart,[((SOC > SOCmin+SOCth) && (RealSpeed < SpeedEDmax)) || ((Fuel<fuelMin+fuelHys) && (SOC >SOCmin+SOCth))],"236",1,decision,1,1
21,Regen-Regen,75,TransitionConditionOperator,stateMachine/Chart,[((SOC > SOCmin+SOCth) && (RealSpeed < SpeedEDmax)) || ((Fuel<fuelMin+fuelHys) && (SOC >SOCmin+SOCth))],"236",1,decision,0,0
22,Regen-DEAD,75,TransitionConditionOperator,stateMachine/Chart,[((SOC > SOCmin+SOCth) && (RealSpeed < SpeedEDmax)) || ((Fuel<fuelMin+fuelHys) && (SOC >SOCmin+SOCth))],"236",1,decision,0,0
23,Regen-ED,75,TransitionConditionOperator,stateMachine/Chart,[((SOC > SOCmin+SOCth) && (RealSpeed < SpeedEDmax)) || ((Fuel<fuelMin+fuelHys) && (SOC >SOCmin+SOCth))],"236",1,decision,0,0
24,Regen-NoCharge,75,TransitionConditionOperator,stateMachine/Chart,[((SOC > SOCmin+SOCth) && (RealSpeed < SpeedEDmax)) || ((Fuel<fuelMin+fuelHys) && (SOC >SOCmin+SOCth))],"236",1,decision,1,1
25,Regen-Combined,75,TransitionConditionOperator,stateMachine/Chart,[((SOC > SOCmin+SOCth) && (RealSpeed < SpeedEDmax)) || ((Fuel<fuelMin+fuelHys) && (SOC >SOCmin+SOCth))],"236",1,decision,0,0
1,Dead-Dead,76,TransitionConditionOperator,stateMachine/Chart,[((SOC > SOCmin+SOCth) && (RealSpeed < SpeedEDmax)) || ((Fuel<fuelMin+fuelHys) && (SOC >SOCmin+SOCth))],"236",1,decision,0,0
2,Dead-Regen,76,TransitionConditionOperator,stateMachine/Chart,[((SOC > SOCmin+SOCth) && (RealSpeed < SpeedEDmax)) || ((Fuel<fuelMin+fuelHys) && (SOC >SOCmin+SOCth))],"236",1,decision,0,0
3,Dead-ED,76,TransitionConditionOperator,stateMachine/Chart,[((SOC > SOCmin+SOCth) && (RealSpeed < SpeedEDmax)) || ((Fuel<fuelMin+fuelHys) && (SOC >SOCmin+SOCth))],"236",1,decision,0,0
4,Dead-NoCharge,76,TransitionConditionOperator,stateMachine/Chart,[((SOC > SOCmin+SOCth) && (RealSpeed < SpeedEDmax)) || ((Fuel<fuelMin+fuelHys) && (SOC >SOCmin+SOCth))],"236",1,decision,1,1
5,Dead-Combined,76,TransitionConditionOperator,stateMachine/Chart,[((SOC > SOCmin+SOCth) && (RealSpeed < SpeedEDmax)) || ((Fuel<fuelMin+fuelHys) && (SOC >SOCmin+SOCth))],"236",1,decision,0,0
6,NoCharge-DEAD,76,TransitionConditionOperator,stateMachine/Chart,[((SOC > SOCmin+SOCth) && (RealSpeed < SpeedEDmax)) || ((Fuel<fuelMin+fuelHys) && (SOC >SOCmin+SOCth))],"236",1,decision,1,1
7,NoCharge-Regen,76,TransitionConditionOperator,stateMachine/Chart,[((SOC > SOCmin+SOCth) && (RealSpeed < SpeedEDmax)) || ((Fuel<fuelMin+fuelHys) && (SOC >SOCmin+SOCth))],"236",1,decision,1,1
8,NoCharge-ED,76,TransitionConditionOperator,stateMachine/Chart,[((SOC > SOCmin+SOCth) && (RealSpeed < SpeedEDmax)) || ((Fuel<fuelMin+fuelHys) && (SOC >SOCmin+SOCth))],"236",1,decision,1,1
9,NoCharge-Combined,76,TransitionConditionOperator,stateMachine/Chart,[((SOC > SOCmin+SOCth) && (RealSpeed < SpeedEDmax)) || ((Fuel<fuelMin+fuelHys) && (SOC >SOCmin+SOCth))],"236",1,decision,1,1
10,NoCharge-NoCharge,76,TransitionConditionOperator,stateMachine/Chart,[((SOC > SOCmin+SOCth) && (RealSpeed < SpeedEDmax)) || ((Fuel<fuelMin+fuelHys) && (SOC >SOCmin+SOCth))],"236",1,decision,1,1
11,ED-ED,76,TransitionConditionOperator,stateMachine/Chart,[((SOC > SOCmin+SOCth) && (RealSpeed < SpeedEDmax)) || ((Fuel<fuelMin+fuelHys) && (SOC >SOCmin+SOCth))],"236",1,decision,0,0
12,ED-Regen,76,TransitionConditionOperator,stateMachine/Chart,[((SOC > SOCmin+SOCth) && (RealSpeed < SpeedEDmax)) || ((Fuel<fuelMin+fuelHys) && (SOC >SOCmin+SOCth))],"236",1,decision,0,0
13,ED-DEAD,76,TransitionConditionOperator,stateMachine/Chart,[((SOC > SOCmin+SOCth) && (RealSpeed < SpeedEDmax)) || ((Fuel<fuelMin+fuelHys) && (SOC >SOCmin+SOCth))],"236",1,decision,0,0
14,ED-NoCharge,76,TransitionConditionOperator,stateMachine/Chart,[((SOC > SOCmin+SOCth) && (RealSpeed < SpeedEDmax)) || ((Fuel<fuelMin+fuelHys) && (SOC >SOCmin+SOCth))],"236",1,decision,1,1
15,ED-Combined,76,TransitionConditionOperator,stateMachine/Chart,[((SOC > SOCmin+SOCth) && (RealSpeed < SpeedEDmax)) || ((Fuel<fuelMin+fuelHys) && (SOC >SOCmin+SOCth))],"236",1,decision,0,0
16,Combined-Combined,76,TransitionConditionOperator,stateMachine/Chart,[((SOC > SOCmin+SOCth) && (RealSpeed < SpeedEDmax)) || ((Fuel<fuelMin+fuelHys) && (SOC >SOCmin+SOCth))],"236",1,decision,0,0
17,Combined-Regen,76,TransitionConditionOperator,stateMachine/Chart,[((SOC > SOCmin+SOCth) && (RealSpeed < SpeedEDmax)) || ((Fuel<fuelMin+fuelHys) && (SOC >SOCmin+SOCth))],"236",1,decision,0,0
18,Combined-DEAD,76,TransitionConditionOperator,stateMachine/Chart,[((SOC > SOCmin+SOCth) && (RealSpeed < SpeedEDmax)) || ((Fuel<fuelMin+fuelHys) && (SOC >SOCmin+SOCth))],"236",1,decision,0,0
19,Combined-ED,76,TransitionConditionOperator,stateMachine/Chart,[((SOC > SOCmin+SOCth) && (RealSpeed < SpeedEDmax)) || ((Fuel<fuelMin+fuelHys) && (SOC >SOCmin+SOCth))],"236",1,decision,0,0
20,Combined-NoCharge,76,TransitionConditionOperator,stateMachine/Chart,[((SOC > SOCmin+SOCth) && (RealSpeed < SpeedEDmax)) || ((Fuel<fuelMin+fuelHys) && (SOC >SOCmin+SOCth))],"236",1,decision,1,1
21,Regen-Regen,76,TransitionConditionOperator,stateMachine/Chart,[((SOC > SOCmin+SOCth) && (RealSpeed < SpeedEDmax)) || ((Fuel<fuelMin+fuelHys) && (SOC >SOCmin+SOCth))],"236",1,decision,0,0
22,Regen-DEAD,76,TransitionConditionOperator,stateMachine/Chart,[((SOC > SOCmin+SOCth) && (RealSpeed < SpeedEDmax)) || ((Fuel<fuelMin+fuelHys) && (SOC >SOCmin+SOCth))],"236",1,decision,0,0
23,Regen-ED,76,TransitionConditionOperator,stateMachine/Chart,[((SOC > SOCmin+SOCth) && (RealSpeed < SpeedEDmax)) || ((Fuel<fuelMin+fuelHys) && (SOC >SOCmin+SOCth))],"236",1,decision,0,0
24,Regen-NoCharge,76,TransitionConditionOperator,stateMachine/Chart,[((SOC > SOCmin+SOCth) && (RealSpeed < SpeedEDmax)) || ((Fuel<fuelMin+fuelHys) && (SOC >SOCmin+SOCth))],"236",1,decision,1,1
25,Regen-Combined,76,TransitionConditionOperator,stateMachine/Chart,[((SOC > SOCmin+SOCth) && (RealSpeed < SpeedEDmax)) || ((Fuel<fuelMin+fuelHys) && (SOC >SOCmin+SOCth))],"236",1,decision,0,0
1,Dead-Dead,77,TransitionConditionOperator,stateMachine/Chart,[((SOC > SOCmin+SOCth) && (RealSpeed < SpeedEDmax)) || ((Fuel<fuelMin+fuelHys) && (SOC >SOCmin+SOCth))],"236",1,decision,0,0
2,Dead-Regen,77,TransitionConditionOperator,stateMachine/Chart,[((SOC > SOCmin+SOCth) && (RealSpeed < SpeedEDmax)) || ((Fuel<fuelMin+fuelHys) && (SOC >SOCmin+SOCth))],"236",1,decision,0,0
3,Dead-ED,77,TransitionConditionOperator,stateMachine/Chart,[((SOC > SOCmin+SOCth) && (RealSpeed < SpeedEDmax)) || ((Fuel<fuelMin+fuelHys) && (SOC >SOCmin+SOCth))],"236",1,decision,0,0
4,Dead-NoCharge,77,TransitionConditionOperator,stateMachine/Chart,[((SOC > SOCmin+SOCth) && (RealSpeed < SpeedEDmax)) || ((Fuel<fuelMin+fuelHys) && (SOC >SOCmin+SOCth))],"236",1,decision,1,1
5,Dead-Combined,77,TransitionConditionOperator,stateMachine/Chart,[((SOC > SOCmin+SOCth) && (RealSpeed < SpeedEDmax)) || ((Fuel<fuelMin+fuelHys) && (SOC >SOCmin+SOCth))],"236",1,decision,0,0
6,NoCharge-DEAD,77,TransitionConditionOperator,stateMachine/Chart,[((SOC > SOCmin+SOCth) && (RealSpeed < SpeedEDmax)) || ((Fuel<fuelMin+fuelHys) && (SOC >SOCmin+SOCth))],"236",1,decision,1,1
7,NoCharge-Regen,77,TransitionConditionOperator,stateMachine/Chart,[((SOC > SOCmin+SOCth) && (RealSpeed < SpeedEDmax)) || ((Fuel<fuelMin+fuelHys) && (SOC >SOCmin+SOCth))],"236",1,decision,1,1
8,NoCharge-ED,77,TransitionConditionOperator,stateMachine/Chart,[((SOC > SOCmin+SOCth) && (RealSpeed < SpeedEDmax)) || ((Fuel<fuelMin+fuelHys) && (SOC >SOCmin+SOCth))],"236",1,decision,1,1
9,NoCharge-Combined,77,TransitionConditionOperator,stateMachine/Chart,[((SOC > SOCmin+SOCth) && (RealSpeed < SpeedEDmax)) || ((Fuel<fuelMin+fuelHys) && (SOC >SOCmin+SOCth))],"236",1,decision,1,1
10,NoCharge-NoCharge,77,TransitionConditionOperator,stateMachine/Chart,[((SOC > SOCmin+SOCth) && (RealSpeed < SpeedEDmax)) || ((Fuel<fuelMin+fuelHys) && (SOC >SOCmin+SOCth))],"236",1,decision,1,1
11,ED-ED,77,TransitionConditionOperator,stateMachine/Chart,[((SOC > SOCmin+SOCth) && (RealSpeed < SpeedEDmax)) || ((Fuel<fuelMin+fuelHys) && (SOC >SOCmin+SOCth))],"236",1,decision,0,0
12,ED-Regen,77,TransitionConditionOperator,stateMachine/Chart,[((SOC > SOCmin+SOCth) && (RealSpeed < SpeedEDmax)) || ((Fuel<fuelMin+fuelHys) && (SOC >SOCmin+SOCth))],"236",1,decision,0,0
13,ED-DEAD,77,TransitionConditionOperator,stateMachine/Chart,[((SOC > SOCmin+SOCth) && (RealSpeed < SpeedEDmax)) || ((Fuel<fuelMin+fuelHys) && (SOC >SOCmin+SOCth))],"236",1,decision,0,0
14,ED-NoCharge,77,TransitionConditionOperator,stateMachine/Chart,[((SOC > SOCmin+SOCth) && (RealSpeed < SpeedEDmax)) || ((Fuel<fuelMin+fuelHys) && (SOC >SOCmin+SOCth))],"236",1,decision,1,1
15,ED-Combined,77,TransitionConditionOperator,stateMachine/Chart,[((SOC > SOCmin+SOCth) && (RealSpeed < SpeedEDmax)) || ((Fuel<fuelMin+fuelHys) && (SOC >SOCmin+SOCth))],"236",1,decision,0,0
16,Combined-Combined,77,TransitionConditionOperator,stateMachine/Chart,[((SOC > SOCmin+SOCth) && (RealSpeed < SpeedEDmax)) || ((Fuel<fuelMin+fuelHys) && (SOC >SOCmin+SOCth))],"236",1,decision,0,0
17,Combined-Regen,77,TransitionConditionOperator,stateMachine/Chart,[((SOC > SOCmin+SOCth) && (RealSpeed < SpeedEDmax)) || ((Fuel<fuelMin+fuelHys) && (SOC >SOCmin+SOCth))],"236",1,decision,0,0
18,Combined-DEAD,77,TransitionConditionOperator,stateMachine/Chart,[((SOC > SOCmin+SOCth) && (RealSpeed < SpeedEDmax)) || ((Fuel<fuelMin+fuelHys) && (SOC >SOCmin+SOCth))],"236",1,decision,0,0
19,Combined-ED,77,TransitionConditionOperator,stateMachine/Chart,[((SOC > SOCmin+SOCth) && (RealSpeed < SpeedEDmax)) || ((Fuel<fuelMin+fuelHys) && (SOC >SOCmin+SOCth))],"236",1,decision,0,0
20,Combined-NoCharge,77,TransitionConditionOperator,stateMachine/Chart,[((SOC > SOCmin+SOCth) && (RealSpeed < SpeedEDmax)) || ((Fuel<fuelMin+fuelHys) && (SOC >SOCmin+SOCth))],"236",1,decision,1,1
21,Regen-Regen,77,TransitionConditionOperator,stateMachine/Chart,[((SOC > SOCmin+SOCth) && (RealSpeed < SpeedEDmax)) || ((Fuel<fuelMin+fuelHys) && (SOC >SOCmin+SOCth))],"236",1,decision,0,0
22,Regen-DEAD,77,TransitionConditionOperator,stateMachine/Chart,[((SOC > SOCmin+SOCth) && (RealSpeed < SpeedEDmax)) || ((Fuel<fuelMin+fuelHys) && (SOC >SOCmin+SOCth))],"236",1,decision,0,0
23,Regen-ED,77,TransitionConditionOperator,stateMachine/Chart,[((SOC > SOCmin+SOCth) && (RealSpeed < SpeedEDmax)) || ((Fuel<fuelMin+fuelHys) && (SOC >SOCmin+SOCth))],"236",1,decision,0,0
24,Regen-NoCharge,77,TransitionConditionOperator,stateMachine/Chart,[((SOC > SOCmin+SOCth) && (RealSpeed < SpeedEDmax)) || ((Fuel<fuelMin+fuelHys) && (SOC >SOCmin+SOCth))],"236",1,decision,1,1
25,Regen-Combined,77,TransitionConditionOperator,stateMachine/Chart,[((SOC > SOCmin+SOCth) && (RealSpeed < SpeedEDmax)) || ((Fuel<fuelMin+fuelHys) && (SOC >SOCmin+SOCth))],"236",1,decision,0,0
1,Dead-Dead,78,TransitionConditionOperator,stateMachine/Chart,[((SOC > SOCmin+SOCth) && (RealSpeed < SpeedEDmax)) || ((Fuel<fuelMin+fuelHys) && (SOC >SOCmin+SOCth))],"236",1,decision,0,0
2,Dead-Regen,78,TransitionConditionOperator,stateMachine/Chart,[((SOC > SOCmin+SOCth) && (RealSpeed < SpeedEDmax)) || ((Fuel<fuelMin+fuelHys) && (SOC >SOCmin+SOCth))],"236",1,decision,0,0
3,Dead-ED,78,TransitionConditionOperator,stateMachine/Chart,[((SOC > SOCmin+SOCth) && (RealSpeed < SpeedEDmax)) || ((Fuel<fuelMin+fuelHys) && (SOC >SOCmin+SOCth))],"236",1,decision,0,0
4,Dead-NoCharge,78,TransitionConditionOperator,stateMachine/Chart,[((SOC > SOCmin+SOCth) && (RealSpeed < SpeedEDmax)) || ((Fuel<fuelMin+fuelHys) && (SOC >SOCmin+SOCth))],"236",1,decision,1,1
5,Dead-Combined,78,TransitionConditionOperator,stateMachine/Chart,[((SOC > SOCmin+SOCth) && (RealSpeed < SpeedEDmax)) || ((Fuel<fuelMin+fuelHys) && (SOC >SOCmin+SOCth))],"236",1,decision,0,0
6,NoCharge-DEAD,78,TransitionConditionOperator,stateMachine/Chart,[((SOC > SOCmin+SOCth) && (RealSpeed < SpeedEDmax)) || ((Fuel<fuelMin+fuelHys) && (SOC >SOCmin+SOCth))],"236",1,decision,1,1
7,NoCharge-Regen,78,TransitionConditionOperator,stateMachine/Chart,[((SOC > SOCmin+SOCth) && (RealSpeed < SpeedEDmax)) || ((Fuel<fuelMin+fuelHys) && (SOC >SOCmin+SOCth))],"236",1,decision,1,1
8,NoCharge-ED,78,TransitionConditionOperator,stateMachine/Chart,[((SOC > SOCmin+SOCth) && (RealSpeed < SpeedEDmax)) || ((Fuel<fuelMin+fuelHys) && (SOC >SOCmin+SOCth))],"236",1,decision,1,1
9,NoCharge-Combined,78,TransitionConditionOperator,stateMachine/Chart,[((SOC > SOCmin+SOCth) && (RealSpeed < SpeedEDmax)) || ((Fuel<fuelMin+fuelHys) && (SOC >SOCmin+SOCth))],"236",1,decision,1,1
10,NoCharge-NoCharge,78,TransitionConditionOperator,stateMachine/Chart,[((SOC > SOCmin+SOCth) && (RealSpeed < SpeedEDmax)) || ((Fuel<fuelMin+fuelHys) && (SOC >SOCmin+SOCth))],"236",1,decision,1,1
11,ED-ED,78,TransitionConditionOperator,stateMachine/Chart,[((SOC > SOCmin+SOCth) && (RealSpeed < SpeedEDmax)) || ((Fuel<fuelMin+fuelHys) && (SOC >SOCmin+SOCth))],"236",1,decision,0,0
12,ED-Regen,78,TransitionConditionOperator,stateMachine/Chart,[((SOC > SOCmin+SOCth) && (RealSpeed < SpeedEDmax)) || ((Fuel<fuelMin+fuelHys) && (SOC >SOCmin+SOCth))],"236",1,decision,0,0
13,ED-DEAD,78,TransitionConditionOperator,stateMachine/Chart,[((SOC > SOCmin+SOCth) && (RealSpeed < SpeedEDmax)) || ((Fuel<fuelMin+fuelHys) && (SOC >SOCmin+SOCth))],"236",1,decision,0,0
14,ED-NoCharge,78,TransitionConditionOperator,stateMachine/Chart,[((SOC > SOCmin+SOCth) && (RealSpeed < SpeedEDmax)) || ((Fuel<fuelMin+fuelHys) && (SOC >SOCmin+SOCth))],"236",1,decision,1,1
15,ED-Combined,78,TransitionConditionOperator,stateMachine/Chart,[((SOC > SOCmin+SOCth) && (RealSpeed < SpeedEDmax)) || ((Fuel<fuelMin+fuelHys) && (SOC >SOCmin+SOCth))],"236",1,decision,0,0
16,Combined-Combined,78,TransitionConditionOperator,stateMachine/Chart,[((SOC > SOCmin+SOCth) && (RealSpeed < SpeedEDmax)) || ((Fuel<fuelMin+fuelHys) && (SOC >SOCmin+SOCth))],"236",1,decision,0,0
17,Combined-Regen,78,TransitionConditionOperator,stateMachine/Chart,[((SOC > SOCmin+SOCth) && (RealSpeed < SpeedEDmax)) || ((Fuel<fuelMin+fuelHys) && (SOC >SOCmin+SOCth))],"236",1,decision,0,0
18,Combined-DEAD,78,TransitionConditionOperator,stateMachine/Chart,[((SOC > SOCmin+SOCth) && (RealSpeed < SpeedEDmax)) || ((Fuel<fuelMin+fuelHys) && (SOC >SOCmin+SOCth))],"236",1,decision,0,0
19,Combined-ED,78,TransitionConditionOperator,stateMachine/Chart,[((SOC > SOCmin+SOCth) && (RealSpeed < SpeedEDmax)) || ((Fuel<fuelMin+fuelHys) && (SOC >SOCmin+SOCth))],"236",1,decision,0,0
20,Combined-NoCharge,78,TransitionConditionOperator,stateMachine/Chart,[((SOC > SOCmin+SOCth) && (RealSpeed < SpeedEDmax)) || ((Fuel<fuelMin+fuelHys) && (SOC >SOCmin+SOCth))],"236",1,decision,1,1
21,Regen-Regen,78,TransitionConditionOperator,stateMachine/Chart,[((SOC > SOCmin+SOCth) && (RealSpeed < SpeedEDmax)) || ((Fuel<fuelMin+fuelHys) && (SOC >SOCmin+SOCth))],"236",1,decision,0,0
22,Regen-DEAD,78,TransitionConditionOperator,stateMachine/Chart,[((SOC > SOCmin+SOCth) && (RealSpeed < SpeedEDmax)) || ((Fuel<fuelMin+fuelHys) && (SOC >SOCmin+SOCth))],"236",1,decision,0,0
23,Regen-ED,78,TransitionConditionOperator,stateMachine/Chart,[((SOC > SOCmin+SOCth) && (RealSpeed < SpeedEDmax)) || ((Fuel<fuelMin+fuelHys) && (SOC >SOCmin+SOCth))],"236",1,decision,0,0
24,Regen-NoCharge,78,TransitionConditionOperator,stateMachine/Chart,[((SOC > SOCmin+SOCth) && (RealSpeed < SpeedEDmax)) || ((Fuel<fuelMin+fuelHys) && (SOC >SOCmin+SOCth))],"236",1,decision,1,1
25,Regen-Combined,78,TransitionConditionOperator,stateMachine/Chart,[((SOC > SOCmin+SOCth) && (RealSpeed < SpeedEDmax)) || ((Fuel<fuelMin+fuelHys) && (SOC >SOCmin+SOCth))],"236",1,decision,0,0
1,Dead-Dead,79,TransitionConditionOperator,stateMachine/Chart,[((SOC > SOCmin+SOCth) && (RealSpeed < SpeedEDmax)) || ((Fuel<fuelMin+fuelHys) && (SOC >SOCmin+SOCth))],"236",1,decision,0,0
2,Dead-Regen,79,TransitionConditionOperator,stateMachine/Chart,[((SOC > SOCmin+SOCth) && (RealSpeed < SpeedEDmax)) || ((Fuel<fuelMin+fuelHys) && (SOC >SOCmin+SOCth))],"236",1,decision,0,0
3,Dead-ED,79,TransitionConditionOperator,stateMachine/Chart,[((SOC > SOCmin+SOCth) && (RealSpeed < SpeedEDmax)) || ((Fuel<fuelMin+fuelHys) && (SOC >SOCmin+SOCth))],"236",1,decision,0,0
4,Dead-NoCharge,79,TransitionConditionOperator,stateMachine/Chart,[((SOC > SOCmin+SOCth) && (RealSpeed < SpeedEDmax)) || ((Fuel<fuelMin+fuelHys) && (SOC >SOCmin+SOCth))],"236",1,decision,1,1
5,Dead-Combined,79,TransitionConditionOperator,stateMachine/Chart,[((SOC > SOCmin+SOCth) && (RealSpeed < SpeedEDmax)) || ((Fuel<fuelMin+fuelHys) && (SOC >SOCmin+SOCth))],"236",1,decision,0,0
6,NoCharge-DEAD,79,TransitionConditionOperator,stateMachine/Chart,[((SOC > SOCmin+SOCth) && (RealSpeed < SpeedEDmax)) || ((Fuel<fuelMin+fuelHys) && (SOC >SOCmin+SOCth))],"236",1,decision,1,1
7,NoCharge-Regen,79,TransitionConditionOperator,stateMachine/Chart,[((SOC > SOCmin+SOCth) && (RealSpeed < SpeedEDmax)) || ((Fuel<fuelMin+fuelHys) && (SOC >SOCmin+SOCth))],"236",1,decision,1,1
8,NoCharge-ED,79,TransitionConditionOperator,stateMachine/Chart,[((SOC > SOCmin+SOCth) && (RealSpeed < SpeedEDmax)) || ((Fuel<fuelMin+fuelHys) && (SOC >SOCmin+SOCth))],"236",1,decision,1,1
9,NoCharge-Combined,79,TransitionConditionOperator,stateMachine/Chart,[((SOC > SOCmin+SOCth) && (RealSpeed < SpeedEDmax)) || ((Fuel<fuelMin+fuelHys) && (SOC >SOCmin+SOCth))],"236",1,decision,1,1
10,NoCharge-NoCharge,79,TransitionConditionOperator,stateMachine/Chart,[((SOC > SOCmin+SOCth) && (RealSpeed < SpeedEDmax)) || ((Fuel<fuelMin+fuelHys) && (SOC >SOCmin+SOCth))],"236",1,decision,1,1
11,ED-ED,79,TransitionConditionOperator,stateMachine/Chart,[((SOC > SOCmin+SOCth) && (RealSpeed < SpeedEDmax)) || ((Fuel<fuelMin+fuelHys) && (SOC >SOCmin+SOCth))],"236",1,decision,0,0
12,ED-Regen,79,TransitionConditionOperator,stateMachine/Chart,[((SOC > SOCmin+SOCth) && (RealSpeed < SpeedEDmax)) || ((Fuel<fuelMin+fuelHys) && (SOC >SOCmin+SOCth))],"236",1,decision,0,0
13,ED-DEAD,79,TransitionConditionOperator,stateMachine/Chart,[((SOC > SOCmin+SOCth) && (RealSpeed < SpeedEDmax)) || ((Fuel<fuelMin+fuelHys) && (SOC >SOCmin+SOCth))],"236",1,decision,0,0
14,ED-NoCharge,79,TransitionConditionOperator,stateMachine/Chart,[((SOC > SOCmin+SOCth) && (RealSpeed < SpeedEDmax)) || ((Fuel<fuelMin+fuelHys) && (SOC >SOCmin+SOCth))],"236",1,decision,1,1
15,ED-Combined,79,TransitionConditionOperator,stateMachine/Chart,[((SOC > SOCmin+SOCth) && (RealSpeed < SpeedEDmax)) || ((Fuel<fuelMin+fuelHys) && (SOC >SOCmin+SOCth))],"236",1,decision,0,0
16,Combined-Combined,79,TransitionConditionOperator,stateMachine/Chart,[((SOC > SOCmin+SOCth) && (RealSpeed < SpeedEDmax)) || ((Fuel<fuelMin+fuelHys) && (SOC >SOCmin+SOCth))],"236",1,decision,0,0
17,Combined-Regen,79,TransitionConditionOperator,stateMachine/Chart,[((SOC > SOCmin+SOCth) && (RealSpeed < SpeedEDmax)) || ((Fuel<fuelMin+fuelHys) && (SOC >SOCmin+SOCth))],"236",1,decision,0,0
18,Combined-DEAD,79,TransitionConditionOperator,stateMachine/Chart,[((SOC > SOCmin+SOCth) && (RealSpeed < SpeedEDmax)) || ((Fuel<fuelMin+fuelHys) && (SOC >SOCmin+SOCth))],"236",1,decision,0,0
19,Combined-ED,79,TransitionConditionOperator,stateMachine/Chart,[((SOC > SOCmin+SOCth) && (RealSpeed < SpeedEDmax)) || ((Fuel<fuelMin+fuelHys) && (SOC >SOCmin+SOCth))],"236",1,decision,0,0
20,Combined-NoCharge,79,TransitionConditionOperator,stateMachine/Chart,[((SOC > SOCmin+SOCth) && (RealSpeed < SpeedEDmax)) || ((Fuel<fuelMin+fuelHys) && (SOC >SOCmin+SOCth))],"236",1,decision,1,1
21,Regen-Regen,79,TransitionConditionOperator,stateMachine/Chart,[((SOC > SOCmin+SOCth) && (RealSpeed < SpeedEDmax)) || ((Fuel<fuelMin+fuelHys) && (SOC >SOCmin+SOCth))],"236",1,decision,0,0
22,Regen-DEAD,79,TransitionConditionOperator,stateMachine/Chart,[((SOC > SOCmin+SOCth) && (RealSpeed < SpeedEDmax)) || ((Fuel<fuelMin+fuelHys) && (SOC >SOCmin+SOCth))],"236",1,decision,0,0
23,Regen-ED,79,TransitionConditionOperator,stateMachine/Chart,[((SOC > SOCmin+SOCth) && (RealSpeed < SpeedEDmax)) || ((Fuel<fuelMin+fuelHys) && (SOC >SOCmin+SOCth))],"236",1,decision,0,0
24,Regen-NoCharge,79,TransitionConditionOperator,stateMachine/Chart,[((SOC > SOCmin+SOCth) && (RealSpeed < SpeedEDmax)) || ((Fuel<fuelMin+fuelHys) && (SOC >SOCmin+SOCth))],"236",1,decision,1,1
25,Regen-Combined,79,TransitionConditionOperator,stateMachine/Chart,[((SOC > SOCmin+SOCth) && (RealSpeed < SpeedEDmax)) || ((Fuel<fuelMin+fuelHys) && (SOC >SOCmin+SOCth))],"236",1,decision,0,0
1,Dead-Dead,80,TransitionConditionOperator,stateMachine/Chart,[(SOC <= SOCmin + SOCth)&&(Fuel>fuelMin+fuelHys)],"238",1,decision,0,0
2,Dead-Regen,80,TransitionConditionOperator,stateMachine/Chart,[(SOC <= SOCmin + SOCth)&&(Fuel>fuelMin+fuelHys)],"238",1,decision,0,0
3,Dead-ED,80,TransitionConditionOperator,stateMachine/Chart,[(SOC <= SOCmin + SOCth)&&(Fuel>fuelMin+fuelHys)],"238",1,decision,0,0
4,Dead-NoCharge,80,TransitionConditionOperator,stateMachine/Chart,[(SOC <= SOCmin + SOCth)&&(Fuel>fuelMin+fuelHys)],"238",1,decision,0,0
5,Dead-Combined,80,TransitionConditionOperator,stateMachine/Chart,[(SOC <= SOCmin + SOCth)&&(Fuel>fuelMin+fuelHys)],"238",1,decision,1,1
6,NoCharge-DEAD,80,TransitionConditionOperator,stateMachine/Chart,[(SOC <= SOCmin + SOCth)&&(Fuel>fuelMin+fuelHys)],"238",1,decision,0,0
7,NoCharge-Regen,80,TransitionConditionOperator,stateMachine/Chart,[(SOC <= SOCmin + SOCth)&&(Fuel>fuelMin+fuelHys)],"238",1,decision,0,0
8,NoCharge-ED,80,TransitionConditionOperator,stateMachine/Chart,[(SOC <= SOCmin + SOCth)&&(Fuel>fuelMin+fuelHys)],"238",1,decision,0,0
9,NoCharge-Combined,80,TransitionConditionOperator,stateMachine/Chart,[(SOC <= SOCmin + SOCth)&&(Fuel>fuelMin+fuelHys)],"238",1,decision,1,1
10,NoCharge-NoCharge,80,TransitionConditionOperator,stateMachine/Chart,[(SOC <= SOCmin + SOCth)&&(Fuel>fuelMin+fuelHys)],"238",1,decision,0,0
11,ED-ED,80,TransitionConditionOperator,stateMachine/Chart,[(SOC <= SOCmin + SOCth)&&(Fuel>fuelMin+fuelHys)],"238",1,decision,0,0
12,ED-Regen,80,TransitionConditionOperator,stateMachine/Chart,[(SOC <= SOCmin + SOCth)&&(Fuel>fuelMin+fuelHys)],"238",1,decision,0,0
13,ED-DEAD,80,TransitionConditionOperator,stateMachine/Chart,[(SOC <= SOCmin + SOCth)&&(Fuel>fuelMin+fuelHys)],"238",1,decision,0,0
14,ED-NoCharge,80,TransitionConditionOperator,stateMachine/Chart,[(SOC <= SOCmin + SOCth)&&(Fuel>fuelMin+fuelHys)],"238",1,decision,0,0
15,ED-Combined,80,TransitionConditionOperator,stateMachine/Chart,[(SOC <= SOCmin + SOCth)&&(Fuel>fuelMin+fuelHys)],"238",1,decision,1,1
16,Combined-Combined,80,TransitionConditionOperator,stateMachine/Chart,[(SOC <= SOCmin + SOCth)&&(Fuel>fuelMin+fuelHys)],"238",1,decision,1,1
17,Combined-Regen,80,TransitionConditionOperator,stateMachine/Chart,[(SOC <= SOCmin + SOCth)&&(Fuel>fuelMin+fuelHys)],"238",1,decision,1,1
18,Combined-DEAD,80,TransitionConditionOperator,stateMachine/Chart,[(SOC <= SOCmin + SOCth)&&(Fuel>fuelMin+fuelHys)],"238",1,decision,1,1
19,Combined-ED,80,TransitionConditionOperator,stateMachine/Chart,[(SOC <= SOCmin + SOCth)&&(Fuel>fuelMin+fuelHys)],"238",1,decision,1,1
20,Combined-NoCharge,80,TransitionConditionOperator,stateMachine/Chart,[(SOC <= SOCmin + SOCth)&&(Fuel>fuelMin+fuelHys)],"238",1,decision,1,1
21,Regen-Regen,80,TransitionConditionOperator,stateMachine/Chart,[(SOC <= SOCmin + SOCth)&&(Fuel>fuelMin+fuelHys)],"238",1,decision,0,0
22,Regen-DEAD,80,TransitionConditionOperator,stateMachine/Chart,[(SOC <= SOCmin + SOCth)&&(Fuel>fuelMin+fuelHys)],"238",1,decision,0,0
23,Regen-ED,80,TransitionConditionOperator,stateMachine/Chart,[(SOC <= SOCmin + SOCth)&&(Fuel>fuelMin+fuelHys)],"238",1,decision,0,0
24,Regen-NoCharge,80,TransitionConditionOperator,stateMachine/Chart,[(SOC <= SOCmin + SOCth)&&(Fuel>fuelMin+fuelHys)],"238",1,decision,0,0
25,Regen-Combined,80,TransitionConditionOperator,stateMachine/Chart,[(SOC <= SOCmin + SOCth)&&(Fuel>fuelMin+fuelHys)],"238",1,decision,1,1
1,Dead-Dead,81,TransitionConditionOperator,stateMachine/Chart,[(SOC <= SOCmin + SOCth)&&(Fuel>fuelMin+fuelHys)],"238",1,decision,0,0
2,Dead-Regen,81,TransitionConditionOperator,stateMachine/Chart,[(SOC <= SOCmin + SOCth)&&(Fuel>fuelMin+fuelHys)],"238",1,decision,0,0
3,Dead-ED,81,TransitionConditionOperator,stateMachine/Chart,[(SOC <= SOCmin + SOCth)&&(Fuel>fuelMin+fuelHys)],"238",1,decision,0,0
4,Dead-NoCharge,81,TransitionConditionOperator,stateMachine/Chart,[(SOC <= SOCmin + SOCth)&&(Fuel>fuelMin+fuelHys)],"238",1,decision,0,0
5,Dead-Combined,81,TransitionConditionOperator,stateMachine/Chart,[(SOC <= SOCmin + SOCth)&&(Fuel>fuelMin+fuelHys)],"238",1,decision,1,1
6,NoCharge-DEAD,81,TransitionConditionOperator,stateMachine/Chart,[(SOC <= SOCmin + SOCth)&&(Fuel>fuelMin+fuelHys)],"238",1,decision,0,0
7,NoCharge-Regen,81,TransitionConditionOperator,stateMachine/Chart,[(SOC <= SOCmin + SOCth)&&(Fuel>fuelMin+fuelHys)],"238",1,decision,0,0
8,NoCharge-ED,81,TransitionConditionOperator,stateMachine/Chart,[(SOC <= SOCmin + SOCth)&&(Fuel>fuelMin+fuelHys)],"238",1,decision,0,0
9,NoCharge-Combined,81,TransitionConditionOperator,stateMachine/Chart,[(SOC <= SOCmin + SOCth)&&(Fuel>fuelMin+fuelHys)],"238",1,decision,1,1
10,NoCharge-NoCharge,81,TransitionConditionOperator,stateMachine/Chart,[(SOC <= SOCmin + SOCth)&&(Fuel>fuelMin+fuelHys)],"238",1,decision,0,0
11,ED-ED,81,TransitionConditionOperator,stateMachine/Chart,[(SOC <= SOCmin + SOCth)&&(Fuel>fuelMin+fuelHys)],"238",1,decision,0,0
12,ED-Regen,81,TransitionConditionOperator,stateMachine/Chart,[(SOC <= SOCmin + SOCth)&&(Fuel>fuelMin+fuelHys)],"238",1,decision,0,0
13,ED-DEAD,81,TransitionConditionOperator,stateMachine/Chart,[(SOC <= SOCmin + SOCth)&&(Fuel>fuelMin+fuelHys)],"238",1,decision,0,0
14,ED-NoCharge,81,TransitionConditionOperator,stateMachine/Chart,[(SOC <= SOCmin + SOCth)&&(Fuel>fuelMin+fuelHys)],"238",1,decision,0,0
15,ED-Combined,81,TransitionConditionOperator,stateMachine/Chart,[(SOC <= SOCmin + SOCth)&&(Fuel>fuelMin+fuelHys)],"238",1,decision,1,1
16,Combined-Combined,81,TransitionConditionOperator,stateMachine/Chart,[(SOC <= SOCmin + SOCth)&&(Fuel>fuelMin+fuelHys)],"238",1,decision,1,1
17,Combined-Regen,81,TransitionConditionOperator,stateMachine/Chart,[(SOC <= SOCmin + SOCth)&&(Fuel>fuelMin+fuelHys)],"238",1,decision,1,1
18,Combined-DEAD,81,TransitionConditionOperator,stateMachine/Chart,[(SOC <= SOCmin + SOCth)&&(Fuel>fuelMin+fuelHys)],"238",1,decision,1,1
19,Combined-ED,81,TransitionConditionOperator,stateMachine/Chart,[(SOC <= SOCmin + SOCth)&&(Fuel>fuelMin+fuelHys)],"238",1,decision,1,1
20,Combined-NoCharge,81,TransitionConditionOperator,stateMachine/Chart,[(SOC <= SOCmin + SOCth)&&(Fuel>fuelMin+fuelHys)],"238",1,decision,1,1
21,Regen-Regen,81,TransitionConditionOperator,stateMachine/Chart,[(SOC <= SOCmin + SOCth)&&(Fuel>fuelMin+fuelHys)],"238",1,decision,0,0
22,Regen-DEAD,81,TransitionConditionOperator,stateMachine/Chart,[(SOC <= SOCmin + SOCth)&&(Fuel>fuelMin+fuelHys)],"238",1,decision,0,0
23,Regen-ED,81,TransitionConditionOperator,stateMachine/Chart,[(SOC <= SOCmin + SOCth)&&(Fuel>fuelMin+fuelHys)],"238",1,decision,0,0
24,Regen-NoCharge,81,TransitionConditionOperator,stateMachine/Chart,[(SOC <= SOCmin + SOCth)&&(Fuel>fuelMin+fuelHys)],"238",1,decision,0,0
25,Regen-Combined,81,TransitionConditionOperator,stateMachine/Chart,[(SOC <= SOCmin + SOCth)&&(Fuel>fuelMin+fuelHys)],"238",1,decision,1,1
1,Dead-Dead,82,TransitionConditionOperator,stateMachine/Chart,[(SOC <= SOCmin + SOCth)&&(Fuel>fuelMin+fuelHys)],"238",1,decision,0,0
2,Dead-Regen,82,TransitionConditionOperator,stateMachine/Chart,[(SOC <= SOCmin + SOCth)&&(Fuel>fuelMin+fuelHys)],"238",1,decision,0,0
3,Dead-ED,82,TransitionConditionOperator,stateMachine/Chart,[(SOC <= SOCmin + SOCth)&&(Fuel>fuelMin+fuelHys)],"238",1,decision,0,0
4,Dead-NoCharge,82,TransitionConditionOperator,stateMachine/Chart,[(SOC <= SOCmin + SOCth)&&(Fuel>fuelMin+fuelHys)],"238",1,decision,0,0
5,Dead-Combined,82,TransitionConditionOperator,stateMachine/Chart,[(SOC <= SOCmin + SOCth)&&(Fuel>fuelMin+fuelHys)],"238",1,decision,1,1
6,NoCharge-DEAD,82,TransitionConditionOperator,stateMachine/Chart,[(SOC <= SOCmin + SOCth)&&(Fuel>fuelMin+fuelHys)],"238",1,decision,0,0
7,NoCharge-Regen,82,TransitionConditionOperator,stateMachine/Chart,[(SOC <= SOCmin + SOCth)&&(Fuel>fuelMin+fuelHys)],"238",1,decision,0,0
8,NoCharge-ED,82,TransitionConditionOperator,stateMachine/Chart,[(SOC <= SOCmin + SOCth)&&(Fuel>fuelMin+fuelHys)],"238",1,decision,0,0
9,NoCharge-Combined,82,TransitionConditionOperator,stateMachine/Chart,[(SOC <= SOCmin + SOCth)&&(Fuel>fuelMin+fuelHys)],"238",1,decision,1,1
10,NoCharge-NoCharge,82,TransitionConditionOperator,stateMachine/Chart,[(SOC <= SOCmin + SOCth)&&(Fuel>fuelMin+fuelHys)],"238",1,decision,0,0
11,ED-ED,82,TransitionConditionOperator,stateMachine/Chart,[(SOC <= SOCmin + SOCth)&&(Fuel>fuelMin+fuelHys)],"238",1,decision,0,0
12,ED-Regen,82,TransitionConditionOperator,stateMachine/Chart,[(SOC <= SOCmin + SOCth)&&(Fuel>fuelMin+fuelHys)],"238",1,decision,0,0
13,ED-DEAD,82,TransitionConditionOperator,stateMachine/Chart,[(SOC <= SOCmin + SOCth)&&(Fuel>fuelMin+fuelHys)],"238",1,decision,0,0
14,ED-NoCharge,82,TransitionConditionOperator,stateMachine/Chart,[(SOC <= SOCmin + SOCth)&&(Fuel>fuelMin+fuelHys)],"238",1,decision,0,0
15,ED-Combined,82,TransitionConditionOperator,stateMachine/Chart,[(SOC <= SOCmin + SOCth)&&(Fuel>fuelMin+fuelHys)],"238",1,decision,1,1
16,Combined-Combined,82,TransitionConditionOperator,stateMachine/Chart,[(SOC <= SOCmin + SOCth)&&(Fuel>fuelMin+fuelHys)],"238",1,decision,1,1
17,Combined-Regen,82,TransitionConditionOperator,stateMachine/Chart,[(SOC <= SOCmin + SOCth)&&(Fuel>fuelMin+fuelHys)],"238",1,decision,1,1
18,Combined-DEAD,82,TransitionConditionOperator,stateMachine/Chart,[(SOC <= SOCmin + SOCth)&&(Fuel>fuelMin+fuelHys)],"238",1,decision,1,1
19,Combined-ED,82,TransitionConditionOperator,stateMachine/Chart,[(SOC <= SOCmin + SOCth)&&(Fuel>fuelMin+fuelHys)],"238",1,decision,1,1
20,Combined-NoCharge,82,TransitionConditionOperator,stateMachine/Chart,[(SOC <= SOCmin + SOCth)&&(Fuel>fuelMin+fuelHys)],"238",1,decision,1,1
21,Regen-Regen,82,TransitionConditionOperator,stateMachine/Chart,[(SOC <= SOCmin + SOCth)&&(Fuel>fuelMin+fuelHys)],"238",1,decision,0,0
22,Regen-DEAD,82,TransitionConditionOperator,stateMachine/Chart,[(SOC <= SOCmin + SOCth)&&(Fuel>fuelMin+fuelHys)],"238",1,decision,0,0
23,Regen-ED,82,TransitionConditionOperator,stateMachine/Chart,[(SOC <= SOCmin + SOCth)&&(Fuel>fuelMin+fuelHys)],"238",1,decision,0,0
24,Regen-NoCharge,82,TransitionConditionOperator,stateMachine/Chart,[(SOC <= SOCmin + SOCth)&&(Fuel>fuelMin+fuelHys)],"238",1,decision,0,0
25,Regen-Combined,82,TransitionConditionOperator,stateMachine/Chart,[(SOC <= SOCmin + SOCth)&&(Fuel>fuelMin+fuelHys)],"238",1,decision,1,1
1,Dead-Dead,83,TransitionConditionOperator,stateMachine/Chart,[(SOC <= SOCmin + SOCth)&&(Fuel>fuelMin+fuelHys)],"238",1,decision,0,0
2,Dead-Regen,83,TransitionConditionOperator,stateMachine/Chart,[(SOC <= SOCmin + SOCth)&&(Fuel>fuelMin+fuelHys)],"238",1,decision,0,0
3,Dead-ED,83,TransitionConditionOperator,stateMachine/Chart,[(SOC <= SOCmin + SOCth)&&(Fuel>fuelMin+fuelHys)],"238",1,decision,0,0
4,Dead-NoCharge,83,TransitionConditionOperator,stateMachine/Chart,[(SOC <= SOCmin + SOCth)&&(Fuel>fuelMin+fuelHys)],"238",1,decision,0,0
5,Dead-Combined,83,TransitionConditionOperator,stateMachine/Chart,[(SOC <= SOCmin + SOCth)&&(Fuel>fuelMin+fuelHys)],"238",1,decision,1,1
6,NoCharge-DEAD,83,TransitionConditionOperator,stateMachine/Chart,[(SOC <= SOCmin + SOCth)&&(Fuel>fuelMin+fuelHys)],"238",1,decision,0,0
7,NoCharge-Regen,83,TransitionConditionOperator,stateMachine/Chart,[(SOC <= SOCmin + SOCth)&&(Fuel>fuelMin+fuelHys)],"238",1,decision,0,0
8,NoCharge-ED,83,TransitionConditionOperator,stateMachine/Chart,[(SOC <= SOCmin + SOCth)&&(Fuel>fuelMin+fuelHys)],"238",1,decision,0,0
9,NoCharge-Combined,83,TransitionConditionOperator,stateMachine/Chart,[(SOC <= SOCmin + SOCth)&&(Fuel>fuelMin+fuelHys)],"238",1,decision,1,1
10,NoCharge-NoCharge,83,TransitionConditionOperator,stateMachine/Chart,[(SOC <= SOCmin + SOCth)&&(Fuel>fuelMin+fuelHys)],"238",1,decision,0,0
11,ED-ED,83,TransitionConditionOperator,stateMachine/Chart,[(SOC <= SOCmin + SOCth)&&(Fuel>fuelMin+fuelHys)],"238",1,decision,0,0
12,ED-Regen,83,TransitionConditionOperator,stateMachine/Chart,[(SOC <= SOCmin + SOCth)&&(Fuel>fuelMin+fuelHys)],"238",1,decision,0,0
13,ED-DEAD,83,TransitionConditionOperator,stateMachine/Chart,[(SOC <= SOCmin + SOCth)&&(Fuel>fuelMin+fuelHys)],"238",1,decision,0,0
14,ED-NoCharge,83,TransitionConditionOperator,stateMachine/Chart,[(SOC <= SOCmin + SOCth)&&(Fuel>fuelMin+fuelHys)],"238",1,decision,0,0
15,ED-Combined,83,TransitionConditionOperator,stateMachine/Chart,[(SOC <= SOCmin + SOCth)&&(Fuel>fuelMin+fuelHys)],"238",1,decision,1,1
16,Combined-Combined,83,TransitionConditionOperator,stateMachine/Chart,[(SOC <= SOCmin + SOCth)&&(Fuel>fuelMin+fuelHys)],"238",1,decision,1,1
17,Combined-Regen,83,TransitionConditionOperator,stateMachine/Chart,[(SOC <= SOCmin + SOCth)&&(Fuel>fuelMin+fuelHys)],"238",1,decision,1,1
18,Combined-DEAD,83,TransitionConditionOperator,stateMachine/Chart,[(SOC <= SOCmin + SOCth)&&(Fuel>fuelMin+fuelHys)],"238",1,decision,1,1
19,Combined-ED,83,TransitionConditionOperator,stateMachine/Chart,[(SOC <= SOCmin + SOCth)&&(Fuel>fuelMin+fuelHys)],"238",1,decision,1,1
20,Combined-NoCharge,83,TransitionConditionOperator,stateMachine/Chart,[(SOC <= SOCmin + SOCth)&&(Fuel>fuelMin+fuelHys)],"238",1,decision,1,1
21,Regen-Regen,83,TransitionConditionOperator,stateMachine/Chart,[(SOC <= SOCmin + SOCth)&&(Fuel>fuelMin+fuelHys)],"238",1,decision,0,0
22,Regen-DEAD,83,TransitionConditionOperator,stateMachine/Chart,[(SOC <= SOCmin + SOCth)&&(Fuel>fuelMin+fuelHys)],"238",1,decision,0,0
23,Regen-ED,83,TransitionConditionOperator,stateMachine/Chart,[(SOC <= SOCmin + SOCth)&&(Fuel>fuelMin+fuelHys)],"238",1,decision,0,0
24,Regen-NoCharge,83,TransitionConditionOperator,stateMachine/Chart,[(SOC <= SOCmin + SOCth)&&(Fuel>fuelMin+fuelHys)],"238",1,decision,0,0
25,Regen-Combined,83,TransitionConditionOperator,stateMachine/Chart,[(SOC <= SOCmin + SOCth)&&(Fuel>fuelMin+fuelHys)],"238",1,decision,1,1
1,Dead-Dead,84,TransitionConditionOperator,stateMachine/Chart,[(SOC <= SOCmin + SOCth)&&(Fuel>fuelMin+fuelHys)],"238",1,decision,0,0
2,Dead-Regen,84,TransitionConditionOperator,stateMachine/Chart,[(SOC <= SOCmin + SOCth)&&(Fuel>fuelMin+fuelHys)],"238",1,decision,0,0
3,Dead-ED,84,TransitionConditionOperator,stateMachine/Chart,[(SOC <= SOCmin + SOCth)&&(Fuel>fuelMin+fuelHys)],"238",1,decision,0,0
4,Dead-NoCharge,84,TransitionConditionOperator,stateMachine/Chart,[(SOC <= SOCmin + SOCth)&&(Fuel>fuelMin+fuelHys)],"238",1,decision,0,0
5,Dead-Combined,84,TransitionConditionOperator,stateMachine/Chart,[(SOC <= SOCmin + SOCth)&&(Fuel>fuelMin+fuelHys)],"238",1,decision,1,1
6,NoCharge-DEAD,84,TransitionConditionOperator,stateMachine/Chart,[(SOC <= SOCmin + SOCth)&&(Fuel>fuelMin+fuelHys)],"238",1,decision,0,0
7,NoCharge-Regen,84,TransitionConditionOperator,stateMachine/Chart,[(SOC <= SOCmin + SOCth)&&(Fuel>fuelMin+fuelHys)],"238",1,decision,0,0
8,NoCharge-ED,84,TransitionConditionOperator,stateMachine/Chart,[(SOC <= SOCmin + SOCth)&&(Fuel>fuelMin+fuelHys)],"238",1,decision,0,0
9,NoCharge-Combined,84,TransitionConditionOperator,stateMachine/Chart,[(SOC <= SOCmin + SOCth)&&(Fuel>fuelMin+fuelHys)],"238",1,decision,1,1
10,NoCharge-NoCharge,84,TransitionConditionOperator,stateMachine/Chart,[(SOC <= SOCmin + SOCth)&&(Fuel>fuelMin+fuelHys)],"238",1,decision,0,0
11,ED-ED,84,TransitionConditionOperator,stateMachine/Chart,[(SOC <= SOCmin + SOCth)&&(Fuel>fuelMin+fuelHys)],"238",1,decision,0,0
12,ED-Regen,84,TransitionConditionOperator,stateMachine/Chart,[(SOC <= SOCmin + SOCth)&&(Fuel>fuelMin+fuelHys)],"238",1,decision,0,0
13,ED-DEAD,84,TransitionConditionOperator,stateMachine/Chart,[(SOC <= SOCmin + SOCth)&&(Fuel>fuelMin+fuelHys)],"238",1,decision,0,0
14,ED-NoCharge,84,TransitionConditionOperator,stateMachine/Chart,[(SOC <= SOCmin + SOCth)&&(Fuel>fuelMin+fuelHys)],"238",1,decision,0,0
15,ED-Combined,84,TransitionConditionOperator,stateMachine/Chart,[(SOC <= SOCmin + SOCth)&&(Fuel>fuelMin+fuelHys)],"238",1,decision,1,1
16,Combined-Combined,84,TransitionConditionOperator,stateMachine/Chart,[(SOC <= SOCmin + SOCth)&&(Fuel>fuelMin+fuelHys)],"238",1,decision,1,1
17,Combined-Regen,84,TransitionConditionOperator,stateMachine/Chart,[(SOC <= SOCmin + SOCth)&&(Fuel>fuelMin+fuelHys)],"238",1,decision,1,1
18,Combined-DEAD,84,TransitionConditionOperator,stateMachine/Chart,[(SOC <= SOCmin + SOCth)&&(Fuel>fuelMin+fuelHys)],"238",1,decision,1,1
19,Combined-ED,84,TransitionConditionOperator,stateMachine/Chart,[(SOC <= SOCmin + SOCth)&&(Fuel>fuelMin+fuelHys)],"238",1,decision,1,1
20,Combined-NoCharge,84,TransitionConditionOperator,stateMachine/Chart,[(SOC <= SOCmin + SOCth)&&(Fuel>fuelMin+fuelHys)],"238",1,decision,1,1
21,Regen-Regen,84,TransitionConditionOperator,stateMachine/Chart,[(SOC <= SOCmin + SOCth)&&(Fuel>fuelMin+fuelHys)],"238",1,decision,0,0
22,Regen-DEAD,84,TransitionConditionOperator,stateMachine/Chart,[(SOC <= SOCmin + SOCth)&&(Fuel>fuelMin+fuelHys)],"238",1,decision,0,0
23,Regen-ED,84,TransitionConditionOperator,stateMachine/Chart,[(SOC <= SOCmin + SOCth)&&(Fuel>fuelMin+fuelHys)],"238",1,decision,0,0
24,Regen-NoCharge,84,TransitionConditionOperator,stateMachine/Chart,[(SOC <= SOCmin + SOCth)&&(Fuel>fuelMin+fuelHys)],"238",1,decision,0,0
25,Regen-Combined,84,TransitionConditionOperator,stateMachine/Chart,[(SOC <= SOCmin + SOCth)&&(Fuel>fuelMin+fuelHys)],"238",1,decision,1,1
1,Dead-Dead,85,TransitionConditionOperator,stateMachine/Chart,[(SOC <= SOCmin + SOCth)&&(Fuel>fuelMin+fuelHys)],"238",1,decision,0,0
2,Dead-Regen,85,TransitionConditionOperator,stateMachine/Chart,[(SOC <= SOCmin + SOCth)&&(Fuel>fuelMin+fuelHys)],"238",1,decision,0,0
3,Dead-ED,85,TransitionConditionOperator,stateMachine/Chart,[(SOC <= SOCmin + SOCth)&&(Fuel>fuelMin+fuelHys)],"238",1,decision,0,0
4,Dead-NoCharge,85,TransitionConditionOperator,stateMachine/Chart,[(SOC <= SOCmin + SOCth)&&(Fuel>fuelMin+fuelHys)],"238",1,decision,0,0
5,Dead-Combined,85,TransitionConditionOperator,stateMachine/Chart,[(SOC <= SOCmin + SOCth)&&(Fuel>fuelMin+fuelHys)],"238",1,decision,1,1
6,NoCharge-DEAD,85,TransitionConditionOperator,stateMachine/Chart,[(SOC <= SOCmin + SOCth)&&(Fuel>fuelMin+fuelHys)],"238",1,decision,0,0
7,NoCharge-Regen,85,TransitionConditionOperator,stateMachine/Chart,[(SOC <= SOCmin + SOCth)&&(Fuel>fuelMin+fuelHys)],"238",1,decision,0,0
8,NoCharge-ED,85,TransitionConditionOperator,stateMachine/Chart,[(SOC <= SOCmin + SOCth)&&(Fuel>fuelMin+fuelHys)],"238",1,decision,0,0
9,NoCharge-Combined,85,TransitionConditionOperator,stateMachine/Chart,[(SOC <= SOCmin + SOCth)&&(Fuel>fuelMin+fuelHys)],"238",1,decision,1,1
10,NoCharge-NoCharge,85,TransitionConditionOperator,stateMachine/Chart,[(SOC <= SOCmin + SOCth)&&(Fuel>fuelMin+fuelHys)],"238",1,decision,0,0
11,ED-ED,85,TransitionConditionOperator,stateMachine/Chart,[(SOC <= SOCmin + SOCth)&&(Fuel>fuelMin+fuelHys)],"238",1,decision,0,0
12,ED-Regen,85,TransitionConditionOperator,stateMachine/Chart,[(SOC <= SOCmin + SOCth)&&(Fuel>fuelMin+fuelHys)],"238",1,decision,0,0
13,ED-DEAD,85,TransitionConditionOperator,stateMachine/Chart,[(SOC <= SOCmin + SOCth)&&(Fuel>fuelMin+fuelHys)],"238",1,decision,0,0
14,ED-NoCharge,85,TransitionConditionOperator,stateMachine/Chart,[(SOC <= SOCmin + SOCth)&&(Fuel>fuelMin+fuelHys)],"238",1,decision,0,0
15,ED-Combined,85,TransitionConditionOperator,stateMachine/Chart,[(SOC <= SOCmin + SOCth)&&(Fuel>fuelMin+fuelHys)],"238",1,decision,1,1
16,Combined-Combined,85,TransitionConditionOperator,stateMachine/Chart,[(SOC <= SOCmin + SOCth)&&(Fuel>fuelMin+fuelHys)],"238",1,decision,1,1
17,Combined-Regen,85,TransitionConditionOperator,stateMachine/Chart,[(SOC <= SOCmin + SOCth)&&(Fuel>fuelMin+fuelHys)],"238",1,decision,1,1
18,Combined-DEAD,85,TransitionConditionOperator,stateMachine/Chart,[(SOC <= SOCmin + SOCth)&&(Fuel>fuelMin+fuelHys)],"238",1,decision,1,1
19,Combined-ED,85,TransitionConditionOperator,stateMachine/Chart,[(SOC <= SOCmin + SOCth)&&(Fuel>fuelMin+fuelHys)],"238",1,decision,1,1
20,Combined-NoCharge,85,TransitionConditionOperator,stateMachine/Chart,[(SOC <= SOCmin + SOCth)&&(Fuel>fuelMin+fuelHys)],"238",1,decision,1,1
21,Regen-Regen,85,TransitionConditionOperator,stateMachine/Chart,[(SOC <= SOCmin + SOCth)&&(Fuel>fuelMin+fuelHys)],"238",1,decision,0,0
22,Regen-DEAD,85,TransitionConditionOperator,stateMachine/Chart,[(SOC <= SOCmin + SOCth)&&(Fuel>fuelMin+fuelHys)],"238",1,decision,0,0
23,Regen-ED,85,TransitionConditionOperator,stateMachine/Chart,[(SOC <= SOCmin + SOCth)&&(Fuel>fuelMin+fuelHys)],"238",1,decision,0,0
24,Regen-NoCharge,85,TransitionConditionOperator,stateMachine/Chart,[(SOC <= SOCmin + SOCth)&&(Fuel>fuelMin+fuelHys)],"238",1,decision,0,0
25,Regen-Combined,85,TransitionConditionOperator,stateMachine/Chart,[(SOC <= SOCmin + SOCth)&&(Fuel>fuelMin+fuelHys)],"238",1,decision,1,1
1,Dead-Dead,86,TransitionConditionOperator,stateMachine/Chart,[(SOC <= SOCmin + SOCth)&&(Fuel>fuelMin+fuelHys)],"238",1,decision,0,0
2,Dead-Regen,86,TransitionConditionOperator,stateMachine/Chart,[(SOC <= SOCmin + SOCth)&&(Fuel>fuelMin+fuelHys)],"238",1,decision,0,0
3,Dead-ED,86,TransitionConditionOperator,stateMachine/Chart,[(SOC <= SOCmin + SOCth)&&(Fuel>fuelMin+fuelHys)],"238",1,decision,0,0
4,Dead-NoCharge,86,TransitionConditionOperator,stateMachine/Chart,[(SOC <= SOCmin + SOCth)&&(Fuel>fuelMin+fuelHys)],"238",1,decision,0,0
5,Dead-Combined,86,TransitionConditionOperator,stateMachine/Chart,[(SOC <= SOCmin + SOCth)&&(Fuel>fuelMin+fuelHys)],"238",1,decision,1,1
6,NoCharge-DEAD,86,TransitionConditionOperator,stateMachine/Chart,[(SOC <= SOCmin + SOCth)&&(Fuel>fuelMin+fuelHys)],"238",1,decision,0,0
7,NoCharge-Regen,86,TransitionConditionOperator,stateMachine/Chart,[(SOC <= SOCmin + SOCth)&&(Fuel>fuelMin+fuelHys)],"238",1,decision,0,0
8,NoCharge-ED,86,TransitionConditionOperator,stateMachine/Chart,[(SOC <= SOCmin + SOCth)&&(Fuel>fuelMin+fuelHys)],"238",1,decision,0,0
9,NoCharge-Combined,86,TransitionConditionOperator,stateMachine/Chart,[(SOC <= SOCmin + SOCth)&&(Fuel>fuelMin+fuelHys)],"238",1,decision,1,1
10,NoCharge-NoCharge,86,TransitionConditionOperator,stateMachine/Chart,[(SOC <= SOCmin + SOCth)&&(Fuel>fuelMin+fuelHys)],"238",1,decision,0,0
11,ED-ED,86,TransitionConditionOperator,stateMachine/Chart,[(SOC <= SOCmin + SOCth)&&(Fuel>fuelMin+fuelHys)],"238",1,decision,0,0
12,ED-Regen,86,TransitionConditionOperator,stateMachine/Chart,[(SOC <= SOCmin + SOCth)&&(Fuel>fuelMin+fuelHys)],"238",1,decision,0,0
13,ED-DEAD,86,TransitionConditionOperator,stateMachine/Chart,[(SOC <= SOCmin + SOCth)&&(Fuel>fuelMin+fuelHys)],"238",1,decision,0,0
14,ED-NoCharge,86,TransitionConditionOperator,stateMachine/Chart,[(SOC <= SOCmin + SOCth)&&(Fuel>fuelMin+fuelHys)],"238",1,decision,0,0
15,ED-Combined,86,TransitionConditionOperator,stateMachine/Chart,[(SOC <= SOCmin + SOCth)&&(Fuel>fuelMin+fuelHys)],"238",1,decision,1,1
16,Combined-Combined,86,TransitionConditionOperator,stateMachine/Chart,[(SOC <= SOCmin + SOCth)&&(Fuel>fuelMin+fuelHys)],"238",1,decision,1,1
17,Combined-Regen,86,TransitionConditionOperator,stateMachine/Chart,[(SOC <= SOCmin + SOCth)&&(Fuel>fuelMin+fuelHys)],"238",1,decision,1,1
18,Combined-DEAD,86,TransitionConditionOperator,stateMachine/Chart,[(SOC <= SOCmin + SOCth)&&(Fuel>fuelMin+fuelHys)],"238",1,decision,1,1
19,Combined-ED,86,TransitionConditionOperator,stateMachine/Chart,[(SOC <= SOCmin + SOCth)&&(Fuel>fuelMin+fuelHys)],"238",1,decision,1,1
20,Combined-NoCharge,86,TransitionConditionOperator,stateMachine/Chart,[(SOC <= SOCmin + SOCth)&&(Fuel>fuelMin+fuelHys)],"238",1,decision,1,1
21,Regen-Regen,86,TransitionConditionOperator,stateMachine/Chart,[(SOC <= SOCmin + SOCth)&&(Fuel>fuelMin+fuelHys)],"238",1,decision,0,0
22,Regen-DEAD,86,TransitionConditionOperator,stateMachine/Chart,[(SOC <= SOCmin + SOCth)&&(Fuel>fuelMin+fuelHys)],"238",1,decision,0,0
23,Regen-ED,86,TransitionConditionOperator,stateMachine/Chart,[(SOC <= SOCmin + SOCth)&&(Fuel>fuelMin+fuelHys)],"238",1,decision,0,0
24,Regen-NoCharge,86,TransitionConditionOperator,stateMachine/Chart,[(SOC <= SOCmin + SOCth)&&(Fuel>fuelMin+fuelHys)],"238",1,decision,0,0
25,Regen-Combined,86,TransitionConditionOperator,stateMachine/Chart,[(SOC <= SOCmin + SOCth)&&(Fuel>fuelMin+fuelHys)],"238",1,decision,1,1
1,Dead-Dead,87,TransitionConditionOperator,stateMachine/Chart,[(SOC <= SOCmin + SOCth)&&(Fuel>fuelMin+fuelHys)],"238",1,decision,0,0
2,Dead-Regen,87,TransitionConditionOperator,stateMachine/Chart,[(SOC <= SOCmin + SOCth)&&(Fuel>fuelMin+fuelHys)],"238",1,decision,0,0
3,Dead-ED,87,TransitionConditionOperator,stateMachine/Chart,[(SOC <= SOCmin + SOCth)&&(Fuel>fuelMin+fuelHys)],"238",1,decision,0,0
4,Dead-NoCharge,87,TransitionConditionOperator,stateMachine/Chart,[(SOC <= SOCmin + SOCth)&&(Fuel>fuelMin+fuelHys)],"238",1,decision,0,0
5,Dead-Combined,87,TransitionConditionOperator,stateMachine/Chart,[(SOC <= SOCmin + SOCth)&&(Fuel>fuelMin+fuelHys)],"238",1,decision,1,1
6,NoCharge-DEAD,87,TransitionConditionOperator,stateMachine/Chart,[(SOC <= SOCmin + SOCth)&&(Fuel>fuelMin+fuelHys)],"238",1,decision,0,0
7,NoCharge-Regen,87,TransitionConditionOperator,stateMachine/Chart,[(SOC <= SOCmin + SOCth)&&(Fuel>fuelMin+fuelHys)],"238",1,decision,0,0
8,NoCharge-ED,87,TransitionConditionOperator,stateMachine/Chart,[(SOC <= SOCmin + SOCth)&&(Fuel>fuelMin+fuelHys)],"238",1,decision,0,0
9,NoCharge-Combined,87,TransitionConditionOperator,stateMachine/Chart,[(SOC <= SOCmin + SOCth)&&(Fuel>fuelMin+fuelHys)],"238",1,decision,1,1
10,NoCharge-NoCharge,87,TransitionConditionOperator,stateMachine/Chart,[(SOC <= SOCmin + SOCth)&&(Fuel>fuelMin+fuelHys)],"238",1,decision,0,0
11,ED-ED,87,TransitionConditionOperator,stateMachine/Chart,[(SOC <= SOCmin + SOCth)&&(Fuel>fuelMin+fuelHys)],"238",1,decision,0,0
12,ED-Regen,87,TransitionConditionOperator,stateMachine/Chart,[(SOC <= SOCmin + SOCth)&&(Fuel>fuelMin+fuelHys)],"238",1,decision,0,0
13,ED-DEAD,87,TransitionConditionOperator,stateMachine/Chart,[(SOC <= SOCmin + SOCth)&&(Fuel>fuelMin+fuelHys)],"238",1,decision,0,0
14,ED-NoCharge,87,TransitionConditionOperator,stateMachine/Chart,[(SOC <= SOCmin + SOCth)&&(Fuel>fuelMin+fuelHys)],"238",1,decision,0,0
15,ED-Combined,87,TransitionConditionOperator,stateMachine/Chart,[(SOC <= SOCmin + SOCth)&&(Fuel>fuelMin+fuelHys)],"238",1,decision,1,1
16,Combined-Combined,87,TransitionConditionOperator,stateMachine/Chart,[(SOC <= SOCmin + SOCth)&&(Fuel>fuelMin+fuelHys)],"238",1,decision,1,1
17,Combined-Regen,87,TransitionConditionOperator,stateMachine/Chart,[(SOC <= SOCmin + SOCth)&&(Fuel>fuelMin+fuelHys)],"238",1,decision,1,1
18,Combined-DEAD,87,TransitionConditionOperator,stateMachine/Chart,[(SOC <= SOCmin + SOCth)&&(Fuel>fuelMin+fuelHys)],"238",1,decision,1,1
19,Combined-ED,87,TransitionConditionOperator,stateMachine/Chart,[(SOC <= SOCmin + SOCth)&&(Fuel>fuelMin+fuelHys)],"238",1,decision,1,1
20,Combined-NoCharge,87,TransitionConditionOperator,stateMachine/Chart,[(SOC <= SOCmin + SOCth)&&(Fuel>fuelMin+fuelHys)],"238",1,decision,1,1
21,Regen-Regen,87,TransitionConditionOperator,stateMachine/Chart,[(SOC <= SOCmin + SOCth)&&(Fuel>fuelMin+fuelHys)],"238",1,decision,0,0
22,Regen-DEAD,87,TransitionConditionOperator,stateMachine/Chart,[(SOC <= SOCmin + SOCth)&&(Fuel>fuelMin+fuelHys)],"238",1,decision,0,0
23,Regen-ED,87,TransitionConditionOperator,stateMachine/Chart,[(SOC <= SOCmin + SOCth)&&(Fuel>fuelMin+fuelHys)],"238",1,decision,0,0
24,Regen-NoCharge,87,TransitionConditionOperator,stateMachine/Chart,[(SOC <= SOCmin + SOCth)&&(Fuel>fuelMin+fuelHys)],"238",1,decision,0,0
25,Regen-Combined,87,TransitionConditionOperator,stateMachine/Chart,[(SOC <= SOCmin + SOCth)&&(Fuel>fuelMin+fuelHys)],"238",1,decision,1,1
1,Dead-Dead,88,TransitionConditionOperator,stateMachine/Chart,[(SOC <= SOCmin + SOCth)&&(Fuel>fuelMin+fuelHys)],"238",1,decision,0,0
2,Dead-Regen,88,TransitionConditionOperator,stateMachine/Chart,[(SOC <= SOCmin + SOCth)&&(Fuel>fuelMin+fuelHys)],"238",1,decision,0,0
3,Dead-ED,88,TransitionConditionOperator,stateMachine/Chart,[(SOC <= SOCmin + SOCth)&&(Fuel>fuelMin+fuelHys)],"238",1,decision,0,0
4,Dead-NoCharge,88,TransitionConditionOperator,stateMachine/Chart,[(SOC <= SOCmin + SOCth)&&(Fuel>fuelMin+fuelHys)],"238",1,decision,0,0
5,Dead-Combined,88,TransitionConditionOperator,stateMachine/Chart,[(SOC <= SOCmin + SOCth)&&(Fuel>fuelMin+fuelHys)],"238",1,decision,1,1
6,NoCharge-DEAD,88,TransitionConditionOperator,stateMachine/Chart,[(SOC <= SOCmin + SOCth)&&(Fuel>fuelMin+fuelHys)],"238",1,decision,0,0
7,NoCharge-Regen,88,TransitionConditionOperator,stateMachine/Chart,[(SOC <= SOCmin + SOCth)&&(Fuel>fuelMin+fuelHys)],"238",1,decision,0,0
8,NoCharge-ED,88,TransitionConditionOperator,stateMachine/Chart,[(SOC <= SOCmin + SOCth)&&(Fuel>fuelMin+fuelHys)],"238",1,decision,0,0
9,NoCharge-Combined,88,TransitionConditionOperator,stateMachine/Chart,[(SOC <= SOCmin + SOCth)&&(Fuel>fuelMin+fuelHys)],"238",1,decision,1,1
10,NoCharge-NoCharge,88,TransitionConditionOperator,stateMachine/Chart,[(SOC <= SOCmin + SOCth)&&(Fuel>fuelMin+fuelHys)],"238",1,decision,0,0
11,ED-ED,88,TransitionConditionOperator,stateMachine/Chart,[(SOC <= SOCmin + SOCth)&&(Fuel>fuelMin+fuelHys)],"238",1,decision,0,0
12,ED-Regen,88,TransitionConditionOperator,stateMachine/Chart,[(SOC <= SOCmin + SOCth)&&(Fuel>fuelMin+fuelHys)],"238",1,decision,0,0
13,ED-DEAD,88,TransitionConditionOperator,stateMachine/Chart,[(SOC <= SOCmin + SOCth)&&(Fuel>fuelMin+fuelHys)],"238",1,decision,0,0
14,ED-NoCharge,88,TransitionConditionOperator,stateMachine/Chart,[(SOC <= SOCmin + SOCth)&&(Fuel>fuelMin+fuelHys)],"238",1,decision,0,0
15,ED-Combined,88,TransitionConditionOperator,stateMachine/Chart,[(SOC <= SOCmin + SOCth)&&(Fuel>fuelMin+fuelHys)],"238",1,decision,1,1
16,Combined-Combined,88,TransitionConditionOperator,stateMachine/Chart,[(SOC <= SOCmin + SOCth)&&(Fuel>fuelMin+fuelHys)],"238",1,decision,1,1
17,Combined-Regen,88,TransitionConditionOperator,stateMachine/Chart,[(SOC <= SOCmin + SOCth)&&(Fuel>fuelMin+fuelHys)],"238",1,decision,1,1
18,Combined-DEAD,88,TransitionConditionOperator,stateMachine/Chart,[(SOC <= SOCmin + SOCth)&&(Fuel>fuelMin+fuelHys)],"238",1,decision,1,1
19,Combined-ED,88,TransitionConditionOperator,stateMachine/Chart,[(SOC <= SOCmin + SOCth)&&(Fuel>fuelMin+fuelHys)],"238",1,decision,1,1
20,Combined-NoCharge,88,TransitionConditionOperator,stateMachine/Chart,[(SOC <= SOCmin + SOCth)&&(Fuel>fuelMin+fuelHys)],"238",1,decision,1,1
21,Regen-Regen,88,TransitionConditionOperator,stateMachine/Chart,[(SOC <= SOCmin + SOCth)&&(Fuel>fuelMin+fuelHys)],"238",1,decision,0,0
22,Regen-DEAD,88,TransitionConditionOperator,stateMachine/Chart,[(SOC <= SOCmin + SOCth)&&(Fuel>fuelMin+fuelHys)],"238",1,decision,0,0
23,Regen-ED,88,TransitionConditionOperator,stateMachine/Chart,[(SOC <= SOCmin + SOCth)&&(Fuel>fuelMin+fuelHys)],"238",1,decision,0,0
24,Regen-NoCharge,88,TransitionConditionOperator,stateMachine/Chart,[(SOC <= SOCmin + SOCth)&&(Fuel>fuelMin+fuelHys)],"238",1,decision,0,0
25,Regen-Combined,88,TransitionConditionOperator,stateMachine/Chart,[(SOC <= SOCmin + SOCth)&&(Fuel>fuelMin+fuelHys)],"238",1,decision,1,1
1,Dead-Dead,89,TransitionConditionOperator,stateMachine/Chart,[(SOC <= SOCmin + SOCth)&&(Fuel>fuelMin+fuelHys)],"238",1,decision,0,0
2,Dead-Regen,89,TransitionConditionOperator,stateMachine/Chart,[(SOC <= SOCmin + SOCth)&&(Fuel>fuelMin+fuelHys)],"238",1,decision,0,0
3,Dead-ED,89,TransitionConditionOperator,stateMachine/Chart,[(SOC <= SOCmin + SOCth)&&(Fuel>fuelMin+fuelHys)],"238",1,decision,0,0
4,Dead-NoCharge,89,TransitionConditionOperator,stateMachine/Chart,[(SOC <= SOCmin + SOCth)&&(Fuel>fuelMin+fuelHys)],"238",1,decision,0,0
5,Dead-Combined,89,TransitionConditionOperator,stateMachine/Chart,[(SOC <= SOCmin + SOCth)&&(Fuel>fuelMin+fuelHys)],"238",1,decision,1,1
6,NoCharge-DEAD,89,TransitionConditionOperator,stateMachine/Chart,[(SOC <= SOCmin + SOCth)&&(Fuel>fuelMin+fuelHys)],"238",1,decision,0,0
7,NoCharge-Regen,89,TransitionConditionOperator,stateMachine/Chart,[(SOC <= SOCmin + SOCth)&&(Fuel>fuelMin+fuelHys)],"238",1,decision,0,0
8,NoCharge-ED,89,TransitionConditionOperator,stateMachine/Chart,[(SOC <= SOCmin + SOCth)&&(Fuel>fuelMin+fuelHys)],"238",1,decision,0,0
9,NoCharge-Combined,89,TransitionConditionOperator,stateMachine/Chart,[(SOC <= SOCmin + SOCth)&&(Fuel>fuelMin+fuelHys)],"238",1,decision,1,1
10,NoCharge-NoCharge,89,TransitionConditionOperator,stateMachine/Chart,[(SOC <= SOCmin + SOCth)&&(Fuel>fuelMin+fuelHys)],"238",1,decision,0,0
11,ED-ED,89,TransitionConditionOperator,stateMachine/Chart,[(SOC <= SOCmin + SOCth)&&(Fuel>fuelMin+fuelHys)],"238",1,decision,0,0
12,ED-Regen,89,TransitionConditionOperator,stateMachine/Chart,[(SOC <= SOCmin + SOCth)&&(Fuel>fuelMin+fuelHys)],"238",1,decision,0,0
13,ED-DEAD,89,TransitionConditionOperator,stateMachine/Chart,[(SOC <= SOCmin + SOCth)&&(Fuel>fuelMin+fuelHys)],"238",1,decision,0,0
14,ED-NoCharge,89,TransitionConditionOperator,stateMachine/Chart,[(SOC <= SOCmin + SOCth)&&(Fuel>fuelMin+fuelHys)],"238",1,decision,0,0
15,ED-Combined,89,TransitionConditionOperator,stateMachine/Chart,[(SOC <= SOCmin + SOCth)&&(Fuel>fuelMin+fuelHys)],"238",1,decision,1,1
16,Combined-Combined,89,TransitionConditionOperator,stateMachine/Chart,[(SOC <= SOCmin + SOCth)&&(Fuel>fuelMin+fuelHys)],"238",1,decision,1,1
17,Combined-Regen,89,TransitionConditionOperator,stateMachine/Chart,[(SOC <= SOCmin + SOCth)&&(Fuel>fuelMin+fuelHys)],"238",1,decision,1,1
18,Combined-DEAD,89,TransitionConditionOperator,stateMachine/Chart,[(SOC <= SOCmin + SOCth)&&(Fuel>fuelMin+fuelHys)],"238",1,decision,1,1
19,Combined-ED,89,TransitionConditionOperator,stateMachine/Chart,[(SOC <= SOCmin + SOCth)&&(Fuel>fuelMin+fuelHys)],"238",1,decision,1,1
20,Combined-NoCharge,89,TransitionConditionOperator,stateMachine/Chart,[(SOC <= SOCmin + SOCth)&&(Fuel>fuelMin+fuelHys)],"238",1,decision,1,1
21,Regen-Regen,89,TransitionConditionOperator,stateMachine/Chart,[(SOC <= SOCmin + SOCth)&&(Fuel>fuelMin+fuelHys)],"238",1,decision,0,0
22,Regen-DEAD,89,TransitionConditionOperator,stateMachine/Chart,[(SOC <= SOCmin + SOCth)&&(Fuel>fuelMin+fuelHys)],"238",1,decision,0,0
23,Regen-ED,89,TransitionConditionOperator,stateMachine/Chart,[(SOC <= SOCmin + SOCth)&&(Fuel>fuelMin+fuelHys)],"238",1,decision,0,0
24,Regen-NoCharge,89,TransitionConditionOperator,stateMachine/Chart,[(SOC <= SOCmin + SOCth)&&(Fuel>fuelMin+fuelHys)],"238",1,decision,0,0
25,Regen-Combined,89,TransitionConditionOperator,stateMachine/Chart,[(SOC <= SOCmin + SOCth)&&(Fuel>fuelMin+fuelHys)],"238",1,decision,1,1
1,Dead-Dead,90,TransitionConditionOperator,stateMachine/Chart,[(SOC > SOCmin+SOCth) && (Fuel>fuelMin+fuelHys) &&Acc>maxAccICE],"239",1,decision,0,0
2,Dead-Regen,90,TransitionConditionOperator,stateMachine/Chart,[(SOC > SOCmin+SOCth) && (Fuel>fuelMin+fuelHys) &&Acc>maxAccICE],"239",1,decision,0,0
3,Dead-ED,90,TransitionConditionOperator,stateMachine/Chart,[(SOC > SOCmin+SOCth) && (Fuel>fuelMin+fuelHys) &&Acc>maxAccICE],"239",1,decision,0,0
4,Dead-NoCharge,90,TransitionConditionOperator,stateMachine/Chart,[(SOC > SOCmin+SOCth) && (Fuel>fuelMin+fuelHys) &&Acc>maxAccICE],"239",1,decision,1,1
5,Dead-Combined,90,TransitionConditionOperator,stateMachine/Chart,[(SOC > SOCmin+SOCth) && (Fuel>fuelMin+fuelHys) &&Acc>maxAccICE],"239",1,decision,0,0
6,NoCharge-DEAD,90,TransitionConditionOperator,stateMachine/Chart,[(SOC > SOCmin+SOCth) && (Fuel>fuelMin+fuelHys) &&Acc>maxAccICE],"239",1,decision,1,1
7,NoCharge-Regen,90,TransitionConditionOperator,stateMachine/Chart,[(SOC > SOCmin+SOCth) && (Fuel>fuelMin+fuelHys) &&Acc>maxAccICE],"239",1,decision,1,1
8,NoCharge-ED,90,TransitionConditionOperator,stateMachine/Chart,[(SOC > SOCmin+SOCth) && (Fuel>fuelMin+fuelHys) &&Acc>maxAccICE],"239",1,decision,1,1
9,NoCharge-Combined,90,TransitionConditionOperator,stateMachine/Chart,[(SOC > SOCmin+SOCth) && (Fuel>fuelMin+fuelHys) &&Acc>maxAccICE],"239",1,decision,1,1
10,NoCharge-NoCharge,90,TransitionConditionOperator,stateMachine/Chart,[(SOC > SOCmin+SOCth) && (Fuel>fuelMin+fuelHys) &&Acc>maxAccICE],"239",1,decision,1,1
11,ED-ED,90,TransitionConditionOperator,stateMachine/Chart,[(SOC > SOCmin+SOCth) && (Fuel>fuelMin+fuelHys) &&Acc>maxAccICE],"239",1,decision,0,0
12,ED-Regen,90,TransitionConditionOperator,stateMachine/Chart,[(SOC > SOCmin+SOCth) && (Fuel>fuelMin+fuelHys) &&Acc>maxAccICE],"239",1,decision,0,0
13,ED-DEAD,90,TransitionConditionOperator,stateMachine/Chart,[(SOC > SOCmin+SOCth) && (Fuel>fuelMin+fuelHys) &&Acc>maxAccICE],"239",1,decision,0,0
14,ED-NoCharge,90,TransitionConditionOperator,stateMachine/Chart,[(SOC > SOCmin+SOCth) && (Fuel>fuelMin+fuelHys) &&Acc>maxAccICE],"239",1,decision,1,1
15,ED-Combined,90,TransitionConditionOperator,stateMachine/Chart,[(SOC > SOCmin+SOCth) && (Fuel>fuelMin+fuelHys) &&Acc>maxAccICE],"239",1,decision,0,0
16,Combined-Combined,90,TransitionConditionOperator,stateMachine/Chart,[(SOC > SOCmin+SOCth) && (Fuel>fuelMin+fuelHys) &&Acc>maxAccICE],"239",1,decision,0,0
17,Combined-Regen,90,TransitionConditionOperator,stateMachine/Chart,[(SOC > SOCmin+SOCth) && (Fuel>fuelMin+fuelHys) &&Acc>maxAccICE],"239",1,decision,0,0
18,Combined-DEAD,90,TransitionConditionOperator,stateMachine/Chart,[(SOC > SOCmin+SOCth) && (Fuel>fuelMin+fuelHys) &&Acc>maxAccICE],"239",1,decision,0,0
19,Combined-ED,90,TransitionConditionOperator,stateMachine/Chart,[(SOC > SOCmin+SOCth) && (Fuel>fuelMin+fuelHys) &&Acc>maxAccICE],"239",1,decision,0,0
20,Combined-NoCharge,90,TransitionConditionOperator,stateMachine/Chart,[(SOC > SOCmin+SOCth) && (Fuel>fuelMin+fuelHys) &&Acc>maxAccICE],"239",1,decision,1,1
21,Regen-Regen,90,TransitionConditionOperator,stateMachine/Chart,[(SOC > SOCmin+SOCth) && (Fuel>fuelMin+fuelHys) &&Acc>maxAccICE],"239",1,decision,0,0
22,Regen-DEAD,90,TransitionConditionOperator,stateMachine/Chart,[(SOC > SOCmin+SOCth) && (Fuel>fuelMin+fuelHys) &&Acc>maxAccICE],"239",1,decision,0,0
23,Regen-ED,90,TransitionConditionOperator,stateMachine/Chart,[(SOC > SOCmin+SOCth) && (Fuel>fuelMin+fuelHys) &&Acc>maxAccICE],"239",1,decision,0,0
24,Regen-NoCharge,90,TransitionConditionOperator,stateMachine/Chart,[(SOC > SOCmin+SOCth) && (Fuel>fuelMin+fuelHys) &&Acc>maxAccICE],"239",1,decision,1,1
25,Regen-Combined,90,TransitionConditionOperator,stateMachine/Chart,[(SOC > SOCmin+SOCth) && (Fuel>fuelMin+fuelHys) &&Acc>maxAccICE],"239",1,decision,0,0
1,Dead-Dead,91,TransitionConditionOperator,stateMachine/Chart,[(SOC > SOCmin+SOCth) && (Fuel>fuelMin+fuelHys) &&Acc>maxAccICE],"239",1,decision,0,0
2,Dead-Regen,91,TransitionConditionOperator,stateMachine/Chart,[(SOC > SOCmin+SOCth) && (Fuel>fuelMin+fuelHys) &&Acc>maxAccICE],"239",1,decision,0,0
3,Dead-ED,91,TransitionConditionOperator,stateMachine/Chart,[(SOC > SOCmin+SOCth) && (Fuel>fuelMin+fuelHys) &&Acc>maxAccICE],"239",1,decision,0,0
4,Dead-NoCharge,91,TransitionConditionOperator,stateMachine/Chart,[(SOC > SOCmin+SOCth) && (Fuel>fuelMin+fuelHys) &&Acc>maxAccICE],"239",1,decision,1,1
5,Dead-Combined,91,TransitionConditionOperator,stateMachine/Chart,[(SOC > SOCmin+SOCth) && (Fuel>fuelMin+fuelHys) &&Acc>maxAccICE],"239",1,decision,0,0
6,NoCharge-DEAD,91,TransitionConditionOperator,stateMachine/Chart,[(SOC > SOCmin+SOCth) && (Fuel>fuelMin+fuelHys) &&Acc>maxAccICE],"239",1,decision,1,1
7,NoCharge-Regen,91,TransitionConditionOperator,stateMachine/Chart,[(SOC > SOCmin+SOCth) && (Fuel>fuelMin+fuelHys) &&Acc>maxAccICE],"239",1,decision,1,1
8,NoCharge-ED,91,TransitionConditionOperator,stateMachine/Chart,[(SOC > SOCmin+SOCth) && (Fuel>fuelMin+fuelHys) &&Acc>maxAccICE],"239",1,decision,1,1
9,NoCharge-Combined,91,TransitionConditionOperator,stateMachine/Chart,[(SOC > SOCmin+SOCth) && (Fuel>fuelMin+fuelHys) &&Acc>maxAccICE],"239",1,decision,1,1
10,NoCharge-NoCharge,91,TransitionConditionOperator,stateMachine/Chart,[(SOC > SOCmin+SOCth) && (Fuel>fuelMin+fuelHys) &&Acc>maxAccICE],"239",1,decision,1,1
11,ED-ED,91,TransitionConditionOperator,stateMachine/Chart,[(SOC > SOCmin+SOCth) && (Fuel>fuelMin+fuelHys) &&Acc>maxAccICE],"239",1,decision,0,0
12,ED-Regen,91,TransitionConditionOperator,stateMachine/Chart,[(SOC > SOCmin+SOCth) && (Fuel>fuelMin+fuelHys) &&Acc>maxAccICE],"239",1,decision,0,0
13,ED-DEAD,91,TransitionConditionOperator,stateMachine/Chart,[(SOC > SOCmin+SOCth) && (Fuel>fuelMin+fuelHys) &&Acc>maxAccICE],"239",1,decision,0,0
14,ED-NoCharge,91,TransitionConditionOperator,stateMachine/Chart,[(SOC > SOCmin+SOCth) && (Fuel>fuelMin+fuelHys) &&Acc>maxAccICE],"239",1,decision,1,1
15,ED-Combined,91,TransitionConditionOperator,stateMachine/Chart,[(SOC > SOCmin+SOCth) && (Fuel>fuelMin+fuelHys) &&Acc>maxAccICE],"239",1,decision,0,0
16,Combined-Combined,91,TransitionConditionOperator,stateMachine/Chart,[(SOC > SOCmin+SOCth) && (Fuel>fuelMin+fuelHys) &&Acc>maxAccICE],"239",1,decision,0,0
17,Combined-Regen,91,TransitionConditionOperator,stateMachine/Chart,[(SOC > SOCmin+SOCth) && (Fuel>fuelMin+fuelHys) &&Acc>maxAccICE],"239",1,decision,0,0
18,Combined-DEAD,91,TransitionConditionOperator,stateMachine/Chart,[(SOC > SOCmin+SOCth) && (Fuel>fuelMin+fuelHys) &&Acc>maxAccICE],"239",1,decision,0,0
19,Combined-ED,91,TransitionConditionOperator,stateMachine/Chart,[(SOC > SOCmin+SOCth) && (Fuel>fuelMin+fuelHys) &&Acc>maxAccICE],"239",1,decision,0,0
20,Combined-NoCharge,91,TransitionConditionOperator,stateMachine/Chart,[(SOC > SOCmin+SOCth) && (Fuel>fuelMin+fuelHys) &&Acc>maxAccICE],"239",1,decision,1,1
21,Regen-Regen,91,TransitionConditionOperator,stateMachine/Chart,[(SOC > SOCmin+SOCth) && (Fuel>fuelMin+fuelHys) &&Acc>maxAccICE],"239",1,decision,0,0
22,Regen-DEAD,91,TransitionConditionOperator,stateMachine/Chart,[(SOC > SOCmin+SOCth) && (Fuel>fuelMin+fuelHys) &&Acc>maxAccICE],"239",1,decision,0,0
23,Regen-ED,91,TransitionConditionOperator,stateMachine/Chart,[(SOC > SOCmin+SOCth) && (Fuel>fuelMin+fuelHys) &&Acc>maxAccICE],"239",1,decision,0,0
24,Regen-NoCharge,91,TransitionConditionOperator,stateMachine/Chart,[(SOC > SOCmin+SOCth) && (Fuel>fuelMin+fuelHys) &&Acc>maxAccICE],"239",1,decision,1,1
25,Regen-Combined,91,TransitionConditionOperator,stateMachine/Chart,[(SOC > SOCmin+SOCth) && (Fuel>fuelMin+fuelHys) &&Acc>maxAccICE],"239",1,decision,0,0
1,Dead-Dead,92,TransitionConditionOperator,stateMachine/Chart,[(SOC > SOCmin+SOCth) && (Fuel>fuelMin+fuelHys) &&Acc>maxAccICE],"239",1,decision,0,0
2,Dead-Regen,92,TransitionConditionOperator,stateMachine/Chart,[(SOC > SOCmin+SOCth) && (Fuel>fuelMin+fuelHys) &&Acc>maxAccICE],"239",1,decision,0,0
3,Dead-ED,92,TransitionConditionOperator,stateMachine/Chart,[(SOC > SOCmin+SOCth) && (Fuel>fuelMin+fuelHys) &&Acc>maxAccICE],"239",1,decision,0,0
4,Dead-NoCharge,92,TransitionConditionOperator,stateMachine/Chart,[(SOC > SOCmin+SOCth) && (Fuel>fuelMin+fuelHys) &&Acc>maxAccICE],"239",1,decision,1,1
5,Dead-Combined,92,TransitionConditionOperator,stateMachine/Chart,[(SOC > SOCmin+SOCth) && (Fuel>fuelMin+fuelHys) &&Acc>maxAccICE],"239",1,decision,0,0
6,NoCharge-DEAD,92,TransitionConditionOperator,stateMachine/Chart,[(SOC > SOCmin+SOCth) && (Fuel>fuelMin+fuelHys) &&Acc>maxAccICE],"239",1,decision,1,1
7,NoCharge-Regen,92,TransitionConditionOperator,stateMachine/Chart,[(SOC > SOCmin+SOCth) && (Fuel>fuelMin+fuelHys) &&Acc>maxAccICE],"239",1,decision,1,1
8,NoCharge-ED,92,TransitionConditionOperator,stateMachine/Chart,[(SOC > SOCmin+SOCth) && (Fuel>fuelMin+fuelHys) &&Acc>maxAccICE],"239",1,decision,1,1
9,NoCharge-Combined,92,TransitionConditionOperator,stateMachine/Chart,[(SOC > SOCmin+SOCth) && (Fuel>fuelMin+fuelHys) &&Acc>maxAccICE],"239",1,decision,1,1
10,NoCharge-NoCharge,92,TransitionConditionOperator,stateMachine/Chart,[(SOC > SOCmin+SOCth) && (Fuel>fuelMin+fuelHys) &&Acc>maxAccICE],"239",1,decision,1,1
11,ED-ED,92,TransitionConditionOperator,stateMachine/Chart,[(SOC > SOCmin+SOCth) && (Fuel>fuelMin+fuelHys) &&Acc>maxAccICE],"239",1,decision,0,0
12,ED-Regen,92,TransitionConditionOperator,stateMachine/Chart,[(SOC > SOCmin+SOCth) && (Fuel>fuelMin+fuelHys) &&Acc>maxAccICE],"239",1,decision,0,0
13,ED-DEAD,92,TransitionConditionOperator,stateMachine/Chart,[(SOC > SOCmin+SOCth) && (Fuel>fuelMin+fuelHys) &&Acc>maxAccICE],"239",1,decision,0,0
14,ED-NoCharge,92,TransitionConditionOperator,stateMachine/Chart,[(SOC > SOCmin+SOCth) && (Fuel>fuelMin+fuelHys) &&Acc>maxAccICE],"239",1,decision,1,1
15,ED-Combined,92,TransitionConditionOperator,stateMachine/Chart,[(SOC > SOCmin+SOCth) && (Fuel>fuelMin+fuelHys) &&Acc>maxAccICE],"239",1,decision,0,0
16,Combined-Combined,92,TransitionConditionOperator,stateMachine/Chart,[(SOC > SOCmin+SOCth) && (Fuel>fuelMin+fuelHys) &&Acc>maxAccICE],"239",1,decision,0,0
17,Combined-Regen,92,TransitionConditionOperator,stateMachine/Chart,[(SOC > SOCmin+SOCth) && (Fuel>fuelMin+fuelHys) &&Acc>maxAccICE],"239",1,decision,0,0
18,Combined-DEAD,92,TransitionConditionOperator,stateMachine/Chart,[(SOC > SOCmin+SOCth) && (Fuel>fuelMin+fuelHys) &&Acc>maxAccICE],"239",1,decision,0,0
19,Combined-ED,92,TransitionConditionOperator,stateMachine/Chart,[(SOC > SOCmin+SOCth) && (Fuel>fuelMin+fuelHys) &&Acc>maxAccICE],"239",1,decision,0,0
20,Combined-NoCharge,92,TransitionConditionOperator,stateMachine/Chart,[(SOC > SOCmin+SOCth) && (Fuel>fuelMin+fuelHys) &&Acc>maxAccICE],"239",1,decision,1,1
21,Regen-Regen,92,TransitionConditionOperator,stateMachine/Chart,[(SOC > SOCmin+SOCth) && (Fuel>fuelMin+fuelHys) &&Acc>maxAccICE],"239",1,decision,0,0
22,Regen-DEAD,92,TransitionConditionOperator,stateMachine/Chart,[(SOC > SOCmin+SOCth) && (Fuel>fuelMin+fuelHys) &&Acc>maxAccICE],"239",1,decision,0,0
23,Regen-ED,92,TransitionConditionOperator,stateMachine/Chart,[(SOC > SOCmin+SOCth) && (Fuel>fuelMin+fuelHys) &&Acc>maxAccICE],"239",1,decision,0,0
24,Regen-NoCharge,92,TransitionConditionOperator,stateMachine/Chart,[(SOC > SOCmin+SOCth) && (Fuel>fuelMin+fuelHys) &&Acc>maxAccICE],"239",1,decision,1,1
25,Regen-Combined,92,TransitionConditionOperator,stateMachine/Chart,[(SOC > SOCmin+SOCth) && (Fuel>fuelMin+fuelHys) &&Acc>maxAccICE],"239",1,decision,0,0
1,Dead-Dead,93,TransitionConditionOperator,stateMachine/Chart,[(SOC > SOCmin+SOCth) && (Fuel>fuelMin+fuelHys) &&Acc>maxAccICE],"239",1,decision,0,0
2,Dead-Regen,93,TransitionConditionOperator,stateMachine/Chart,[(SOC > SOCmin+SOCth) && (Fuel>fuelMin+fuelHys) &&Acc>maxAccICE],"239",1,decision,0,0
3,Dead-ED,93,TransitionConditionOperator,stateMachine/Chart,[(SOC > SOCmin+SOCth) && (Fuel>fuelMin+fuelHys) &&Acc>maxAccICE],"239",1,decision,0,0
4,Dead-NoCharge,93,TransitionConditionOperator,stateMachine/Chart,[(SOC > SOCmin+SOCth) && (Fuel>fuelMin+fuelHys) &&Acc>maxAccICE],"239",1,decision,1,1
5,Dead-Combined,93,TransitionConditionOperator,stateMachine/Chart,[(SOC > SOCmin+SOCth) && (Fuel>fuelMin+fuelHys) &&Acc>maxAccICE],"239",1,decision,0,0
6,NoCharge-DEAD,93,TransitionConditionOperator,stateMachine/Chart,[(SOC > SOCmin+SOCth) && (Fuel>fuelMin+fuelHys) &&Acc>maxAccICE],"239",1,decision,1,1
7,NoCharge-Regen,93,TransitionConditionOperator,stateMachine/Chart,[(SOC > SOCmin+SOCth) && (Fuel>fuelMin+fuelHys) &&Acc>maxAccICE],"239",1,decision,1,1
8,NoCharge-ED,93,TransitionConditionOperator,stateMachine/Chart,[(SOC > SOCmin+SOCth) && (Fuel>fuelMin+fuelHys) &&Acc>maxAccICE],"239",1,decision,1,1
9,NoCharge-Combined,93,TransitionConditionOperator,stateMachine/Chart,[(SOC > SOCmin+SOCth) && (Fuel>fuelMin+fuelHys) &&Acc>maxAccICE],"239",1,decision,1,1
10,NoCharge-NoCharge,93,TransitionConditionOperator,stateMachine/Chart,[(SOC > SOCmin+SOCth) && (Fuel>fuelMin+fuelHys) &&Acc>maxAccICE],"239",1,decision,1,1
11,ED-ED,93,TransitionConditionOperator,stateMachine/Chart,[(SOC > SOCmin+SOCth) && (Fuel>fuelMin+fuelHys) &&Acc>maxAccICE],"239",1,decision,0,0
12,ED-Regen,93,TransitionConditionOperator,stateMachine/Chart,[(SOC > SOCmin+SOCth) && (Fuel>fuelMin+fuelHys) &&Acc>maxAccICE],"239",1,decision,0,0
13,ED-DEAD,93,TransitionConditionOperator,stateMachine/Chart,[(SOC > SOCmin+SOCth) && (Fuel>fuelMin+fuelHys) &&Acc>maxAccICE],"239",1,decision,0,0
14,ED-NoCharge,93,TransitionConditionOperator,stateMachine/Chart,[(SOC > SOCmin+SOCth) && (Fuel>fuelMin+fuelHys) &&Acc>maxAccICE],"239",1,decision,1,1
15,ED-Combined,93,TransitionConditionOperator,stateMachine/Chart,[(SOC > SOCmin+SOCth) && (Fuel>fuelMin+fuelHys) &&Acc>maxAccICE],"239",1,decision,0,0
16,Combined-Combined,93,TransitionConditionOperator,stateMachine/Chart,[(SOC > SOCmin+SOCth) && (Fuel>fuelMin+fuelHys) &&Acc>maxAccICE],"239",1,decision,0,0
17,Combined-Regen,93,TransitionConditionOperator,stateMachine/Chart,[(SOC > SOCmin+SOCth) && (Fuel>fuelMin+fuelHys) &&Acc>maxAccICE],"239",1,decision,0,0
18,Combined-DEAD,93,TransitionConditionOperator,stateMachine/Chart,[(SOC > SOCmin+SOCth) && (Fuel>fuelMin+fuelHys) &&Acc>maxAccICE],"239",1,decision,0,0
19,Combined-ED,93,TransitionConditionOperator,stateMachine/Chart,[(SOC > SOCmin+SOCth) && (Fuel>fuelMin+fuelHys) &&Acc>maxAccICE],"239",1,decision,0,0
20,Combined-NoCharge,93,TransitionConditionOperator,stateMachine/Chart,[(SOC > SOCmin+SOCth) && (Fuel>fuelMin+fuelHys) &&Acc>maxAccICE],"239",1,decision,1,1
21,Regen-Regen,93,TransitionConditionOperator,stateMachine/Chart,[(SOC > SOCmin+SOCth) && (Fuel>fuelMin+fuelHys) &&Acc>maxAccICE],"239",1,decision,0,0
22,Regen-DEAD,93,TransitionConditionOperator,stateMachine/Chart,[(SOC > SOCmin+SOCth) && (Fuel>fuelMin+fuelHys) &&Acc>maxAccICE],"239",1,decision,0,0
23,Regen-ED,93,TransitionConditionOperator,stateMachine/Chart,[(SOC > SOCmin+SOCth) && (Fuel>fuelMin+fuelHys) &&Acc>maxAccICE],"239",1,decision,0,0
24,Regen-NoCharge,93,TransitionConditionOperator,stateMachine/Chart,[(SOC > SOCmin+SOCth) && (Fuel>fuelMin+fuelHys) &&Acc>maxAccICE],"239",1,decision,1,1
25,Regen-Combined,93,TransitionConditionOperator,stateMachine/Chart,[(SOC > SOCmin+SOCth) && (Fuel>fuelMin+fuelHys) &&Acc>maxAccICE],"239",1,decision,0,0
1,Dead-Dead,94,TransitionConditionOperator,stateMachine/Chart,[(SOC > SOCmin+SOCth) && (Fuel>fuelMin+fuelHys) &&Acc>maxAccICE],"239",1,decision,0,0
2,Dead-Regen,94,TransitionConditionOperator,stateMachine/Chart,[(SOC > SOCmin+SOCth) && (Fuel>fuelMin+fuelHys) &&Acc>maxAccICE],"239",1,decision,0,0
3,Dead-ED,94,TransitionConditionOperator,stateMachine/Chart,[(SOC > SOCmin+SOCth) && (Fuel>fuelMin+fuelHys) &&Acc>maxAccICE],"239",1,decision,0,0
4,Dead-NoCharge,94,TransitionConditionOperator,stateMachine/Chart,[(SOC > SOCmin+SOCth) && (Fuel>fuelMin+fuelHys) &&Acc>maxAccICE],"239",1,decision,1,1
5,Dead-Combined,94,TransitionConditionOperator,stateMachine/Chart,[(SOC > SOCmin+SOCth) && (Fuel>fuelMin+fuelHys) &&Acc>maxAccICE],"239",1,decision,0,0
6,NoCharge-DEAD,94,TransitionConditionOperator,stateMachine/Chart,[(SOC > SOCmin+SOCth) && (Fuel>fuelMin+fuelHys) &&Acc>maxAccICE],"239",1,decision,1,1
7,NoCharge-Regen,94,TransitionConditionOperator,stateMachine/Chart,[(SOC > SOCmin+SOCth) && (Fuel>fuelMin+fuelHys) &&Acc>maxAccICE],"239",1,decision,1,1
8,NoCharge-ED,94,TransitionConditionOperator,stateMachine/Chart,[(SOC > SOCmin+SOCth) && (Fuel>fuelMin+fuelHys) &&Acc>maxAccICE],"239",1,decision,1,1
9,NoCharge-Combined,94,TransitionConditionOperator,stateMachine/Chart,[(SOC > SOCmin+SOCth) && (Fuel>fuelMin+fuelHys) &&Acc>maxAccICE],"239",1,decision,1,1
10,NoCharge-NoCharge,94,TransitionConditionOperator,stateMachine/Chart,[(SOC > SOCmin+SOCth) && (Fuel>fuelMin+fuelHys) &&Acc>maxAccICE],"239",1,decision,1,1
11,ED-ED,94,TransitionConditionOperator,stateMachine/Chart,[(SOC > SOCmin+SOCth) && (Fuel>fuelMin+fuelHys) &&Acc>maxAccICE],"239",1,decision,0,0
12,ED-Regen,94,TransitionConditionOperator,stateMachine/Chart,[(SOC > SOCmin+SOCth) && (Fuel>fuelMin+fuelHys) &&Acc>maxAccICE],"239",1,decision,0,0
13,ED-DEAD,94,TransitionConditionOperator,stateMachine/Chart,[(SOC > SOCmin+SOCth) && (Fuel>fuelMin+fuelHys) &&Acc>maxAccICE],"239",1,decision,0,0
14,ED-NoCharge,94,TransitionConditionOperator,stateMachine/Chart,[(SOC > SOCmin+SOCth) && (Fuel>fuelMin+fuelHys) &&Acc>maxAccICE],"239",1,decision,1,1
15,ED-Combined,94,TransitionConditionOperator,stateMachine/Chart,[(SOC > SOCmin+SOCth) && (Fuel>fuelMin+fuelHys) &&Acc>maxAccICE],"239",1,decision,0,0
16,Combined-Combined,94,TransitionConditionOperator,stateMachine/Chart,[(SOC > SOCmin+SOCth) && (Fuel>fuelMin+fuelHys) &&Acc>maxAccICE],"239",1,decision,0,0
17,Combined-Regen,94,TransitionConditionOperator,stateMachine/Chart,[(SOC > SOCmin+SOCth) && (Fuel>fuelMin+fuelHys) &&Acc>maxAccICE],"239",1,decision,0,0
18,Combined-DEAD,94,TransitionConditionOperator,stateMachine/Chart,[(SOC > SOCmin+SOCth) && (Fuel>fuelMin+fuelHys) &&Acc>maxAccICE],"239",1,decision,0,0
19,Combined-ED,94,TransitionConditionOperator,stateMachine/Chart,[(SOC > SOCmin+SOCth) && (Fuel>fuelMin+fuelHys) &&Acc>maxAccICE],"239",1,decision,0,0
20,Combined-NoCharge,94,TransitionConditionOperator,stateMachine/Chart,[(SOC > SOCmin+SOCth) && (Fuel>fuelMin+fuelHys) &&Acc>maxAccICE],"239",1,decision,1,1
21,Regen-Regen,94,TransitionConditionOperator,stateMachine/Chart,[(SOC > SOCmin+SOCth) && (Fuel>fuelMin+fuelHys) &&Acc>maxAccICE],"239",1,decision,0,0
22,Regen-DEAD,94,TransitionConditionOperator,stateMachine/Chart,[(SOC > SOCmin+SOCth) && (Fuel>fuelMin+fuelHys) &&Acc>maxAccICE],"239",1,decision,0,0
23,Regen-ED,94,TransitionConditionOperator,stateMachine/Chart,[(SOC > SOCmin+SOCth) && (Fuel>fuelMin+fuelHys) &&Acc>maxAccICE],"239",1,decision,0,0
24,Regen-NoCharge,94,TransitionConditionOperator,stateMachine/Chart,[(SOC > SOCmin+SOCth) && (Fuel>fuelMin+fuelHys) &&Acc>maxAccICE],"239",1,decision,1,1
25,Regen-Combined,94,TransitionConditionOperator,stateMachine/Chart,[(SOC > SOCmin+SOCth) && (Fuel>fuelMin+fuelHys) &&Acc>maxAccICE],"239",1,decision,0,0
1,Dead-Dead,95,TransitionConditionOperator,stateMachine/Chart,[((RealSpeed>=SpeedEDmax)&& (Fuel>fuelMin+fuelHys))|| ((Fuel>fuelMin+fuelHys)  && Acc>maxAccMGU)],"240",1,decision,0,0
2,Dead-Regen,95,TransitionConditionOperator,stateMachine/Chart,[((RealSpeed>=SpeedEDmax)&& (Fuel>fuelMin+fuelHys))|| ((Fuel>fuelMin+fuelHys)  && Acc>maxAccMGU)],"240",1,decision,0,0
3,Dead-ED,95,TransitionConditionOperator,stateMachine/Chart,[((RealSpeed>=SpeedEDmax)&& (Fuel>fuelMin+fuelHys))|| ((Fuel>fuelMin+fuelHys)  && Acc>maxAccMGU)],"240",1,decision,1,1
4,Dead-NoCharge,95,TransitionConditionOperator,stateMachine/Chart,[((RealSpeed>=SpeedEDmax)&& (Fuel>fuelMin+fuelHys))|| ((Fuel>fuelMin+fuelHys)  && Acc>maxAccMGU)],"240",1,decision,0,0
5,Dead-Combined,95,TransitionConditionOperator,stateMachine/Chart,[((RealSpeed>=SpeedEDmax)&& (Fuel>fuelMin+fuelHys))|| ((Fuel>fuelMin+fuelHys)  && Acc>maxAccMGU)],"240",1,decision,0,0
6,NoCharge-DEAD,95,TransitionConditionOperator,stateMachine/Chart,[((RealSpeed>=SpeedEDmax)&& (Fuel>fuelMin+fuelHys))|| ((Fuel>fuelMin+fuelHys)  && Acc>maxAccMGU)],"240",1,decision,0,0
7,NoCharge-Regen,95,TransitionConditionOperator,stateMachine/Chart,[((RealSpeed>=SpeedEDmax)&& (Fuel>fuelMin+fuelHys))|| ((Fuel>fuelMin+fuelHys)  && Acc>maxAccMGU)],"240",1,decision,0,0
8,NoCharge-ED,95,TransitionConditionOperator,stateMachine/Chart,[((RealSpeed>=SpeedEDmax)&& (Fuel>fuelMin+fuelHys))|| ((Fuel>fuelMin+fuelHys)  && Acc>maxAccMGU)],"240",1,decision,1,1
9,NoCharge-Combined,95,TransitionConditionOperator,stateMachine/Chart,[((RealSpeed>=SpeedEDmax)&& (Fuel>fuelMin+fuelHys))|| ((Fuel>fuelMin+fuelHys)  && Acc>maxAccMGU)],"240",1,decision,0,0
10,NoCharge-NoCharge,95,TransitionConditionOperator,stateMachine/Chart,[((RealSpeed>=SpeedEDmax)&& (Fuel>fuelMin+fuelHys))|| ((Fuel>fuelMin+fuelHys)  && Acc>maxAccMGU)],"240",1,decision,0,0
11,ED-ED,95,TransitionConditionOperator,stateMachine/Chart,[((RealSpeed>=SpeedEDmax)&& (Fuel>fuelMin+fuelHys))|| ((Fuel>fuelMin+fuelHys)  && Acc>maxAccMGU)],"240",1,decision,1,1
12,ED-Regen,95,TransitionConditionOperator,stateMachine/Chart,[((RealSpeed>=SpeedEDmax)&& (Fuel>fuelMin+fuelHys))|| ((Fuel>fuelMin+fuelHys)  && Acc>maxAccMGU)],"240",1,decision,1,1
13,ED-DEAD,95,TransitionConditionOperator,stateMachine/Chart,[((RealSpeed>=SpeedEDmax)&& (Fuel>fuelMin+fuelHys))|| ((Fuel>fuelMin+fuelHys)  && Acc>maxAccMGU)],"240",1,decision,1,1
14,ED-NoCharge,95,TransitionConditionOperator,stateMachine/Chart,[((RealSpeed>=SpeedEDmax)&& (Fuel>fuelMin+fuelHys))|| ((Fuel>fuelMin+fuelHys)  && Acc>maxAccMGU)],"240",1,decision,1,1
15,ED-Combined,95,TransitionConditionOperator,stateMachine/Chart,[((RealSpeed>=SpeedEDmax)&& (Fuel>fuelMin+fuelHys))|| ((Fuel>fuelMin+fuelHys)  && Acc>maxAccMGU)],"240",1,decision,1,1
16,Combined-Combined,95,TransitionConditionOperator,stateMachine/Chart,[((RealSpeed>=SpeedEDmax)&& (Fuel>fuelMin+fuelHys))|| ((Fuel>fuelMin+fuelHys)  && Acc>maxAccMGU)],"240",1,decision,0,0
17,Combined-Regen,95,TransitionConditionOperator,stateMachine/Chart,[((RealSpeed>=SpeedEDmax)&& (Fuel>fuelMin+fuelHys))|| ((Fuel>fuelMin+fuelHys)  && Acc>maxAccMGU)],"240",1,decision,0,0
18,Combined-DEAD,95,TransitionConditionOperator,stateMachine/Chart,[((RealSpeed>=SpeedEDmax)&& (Fuel>fuelMin+fuelHys))|| ((Fuel>fuelMin+fuelHys)  && Acc>maxAccMGU)],"240",1,decision,0,0
19,Combined-ED,95,TransitionConditionOperator,stateMachine/Chart,[((RealSpeed>=SpeedEDmax)&& (Fuel>fuelMin+fuelHys))|| ((Fuel>fuelMin+fuelHys)  && Acc>maxAccMGU)],"240",1,decision,1,1
20,Combined-NoCharge,95,TransitionConditionOperator,stateMachine/Chart,[((RealSpeed>=SpeedEDmax)&& (Fuel>fuelMin+fuelHys))|| ((Fuel>fuelMin+fuelHys)  && Acc>maxAccMGU)],"240",1,decision,0,0
21,Regen-Regen,95,TransitionConditionOperator,stateMachine/Chart,[((RealSpeed>=SpeedEDmax)&& (Fuel>fuelMin+fuelHys))|| ((Fuel>fuelMin+fuelHys)  && Acc>maxAccMGU)],"240",1,decision,0,0
22,Regen-DEAD,95,TransitionConditionOperator,stateMachine/Chart,[((RealSpeed>=SpeedEDmax)&& (Fuel>fuelMin+fuelHys))|| ((Fuel>fuelMin+fuelHys)  && Acc>maxAccMGU)],"240",1,decision,0,0
23,Regen-ED,95,TransitionConditionOperator,stateMachine/Chart,[((RealSpeed>=SpeedEDmax)&& (Fuel>fuelMin+fuelHys))|| ((Fuel>fuelMin+fuelHys)  && Acc>maxAccMGU)],"240",1,decision,1,1
24,Regen-NoCharge,95,TransitionConditionOperator,stateMachine/Chart,[((RealSpeed>=SpeedEDmax)&& (Fuel>fuelMin+fuelHys))|| ((Fuel>fuelMin+fuelHys)  && Acc>maxAccMGU)],"240",1,decision,0,0
25,Regen-Combined,95,TransitionConditionOperator,stateMachine/Chart,[((RealSpeed>=SpeedEDmax)&& (Fuel>fuelMin+fuelHys))|| ((Fuel>fuelMin+fuelHys)  && Acc>maxAccMGU)],"240",1,decision,0,0
1,Dead-Dead,96,TransitionConditionOperator,stateMachine/Chart,[((RealSpeed>=SpeedEDmax)&& (Fuel>fuelMin+fuelHys))|| ((Fuel>fuelMin+fuelHys)  && Acc>maxAccMGU)],"240",1,decision,0,0
2,Dead-Regen,96,TransitionConditionOperator,stateMachine/Chart,[((RealSpeed>=SpeedEDmax)&& (Fuel>fuelMin+fuelHys))|| ((Fuel>fuelMin+fuelHys)  && Acc>maxAccMGU)],"240",1,decision,0,0
3,Dead-ED,96,TransitionConditionOperator,stateMachine/Chart,[((RealSpeed>=SpeedEDmax)&& (Fuel>fuelMin+fuelHys))|| ((Fuel>fuelMin+fuelHys)  && Acc>maxAccMGU)],"240",1,decision,1,1
4,Dead-NoCharge,96,TransitionConditionOperator,stateMachine/Chart,[((RealSpeed>=SpeedEDmax)&& (Fuel>fuelMin+fuelHys))|| ((Fuel>fuelMin+fuelHys)  && Acc>maxAccMGU)],"240",1,decision,0,0
5,Dead-Combined,96,TransitionConditionOperator,stateMachine/Chart,[((RealSpeed>=SpeedEDmax)&& (Fuel>fuelMin+fuelHys))|| ((Fuel>fuelMin+fuelHys)  && Acc>maxAccMGU)],"240",1,decision,0,0
6,NoCharge-DEAD,96,TransitionConditionOperator,stateMachine/Chart,[((RealSpeed>=SpeedEDmax)&& (Fuel>fuelMin+fuelHys))|| ((Fuel>fuelMin+fuelHys)  && Acc>maxAccMGU)],"240",1,decision,0,0
7,NoCharge-Regen,96,TransitionConditionOperator,stateMachine/Chart,[((RealSpeed>=SpeedEDmax)&& (Fuel>fuelMin+fuelHys))|| ((Fuel>fuelMin+fuelHys)  && Acc>maxAccMGU)],"240",1,decision,0,0
8,NoCharge-ED,96,TransitionConditionOperator,stateMachine/Chart,[((RealSpeed>=SpeedEDmax)&& (Fuel>fuelMin+fuelHys))|| ((Fuel>fuelMin+fuelHys)  && Acc>maxAccMGU)],"240",1,decision,1,1
9,NoCharge-Combined,96,TransitionConditionOperator,stateMachine/Chart,[((RealSpeed>=SpeedEDmax)&& (Fuel>fuelMin+fuelHys))|| ((Fuel>fuelMin+fuelHys)  && Acc>maxAccMGU)],"240",1,decision,0,0
10,NoCharge-NoCharge,96,TransitionConditionOperator,stateMachine/Chart,[((RealSpeed>=SpeedEDmax)&& (Fuel>fuelMin+fuelHys))|| ((Fuel>fuelMin+fuelHys)  && Acc>maxAccMGU)],"240",1,decision,0,0
11,ED-ED,96,TransitionConditionOperator,stateMachine/Chart,[((RealSpeed>=SpeedEDmax)&& (Fuel>fuelMin+fuelHys))|| ((Fuel>fuelMin+fuelHys)  && Acc>maxAccMGU)],"240",1,decision,1,1
12,ED-Regen,96,TransitionConditionOperator,stateMachine/Chart,[((RealSpeed>=SpeedEDmax)&& (Fuel>fuelMin+fuelHys))|| ((Fuel>fuelMin+fuelHys)  && Acc>maxAccMGU)],"240",1,decision,1,1
13,ED-DEAD,96,TransitionConditionOperator,stateMachine/Chart,[((RealSpeed>=SpeedEDmax)&& (Fuel>fuelMin+fuelHys))|| ((Fuel>fuelMin+fuelHys)  && Acc>maxAccMGU)],"240",1,decision,1,1
14,ED-NoCharge,96,TransitionConditionOperator,stateMachine/Chart,[((RealSpeed>=SpeedEDmax)&& (Fuel>fuelMin+fuelHys))|| ((Fuel>fuelMin+fuelHys)  && Acc>maxAccMGU)],"240",1,decision,1,1
15,ED-Combined,96,TransitionConditionOperator,stateMachine/Chart,[((RealSpeed>=SpeedEDmax)&& (Fuel>fuelMin+fuelHys))|| ((Fuel>fuelMin+fuelHys)  && Acc>maxAccMGU)],"240",1,decision,1,1
16,Combined-Combined,96,TransitionConditionOperator,stateMachine/Chart,[((RealSpeed>=SpeedEDmax)&& (Fuel>fuelMin+fuelHys))|| ((Fuel>fuelMin+fuelHys)  && Acc>maxAccMGU)],"240",1,decision,0,0
17,Combined-Regen,96,TransitionConditionOperator,stateMachine/Chart,[((RealSpeed>=SpeedEDmax)&& (Fuel>fuelMin+fuelHys))|| ((Fuel>fuelMin+fuelHys)  && Acc>maxAccMGU)],"240",1,decision,0,0
18,Combined-DEAD,96,TransitionConditionOperator,stateMachine/Chart,[((RealSpeed>=SpeedEDmax)&& (Fuel>fuelMin+fuelHys))|| ((Fuel>fuelMin+fuelHys)  && Acc>maxAccMGU)],"240",1,decision,0,0
19,Combined-ED,96,TransitionConditionOperator,stateMachine/Chart,[((RealSpeed>=SpeedEDmax)&& (Fuel>fuelMin+fuelHys))|| ((Fuel>fuelMin+fuelHys)  && Acc>maxAccMGU)],"240",1,decision,1,1
20,Combined-NoCharge,96,TransitionConditionOperator,stateMachine/Chart,[((RealSpeed>=SpeedEDmax)&& (Fuel>fuelMin+fuelHys))|| ((Fuel>fuelMin+fuelHys)  && Acc>maxAccMGU)],"240",1,decision,0,0
21,Regen-Regen,96,TransitionConditionOperator,stateMachine/Chart,[((RealSpeed>=SpeedEDmax)&& (Fuel>fuelMin+fuelHys))|| ((Fuel>fuelMin+fuelHys)  && Acc>maxAccMGU)],"240",1,decision,0,0
22,Regen-DEAD,96,TransitionConditionOperator,stateMachine/Chart,[((RealSpeed>=SpeedEDmax)&& (Fuel>fuelMin+fuelHys))|| ((Fuel>fuelMin+fuelHys)  && Acc>maxAccMGU)],"240",1,decision,0,0
23,Regen-ED,96,TransitionConditionOperator,stateMachine/Chart,[((RealSpeed>=SpeedEDmax)&& (Fuel>fuelMin+fuelHys))|| ((Fuel>fuelMin+fuelHys)  && Acc>maxAccMGU)],"240",1,decision,1,1
24,Regen-NoCharge,96,TransitionConditionOperator,stateMachine/Chart,[((RealSpeed>=SpeedEDmax)&& (Fuel>fuelMin+fuelHys))|| ((Fuel>fuelMin+fuelHys)  && Acc>maxAccMGU)],"240",1,decision,0,0
25,Regen-Combined,96,TransitionConditionOperator,stateMachine/Chart,[((RealSpeed>=SpeedEDmax)&& (Fuel>fuelMin+fuelHys))|| ((Fuel>fuelMin+fuelHys)  && Acc>maxAccMGU)],"240",1,decision,0,0
1,Dead-Dead,97,TransitionConditionOperator,stateMachine/Chart,[((RealSpeed>=SpeedEDmax)&& (Fuel>fuelMin+fuelHys))|| ((Fuel>fuelMin+fuelHys)  && Acc>maxAccMGU)],"240",1,decision,0,0
2,Dead-Regen,97,TransitionConditionOperator,stateMachine/Chart,[((RealSpeed>=SpeedEDmax)&& (Fuel>fuelMin+fuelHys))|| ((Fuel>fuelMin+fuelHys)  && Acc>maxAccMGU)],"240",1,decision,0,0
3,Dead-ED,97,TransitionConditionOperator,stateMachine/Chart,[((RealSpeed>=SpeedEDmax)&& (Fuel>fuelMin+fuelHys))|| ((Fuel>fuelMin+fuelHys)  && Acc>maxAccMGU)],"240",1,decision,1,1
4,Dead-NoCharge,97,TransitionConditionOperator,stateMachine/Chart,[((RealSpeed>=SpeedEDmax)&& (Fuel>fuelMin+fuelHys))|| ((Fuel>fuelMin+fuelHys)  && Acc>maxAccMGU)],"240",1,decision,0,0
5,Dead-Combined,97,TransitionConditionOperator,stateMachine/Chart,[((RealSpeed>=SpeedEDmax)&& (Fuel>fuelMin+fuelHys))|| ((Fuel>fuelMin+fuelHys)  && Acc>maxAccMGU)],"240",1,decision,0,0
6,NoCharge-DEAD,97,TransitionConditionOperator,stateMachine/Chart,[((RealSpeed>=SpeedEDmax)&& (Fuel>fuelMin+fuelHys))|| ((Fuel>fuelMin+fuelHys)  && Acc>maxAccMGU)],"240",1,decision,0,0
7,NoCharge-Regen,97,TransitionConditionOperator,stateMachine/Chart,[((RealSpeed>=SpeedEDmax)&& (Fuel>fuelMin+fuelHys))|| ((Fuel>fuelMin+fuelHys)  && Acc>maxAccMGU)],"240",1,decision,0,0
8,NoCharge-ED,97,TransitionConditionOperator,stateMachine/Chart,[((RealSpeed>=SpeedEDmax)&& (Fuel>fuelMin+fuelHys))|| ((Fuel>fuelMin+fuelHys)  && Acc>maxAccMGU)],"240",1,decision,1,1
9,NoCharge-Combined,97,TransitionConditionOperator,stateMachine/Chart,[((RealSpeed>=SpeedEDmax)&& (Fuel>fuelMin+fuelHys))|| ((Fuel>fuelMin+fuelHys)  && Acc>maxAccMGU)],"240",1,decision,0,0
10,NoCharge-NoCharge,97,TransitionConditionOperator,stateMachine/Chart,[((RealSpeed>=SpeedEDmax)&& (Fuel>fuelMin+fuelHys))|| ((Fuel>fuelMin+fuelHys)  && Acc>maxAccMGU)],"240",1,decision,0,0
11,ED-ED,97,TransitionConditionOperator,stateMachine/Chart,[((RealSpeed>=SpeedEDmax)&& (Fuel>fuelMin+fuelHys))|| ((Fuel>fuelMin+fuelHys)  && Acc>maxAccMGU)],"240",1,decision,1,1
12,ED-Regen,97,TransitionConditionOperator,stateMachine/Chart,[((RealSpeed>=SpeedEDmax)&& (Fuel>fuelMin+fuelHys))|| ((Fuel>fuelMin+fuelHys)  && Acc>maxAccMGU)],"240",1,decision,1,1
13,ED-DEAD,97,TransitionConditionOperator,stateMachine/Chart,[((RealSpeed>=SpeedEDmax)&& (Fuel>fuelMin+fuelHys))|| ((Fuel>fuelMin+fuelHys)  && Acc>maxAccMGU)],"240",1,decision,1,1
14,ED-NoCharge,97,TransitionConditionOperator,stateMachine/Chart,[((RealSpeed>=SpeedEDmax)&& (Fuel>fuelMin+fuelHys))|| ((Fuel>fuelMin+fuelHys)  && Acc>maxAccMGU)],"240",1,decision,1,1
15,ED-Combined,97,TransitionConditionOperator,stateMachine/Chart,[((RealSpeed>=SpeedEDmax)&& (Fuel>fuelMin+fuelHys))|| ((Fuel>fuelMin+fuelHys)  && Acc>maxAccMGU)],"240",1,decision,1,1
16,Combined-Combined,97,TransitionConditionOperator,stateMachine/Chart,[((RealSpeed>=SpeedEDmax)&& (Fuel>fuelMin+fuelHys))|| ((Fuel>fuelMin+fuelHys)  && Acc>maxAccMGU)],"240",1,decision,0,0
17,Combined-Regen,97,TransitionConditionOperator,stateMachine/Chart,[((RealSpeed>=SpeedEDmax)&& (Fuel>fuelMin+fuelHys))|| ((Fuel>fuelMin+fuelHys)  && Acc>maxAccMGU)],"240",1,decision,0,0
18,Combined-DEAD,97,TransitionConditionOperator,stateMachine/Chart,[((RealSpeed>=SpeedEDmax)&& (Fuel>fuelMin+fuelHys))|| ((Fuel>fuelMin+fuelHys)  && Acc>maxAccMGU)],"240",1,decision,0,0
19,Combined-ED,97,TransitionConditionOperator,stateMachine/Chart,[((RealSpeed>=SpeedEDmax)&& (Fuel>fuelMin+fuelHys))|| ((Fuel>fuelMin+fuelHys)  && Acc>maxAccMGU)],"240",1,decision,1,1
20,Combined-NoCharge,97,TransitionConditionOperator,stateMachine/Chart,[((RealSpeed>=SpeedEDmax)&& (Fuel>fuelMin+fuelHys))|| ((Fuel>fuelMin+fuelHys)  && Acc>maxAccMGU)],"240",1,decision,0,0
21,Regen-Regen,97,TransitionConditionOperator,stateMachine/Chart,[((RealSpeed>=SpeedEDmax)&& (Fuel>fuelMin+fuelHys))|| ((Fuel>fuelMin+fuelHys)  && Acc>maxAccMGU)],"240",1,decision,0,0
22,Regen-DEAD,97,TransitionConditionOperator,stateMachine/Chart,[((RealSpeed>=SpeedEDmax)&& (Fuel>fuelMin+fuelHys))|| ((Fuel>fuelMin+fuelHys)  && Acc>maxAccMGU)],"240",1,decision,0,0
23,Regen-ED,97,TransitionConditionOperator,stateMachine/Chart,[((RealSpeed>=SpeedEDmax)&& (Fuel>fuelMin+fuelHys))|| ((Fuel>fuelMin+fuelHys)  && Acc>maxAccMGU)],"240",1,decision,1,1
24,Regen-NoCharge,97,TransitionConditionOperator,stateMachine/Chart,[((RealSpeed>=SpeedEDmax)&& (Fuel>fuelMin+fuelHys))|| ((Fuel>fuelMin+fuelHys)  && Acc>maxAccMGU)],"240",1,decision,0,0
25,Regen-Combined,97,TransitionConditionOperator,stateMachine/Chart,[((RealSpeed>=SpeedEDmax)&& (Fuel>fuelMin+fuelHys))|| ((Fuel>fuelMin+fuelHys)  && Acc>maxAccMGU)],"240",1,decision,0,0
1,Dead-Dead,98,TransitionConditionOperator,stateMachine/Chart,[((RealSpeed>=SpeedEDmax)&& (Fuel>fuelMin+fuelHys))|| ((Fuel>fuelMin+fuelHys)  && Acc>maxAccMGU)],"240",1,decision,0,0
2,Dead-Regen,98,TransitionConditionOperator,stateMachine/Chart,[((RealSpeed>=SpeedEDmax)&& (Fuel>fuelMin+fuelHys))|| ((Fuel>fuelMin+fuelHys)  && Acc>maxAccMGU)],"240",1,decision,0,0
3,Dead-ED,98,TransitionConditionOperator,stateMachine/Chart,[((RealSpeed>=SpeedEDmax)&& (Fuel>fuelMin+fuelHys))|| ((Fuel>fuelMin+fuelHys)  && Acc>maxAccMGU)],"240",1,decision,1,1
4,Dead-NoCharge,98,TransitionConditionOperator,stateMachine/Chart,[((RealSpeed>=SpeedEDmax)&& (Fuel>fuelMin+fuelHys))|| ((Fuel>fuelMin+fuelHys)  && Acc>maxAccMGU)],"240",1,decision,0,0
5,Dead-Combined,98,TransitionConditionOperator,stateMachine/Chart,[((RealSpeed>=SpeedEDmax)&& (Fuel>fuelMin+fuelHys))|| ((Fuel>fuelMin+fuelHys)  && Acc>maxAccMGU)],"240",1,decision,0,0
6,NoCharge-DEAD,98,TransitionConditionOperator,stateMachine/Chart,[((RealSpeed>=SpeedEDmax)&& (Fuel>fuelMin+fuelHys))|| ((Fuel>fuelMin+fuelHys)  && Acc>maxAccMGU)],"240",1,decision,0,0
7,NoCharge-Regen,98,TransitionConditionOperator,stateMachine/Chart,[((RealSpeed>=SpeedEDmax)&& (Fuel>fuelMin+fuelHys))|| ((Fuel>fuelMin+fuelHys)  && Acc>maxAccMGU)],"240",1,decision,0,0
8,NoCharge-ED,98,TransitionConditionOperator,stateMachine/Chart,[((RealSpeed>=SpeedEDmax)&& (Fuel>fuelMin+fuelHys))|| ((Fuel>fuelMin+fuelHys)  && Acc>maxAccMGU)],"240",1,decision,1,1
9,NoCharge-Combined,98,TransitionConditionOperator,stateMachine/Chart,[((RealSpeed>=SpeedEDmax)&& (Fuel>fuelMin+fuelHys))|| ((Fuel>fuelMin+fuelHys)  && Acc>maxAccMGU)],"240",1,decision,0,0
10,NoCharge-NoCharge,98,TransitionConditionOperator,stateMachine/Chart,[((RealSpeed>=SpeedEDmax)&& (Fuel>fuelMin+fuelHys))|| ((Fuel>fuelMin+fuelHys)  && Acc>maxAccMGU)],"240",1,decision,0,0
11,ED-ED,98,TransitionConditionOperator,stateMachine/Chart,[((RealSpeed>=SpeedEDmax)&& (Fuel>fuelMin+fuelHys))|| ((Fuel>fuelMin+fuelHys)  && Acc>maxAccMGU)],"240",1,decision,1,1
12,ED-Regen,98,TransitionConditionOperator,stateMachine/Chart,[((RealSpeed>=SpeedEDmax)&& (Fuel>fuelMin+fuelHys))|| ((Fuel>fuelMin+fuelHys)  && Acc>maxAccMGU)],"240",1,decision,1,1
13,ED-DEAD,98,TransitionConditionOperator,stateMachine/Chart,[((RealSpeed>=SpeedEDmax)&& (Fuel>fuelMin+fuelHys))|| ((Fuel>fuelMin+fuelHys)  && Acc>maxAccMGU)],"240",1,decision,1,1
14,ED-NoCharge,98,TransitionConditionOperator,stateMachine/Chart,[((RealSpeed>=SpeedEDmax)&& (Fuel>fuelMin+fuelHys))|| ((Fuel>fuelMin+fuelHys)  && Acc>maxAccMGU)],"240",1,decision,1,1
15,ED-Combined,98,TransitionConditionOperator,stateMachine/Chart,[((RealSpeed>=SpeedEDmax)&& (Fuel>fuelMin+fuelHys))|| ((Fuel>fuelMin+fuelHys)  && Acc>maxAccMGU)],"240",1,decision,1,1
16,Combined-Combined,98,TransitionConditionOperator,stateMachine/Chart,[((RealSpeed>=SpeedEDmax)&& (Fuel>fuelMin+fuelHys))|| ((Fuel>fuelMin+fuelHys)  && Acc>maxAccMGU)],"240",1,decision,0,0
17,Combined-Regen,98,TransitionConditionOperator,stateMachine/Chart,[((RealSpeed>=SpeedEDmax)&& (Fuel>fuelMin+fuelHys))|| ((Fuel>fuelMin+fuelHys)  && Acc>maxAccMGU)],"240",1,decision,0,0
18,Combined-DEAD,98,TransitionConditionOperator,stateMachine/Chart,[((RealSpeed>=SpeedEDmax)&& (Fuel>fuelMin+fuelHys))|| ((Fuel>fuelMin+fuelHys)  && Acc>maxAccMGU)],"240",1,decision,0,0
19,Combined-ED,98,TransitionConditionOperator,stateMachine/Chart,[((RealSpeed>=SpeedEDmax)&& (Fuel>fuelMin+fuelHys))|| ((Fuel>fuelMin+fuelHys)  && Acc>maxAccMGU)],"240",1,decision,1,1
20,Combined-NoCharge,98,TransitionConditionOperator,stateMachine/Chart,[((RealSpeed>=SpeedEDmax)&& (Fuel>fuelMin+fuelHys))|| ((Fuel>fuelMin+fuelHys)  && Acc>maxAccMGU)],"240",1,decision,0,0
21,Regen-Regen,98,TransitionConditionOperator,stateMachine/Chart,[((RealSpeed>=SpeedEDmax)&& (Fuel>fuelMin+fuelHys))|| ((Fuel>fuelMin+fuelHys)  && Acc>maxAccMGU)],"240",1,decision,0,0
22,Regen-DEAD,98,TransitionConditionOperator,stateMachine/Chart,[((RealSpeed>=SpeedEDmax)&& (Fuel>fuelMin+fuelHys))|| ((Fuel>fuelMin+fuelHys)  && Acc>maxAccMGU)],"240",1,decision,0,0
23,Regen-ED,98,TransitionConditionOperator,stateMachine/Chart,[((RealSpeed>=SpeedEDmax)&& (Fuel>fuelMin+fuelHys))|| ((Fuel>fuelMin+fuelHys)  && Acc>maxAccMGU)],"240",1,decision,1,1
24,Regen-NoCharge,98,TransitionConditionOperator,stateMachine/Chart,[((RealSpeed>=SpeedEDmax)&& (Fuel>fuelMin+fuelHys))|| ((Fuel>fuelMin+fuelHys)  && Acc>maxAccMGU)],"240",1,decision,0,0
25,Regen-Combined,98,TransitionConditionOperator,stateMachine/Chart,[((RealSpeed>=SpeedEDmax)&& (Fuel>fuelMin+fuelHys))|| ((Fuel>fuelMin+fuelHys)  && Acc>maxAccMGU)],"240",1,decision,0,0
1,Dead-Dead,99,TransitionConditionOperator,stateMachine/Chart,[((RealSpeed>=SpeedEDmax)&& (Fuel>fuelMin+fuelHys))|| ((Fuel>fuelMin+fuelHys)  && Acc>maxAccMGU)],"240",1,decision,0,0
2,Dead-Regen,99,TransitionConditionOperator,stateMachine/Chart,[((RealSpeed>=SpeedEDmax)&& (Fuel>fuelMin+fuelHys))|| ((Fuel>fuelMin+fuelHys)  && Acc>maxAccMGU)],"240",1,decision,0,0
3,Dead-ED,99,TransitionConditionOperator,stateMachine/Chart,[((RealSpeed>=SpeedEDmax)&& (Fuel>fuelMin+fuelHys))|| ((Fuel>fuelMin+fuelHys)  && Acc>maxAccMGU)],"240",1,decision,1,1
4,Dead-NoCharge,99,TransitionConditionOperator,stateMachine/Chart,[((RealSpeed>=SpeedEDmax)&& (Fuel>fuelMin+fuelHys))|| ((Fuel>fuelMin+fuelHys)  && Acc>maxAccMGU)],"240",1,decision,0,0
5,Dead-Combined,99,TransitionConditionOperator,stateMachine/Chart,[((RealSpeed>=SpeedEDmax)&& (Fuel>fuelMin+fuelHys))|| ((Fuel>fuelMin+fuelHys)  && Acc>maxAccMGU)],"240",1,decision,0,0
6,NoCharge-DEAD,99,TransitionConditionOperator,stateMachine/Chart,[((RealSpeed>=SpeedEDmax)&& (Fuel>fuelMin+fuelHys))|| ((Fuel>fuelMin+fuelHys)  && Acc>maxAccMGU)],"240",1,decision,0,0
7,NoCharge-Regen,99,TransitionConditionOperator,stateMachine/Chart,[((RealSpeed>=SpeedEDmax)&& (Fuel>fuelMin+fuelHys))|| ((Fuel>fuelMin+fuelHys)  && Acc>maxAccMGU)],"240",1,decision,0,0
8,NoCharge-ED,99,TransitionConditionOperator,stateMachine/Chart,[((RealSpeed>=SpeedEDmax)&& (Fuel>fuelMin+fuelHys))|| ((Fuel>fuelMin+fuelHys)  && Acc>maxAccMGU)],"240",1,decision,1,1
9,NoCharge-Combined,99,TransitionConditionOperator,stateMachine/Chart,[((RealSpeed>=SpeedEDmax)&& (Fuel>fuelMin+fuelHys))|| ((Fuel>fuelMin+fuelHys)  && Acc>maxAccMGU)],"240",1,decision,0,0
10,NoCharge-NoCharge,99,TransitionConditionOperator,stateMachine/Chart,[((RealSpeed>=SpeedEDmax)&& (Fuel>fuelMin+fuelHys))|| ((Fuel>fuelMin+fuelHys)  && Acc>maxAccMGU)],"240",1,decision,0,0
11,ED-ED,99,TransitionConditionOperator,stateMachine/Chart,[((RealSpeed>=SpeedEDmax)&& (Fuel>fuelMin+fuelHys))|| ((Fuel>fuelMin+fuelHys)  && Acc>maxAccMGU)],"240",1,decision,1,1
12,ED-Regen,99,TransitionConditionOperator,stateMachine/Chart,[((RealSpeed>=SpeedEDmax)&& (Fuel>fuelMin+fuelHys))|| ((Fuel>fuelMin+fuelHys)  && Acc>maxAccMGU)],"240",1,decision,1,1
13,ED-DEAD,99,TransitionConditionOperator,stateMachine/Chart,[((RealSpeed>=SpeedEDmax)&& (Fuel>fuelMin+fuelHys))|| ((Fuel>fuelMin+fuelHys)  && Acc>maxAccMGU)],"240",1,decision,1,1
14,ED-NoCharge,99,TransitionConditionOperator,stateMachine/Chart,[((RealSpeed>=SpeedEDmax)&& (Fuel>fuelMin+fuelHys))|| ((Fuel>fuelMin+fuelHys)  && Acc>maxAccMGU)],"240",1,decision,1,1
15,ED-Combined,99,TransitionConditionOperator,stateMachine/Chart,[((RealSpeed>=SpeedEDmax)&& (Fuel>fuelMin+fuelHys))|| ((Fuel>fuelMin+fuelHys)  && Acc>maxAccMGU)],"240",1,decision,1,1
16,Combined-Combined,99,TransitionConditionOperator,stateMachine/Chart,[((RealSpeed>=SpeedEDmax)&& (Fuel>fuelMin+fuelHys))|| ((Fuel>fuelMin+fuelHys)  && Acc>maxAccMGU)],"240",1,decision,0,0
17,Combined-Regen,99,TransitionConditionOperator,stateMachine/Chart,[((RealSpeed>=SpeedEDmax)&& (Fuel>fuelMin+fuelHys))|| ((Fuel>fuelMin+fuelHys)  && Acc>maxAccMGU)],"240",1,decision,0,0
18,Combined-DEAD,99,TransitionConditionOperator,stateMachine/Chart,[((RealSpeed>=SpeedEDmax)&& (Fuel>fuelMin+fuelHys))|| ((Fuel>fuelMin+fuelHys)  && Acc>maxAccMGU)],"240",1,decision,0,0
19,Combined-ED,99,TransitionConditionOperator,stateMachine/Chart,[((RealSpeed>=SpeedEDmax)&& (Fuel>fuelMin+fuelHys))|| ((Fuel>fuelMin+fuelHys)  && Acc>maxAccMGU)],"240",1,decision,1,1
20,Combined-NoCharge,99,TransitionConditionOperator,stateMachine/Chart,[((RealSpeed>=SpeedEDmax)&& (Fuel>fuelMin+fuelHys))|| ((Fuel>fuelMin+fuelHys)  && Acc>maxAccMGU)],"240",1,decision,0,0
21,Regen-Regen,99,TransitionConditionOperator,stateMachine/Chart,[((RealSpeed>=SpeedEDmax)&& (Fuel>fuelMin+fuelHys))|| ((Fuel>fuelMin+fuelHys)  && Acc>maxAccMGU)],"240",1,decision,0,0
22,Regen-DEAD,99,TransitionConditionOperator,stateMachine/Chart,[((RealSpeed>=SpeedEDmax)&& (Fuel>fuelMin+fuelHys))|| ((Fuel>fuelMin+fuelHys)  && Acc>maxAccMGU)],"240",1,decision,0,0
23,Regen-ED,99,TransitionConditionOperator,stateMachine/Chart,[((RealSpeed>=SpeedEDmax)&& (Fuel>fuelMin+fuelHys))|| ((Fuel>fuelMin+fuelHys)  && Acc>maxAccMGU)],"240",1,decision,1,1
24,Regen-NoCharge,99,TransitionConditionOperator,stateMachine/Chart,[((RealSpeed>=SpeedEDmax)&& (Fuel>fuelMin+fuelHys))|| ((Fuel>fuelMin+fuelHys)  && Acc>maxAccMGU)],"240",1,decision,0,0
25,Regen-Combined,99,TransitionConditionOperator,stateMachine/Chart,[((RealSpeed>=SpeedEDmax)&& (Fuel>fuelMin+fuelHys))|| ((Fuel>fuelMin+fuelHys)  && Acc>maxAccMGU)],"240",1,decision,0,0
1,Dead-Dead,100,TransitionConditionOperator,stateMachine/Chart,[((RealSpeed>=SpeedEDmax)&& (Fuel>fuelMin+fuelHys))|| ((Fuel>fuelMin+fuelHys)  && Acc>maxAccMGU)],"240",1,decision,0,0
2,Dead-Regen,100,TransitionConditionOperator,stateMachine/Chart,[((RealSpeed>=SpeedEDmax)&& (Fuel>fuelMin+fuelHys))|| ((Fuel>fuelMin+fuelHys)  && Acc>maxAccMGU)],"240",1,decision,0,0
3,Dead-ED,100,TransitionConditionOperator,stateMachine/Chart,[((RealSpeed>=SpeedEDmax)&& (Fuel>fuelMin+fuelHys))|| ((Fuel>fuelMin+fuelHys)  && Acc>maxAccMGU)],"240",1,decision,1,1
4,Dead-NoCharge,100,TransitionConditionOperator,stateMachine/Chart,[((RealSpeed>=SpeedEDmax)&& (Fuel>fuelMin+fuelHys))|| ((Fuel>fuelMin+fuelHys)  && Acc>maxAccMGU)],"240",1,decision,0,0
5,Dead-Combined,100,TransitionConditionOperator,stateMachine/Chart,[((RealSpeed>=SpeedEDmax)&& (Fuel>fuelMin+fuelHys))|| ((Fuel>fuelMin+fuelHys)  && Acc>maxAccMGU)],"240",1,decision,0,0
6,NoCharge-DEAD,100,TransitionConditionOperator,stateMachine/Chart,[((RealSpeed>=SpeedEDmax)&& (Fuel>fuelMin+fuelHys))|| ((Fuel>fuelMin+fuelHys)  && Acc>maxAccMGU)],"240",1,decision,0,0
7,NoCharge-Regen,100,TransitionConditionOperator,stateMachine/Chart,[((RealSpeed>=SpeedEDmax)&& (Fuel>fuelMin+fuelHys))|| ((Fuel>fuelMin+fuelHys)  && Acc>maxAccMGU)],"240",1,decision,0,0
8,NoCharge-ED,100,TransitionConditionOperator,stateMachine/Chart,[((RealSpeed>=SpeedEDmax)&& (Fuel>fuelMin+fuelHys))|| ((Fuel>fuelMin+fuelHys)  && Acc>maxAccMGU)],"240",1,decision,1,1
9,NoCharge-Combined,100,TransitionConditionOperator,stateMachine/Chart,[((RealSpeed>=SpeedEDmax)&& (Fuel>fuelMin+fuelHys))|| ((Fuel>fuelMin+fuelHys)  && Acc>maxAccMGU)],"240",1,decision,0,0
10,NoCharge-NoCharge,100,TransitionConditionOperator,stateMachine/Chart,[((RealSpeed>=SpeedEDmax)&& (Fuel>fuelMin+fuelHys))|| ((Fuel>fuelMin+fuelHys)  && Acc>maxAccMGU)],"240",1,decision,0,0
11,ED-ED,100,TransitionConditionOperator,stateMachine/Chart,[((RealSpeed>=SpeedEDmax)&& (Fuel>fuelMin+fuelHys))|| ((Fuel>fuelMin+fuelHys)  && Acc>maxAccMGU)],"240",1,decision,1,1
12,ED-Regen,100,TransitionConditionOperator,stateMachine/Chart,[((RealSpeed>=SpeedEDmax)&& (Fuel>fuelMin+fuelHys))|| ((Fuel>fuelMin+fuelHys)  && Acc>maxAccMGU)],"240",1,decision,1,1
13,ED-DEAD,100,TransitionConditionOperator,stateMachine/Chart,[((RealSpeed>=SpeedEDmax)&& (Fuel>fuelMin+fuelHys))|| ((Fuel>fuelMin+fuelHys)  && Acc>maxAccMGU)],"240",1,decision,1,1
14,ED-NoCharge,100,TransitionConditionOperator,stateMachine/Chart,[((RealSpeed>=SpeedEDmax)&& (Fuel>fuelMin+fuelHys))|| ((Fuel>fuelMin+fuelHys)  && Acc>maxAccMGU)],"240",1,decision,1,1
15,ED-Combined,100,TransitionConditionOperator,stateMachine/Chart,[((RealSpeed>=SpeedEDmax)&& (Fuel>fuelMin+fuelHys))|| ((Fuel>fuelMin+fuelHys)  && Acc>maxAccMGU)],"240",1,decision,1,1
16,Combined-Combined,100,TransitionConditionOperator,stateMachine/Chart,[((RealSpeed>=SpeedEDmax)&& (Fuel>fuelMin+fuelHys))|| ((Fuel>fuelMin+fuelHys)  && Acc>maxAccMGU)],"240",1,decision,0,0
17,Combined-Regen,100,TransitionConditionOperator,stateMachine/Chart,[((RealSpeed>=SpeedEDmax)&& (Fuel>fuelMin+fuelHys))|| ((Fuel>fuelMin+fuelHys)  && Acc>maxAccMGU)],"240",1,decision,0,0
18,Combined-DEAD,100,TransitionConditionOperator,stateMachine/Chart,[((RealSpeed>=SpeedEDmax)&& (Fuel>fuelMin+fuelHys))|| ((Fuel>fuelMin+fuelHys)  && Acc>maxAccMGU)],"240",1,decision,0,0
19,Combined-ED,100,TransitionConditionOperator,stateMachine/Chart,[((RealSpeed>=SpeedEDmax)&& (Fuel>fuelMin+fuelHys))|| ((Fuel>fuelMin+fuelHys)  && Acc>maxAccMGU)],"240",1,decision,1,1
20,Combined-NoCharge,100,TransitionConditionOperator,stateMachine/Chart,[((RealSpeed>=SpeedEDmax)&& (Fuel>fuelMin+fuelHys))|| ((Fuel>fuelMin+fuelHys)  && Acc>maxAccMGU)],"240",1,decision,0,0
21,Regen-Regen,100,TransitionConditionOperator,stateMachine/Chart,[((RealSpeed>=SpeedEDmax)&& (Fuel>fuelMin+fuelHys))|| ((Fuel>fuelMin+fuelHys)  && Acc>maxAccMGU)],"240",1,decision,0,0
22,Regen-DEAD,100,TransitionConditionOperator,stateMachine/Chart,[((RealSpeed>=SpeedEDmax)&& (Fuel>fuelMin+fuelHys))|| ((Fuel>fuelMin+fuelHys)  && Acc>maxAccMGU)],"240",1,decision,0,0
23,Regen-ED,100,TransitionConditionOperator,stateMachine/Chart,[((RealSpeed>=SpeedEDmax)&& (Fuel>fuelMin+fuelHys))|| ((Fuel>fuelMin+fuelHys)  && Acc>maxAccMGU)],"240",1,decision,1,1
24,Regen-NoCharge,100,TransitionConditionOperator,stateMachine/Chart,[((RealSpeed>=SpeedEDmax)&& (Fuel>fuelMin+fuelHys))|| ((Fuel>fuelMin+fuelHys)  && Acc>maxAccMGU)],"240",1,decision,0,0
25,Regen-Combined,100,TransitionConditionOperator,stateMachine/Chart,[((RealSpeed>=SpeedEDmax)&& (Fuel>fuelMin+fuelHys))|| ((Fuel>fuelMin+fuelHys)  && Acc>maxAccMGU)],"240",1,decision,0,0
1,Dead-Dead,101,TransitionConditionOperator,stateMachine/Chart,[((RealSpeed>=SpeedEDmax)&& (Fuel>fuelMin+fuelHys))|| ((Fuel>fuelMin+fuelHys)  && Acc>maxAccMGU)],"240",1,decision,0,0
2,Dead-Regen,101,TransitionConditionOperator,stateMachine/Chart,[((RealSpeed>=SpeedEDmax)&& (Fuel>fuelMin+fuelHys))|| ((Fuel>fuelMin+fuelHys)  && Acc>maxAccMGU)],"240",1,decision,0,0
3,Dead-ED,101,TransitionConditionOperator,stateMachine/Chart,[((RealSpeed>=SpeedEDmax)&& (Fuel>fuelMin+fuelHys))|| ((Fuel>fuelMin+fuelHys)  && Acc>maxAccMGU)],"240",1,decision,1,1
4,Dead-NoCharge,101,TransitionConditionOperator,stateMachine/Chart,[((RealSpeed>=SpeedEDmax)&& (Fuel>fuelMin+fuelHys))|| ((Fuel>fuelMin+fuelHys)  && Acc>maxAccMGU)],"240",1,decision,0,0
5,Dead-Combined,101,TransitionConditionOperator,stateMachine/Chart,[((RealSpeed>=SpeedEDmax)&& (Fuel>fuelMin+fuelHys))|| ((Fuel>fuelMin+fuelHys)  && Acc>maxAccMGU)],"240",1,decision,0,0
6,NoCharge-DEAD,101,TransitionConditionOperator,stateMachine/Chart,[((RealSpeed>=SpeedEDmax)&& (Fuel>fuelMin+fuelHys))|| ((Fuel>fuelMin+fuelHys)  && Acc>maxAccMGU)],"240",1,decision,0,0
7,NoCharge-Regen,101,TransitionConditionOperator,stateMachine/Chart,[((RealSpeed>=SpeedEDmax)&& (Fuel>fuelMin+fuelHys))|| ((Fuel>fuelMin+fuelHys)  && Acc>maxAccMGU)],"240",1,decision,0,0
8,NoCharge-ED,101,TransitionConditionOperator,stateMachine/Chart,[((RealSpeed>=SpeedEDmax)&& (Fuel>fuelMin+fuelHys))|| ((Fuel>fuelMin+fuelHys)  && Acc>maxAccMGU)],"240",1,decision,1,1
9,NoCharge-Combined,101,TransitionConditionOperator,stateMachine/Chart,[((RealSpeed>=SpeedEDmax)&& (Fuel>fuelMin+fuelHys))|| ((Fuel>fuelMin+fuelHys)  && Acc>maxAccMGU)],"240",1,decision,0,0
10,NoCharge-NoCharge,101,TransitionConditionOperator,stateMachine/Chart,[((RealSpeed>=SpeedEDmax)&& (Fuel>fuelMin+fuelHys))|| ((Fuel>fuelMin+fuelHys)  && Acc>maxAccMGU)],"240",1,decision,0,0
11,ED-ED,101,TransitionConditionOperator,stateMachine/Chart,[((RealSpeed>=SpeedEDmax)&& (Fuel>fuelMin+fuelHys))|| ((Fuel>fuelMin+fuelHys)  && Acc>maxAccMGU)],"240",1,decision,1,1
12,ED-Regen,101,TransitionConditionOperator,stateMachine/Chart,[((RealSpeed>=SpeedEDmax)&& (Fuel>fuelMin+fuelHys))|| ((Fuel>fuelMin+fuelHys)  && Acc>maxAccMGU)],"240",1,decision,1,1
13,ED-DEAD,101,TransitionConditionOperator,stateMachine/Chart,[((RealSpeed>=SpeedEDmax)&& (Fuel>fuelMin+fuelHys))|| ((Fuel>fuelMin+fuelHys)  && Acc>maxAccMGU)],"240",1,decision,1,1
14,ED-NoCharge,101,TransitionConditionOperator,stateMachine/Chart,[((RealSpeed>=SpeedEDmax)&& (Fuel>fuelMin+fuelHys))|| ((Fuel>fuelMin+fuelHys)  && Acc>maxAccMGU)],"240",1,decision,1,1
15,ED-Combined,101,TransitionConditionOperator,stateMachine/Chart,[((RealSpeed>=SpeedEDmax)&& (Fuel>fuelMin+fuelHys))|| ((Fuel>fuelMin+fuelHys)  && Acc>maxAccMGU)],"240",1,decision,1,1
16,Combined-Combined,101,TransitionConditionOperator,stateMachine/Chart,[((RealSpeed>=SpeedEDmax)&& (Fuel>fuelMin+fuelHys))|| ((Fuel>fuelMin+fuelHys)  && Acc>maxAccMGU)],"240",1,decision,0,0
17,Combined-Regen,101,TransitionConditionOperator,stateMachine/Chart,[((RealSpeed>=SpeedEDmax)&& (Fuel>fuelMin+fuelHys))|| ((Fuel>fuelMin+fuelHys)  && Acc>maxAccMGU)],"240",1,decision,0,0
18,Combined-DEAD,101,TransitionConditionOperator,stateMachine/Chart,[((RealSpeed>=SpeedEDmax)&& (Fuel>fuelMin+fuelHys))|| ((Fuel>fuelMin+fuelHys)  && Acc>maxAccMGU)],"240",1,decision,0,0
19,Combined-ED,101,TransitionConditionOperator,stateMachine/Chart,[((RealSpeed>=SpeedEDmax)&& (Fuel>fuelMin+fuelHys))|| ((Fuel>fuelMin+fuelHys)  && Acc>maxAccMGU)],"240",1,decision,1,1
20,Combined-NoCharge,101,TransitionConditionOperator,stateMachine/Chart,[((RealSpeed>=SpeedEDmax)&& (Fuel>fuelMin+fuelHys))|| ((Fuel>fuelMin+fuelHys)  && Acc>maxAccMGU)],"240",1,decision,0,0
21,Regen-Regen,101,TransitionConditionOperator,stateMachine/Chart,[((RealSpeed>=SpeedEDmax)&& (Fuel>fuelMin+fuelHys))|| ((Fuel>fuelMin+fuelHys)  && Acc>maxAccMGU)],"240",1,decision,0,0
22,Regen-DEAD,101,TransitionConditionOperator,stateMachine/Chart,[((RealSpeed>=SpeedEDmax)&& (Fuel>fuelMin+fuelHys))|| ((Fuel>fuelMin+fuelHys)  && Acc>maxAccMGU)],"240",1,decision,0,0
23,Regen-ED,101,TransitionConditionOperator,stateMachine/Chart,[((RealSpeed>=SpeedEDmax)&& (Fuel>fuelMin+fuelHys))|| ((Fuel>fuelMin+fuelHys)  && Acc>maxAccMGU)],"240",1,decision,1,1
24,Regen-NoCharge,101,TransitionConditionOperator,stateMachine/Chart,[((RealSpeed>=SpeedEDmax)&& (Fuel>fuelMin+fuelHys))|| ((Fuel>fuelMin+fuelHys)  && Acc>maxAccMGU)],"240",1,decision,0,0
25,Regen-Combined,101,TransitionConditionOperator,stateMachine/Chart,[((RealSpeed>=SpeedEDmax)&& (Fuel>fuelMin+fuelHys))|| ((Fuel>fuelMin+fuelHys)  && Acc>maxAccMGU)],"240",1,decision,0,0
1,Dead-Dead,102,TransitionConditionOperator,stateMachine/Chart,[((RealSpeed>=SpeedEDmax)&& (Fuel>fuelMin+fuelHys))|| ((Fuel>fuelMin+fuelHys)  && Acc>maxAccMGU)],"240",1,decision,0,0
2,Dead-Regen,102,TransitionConditionOperator,stateMachine/Chart,[((RealSpeed>=SpeedEDmax)&& (Fuel>fuelMin+fuelHys))|| ((Fuel>fuelMin+fuelHys)  && Acc>maxAccMGU)],"240",1,decision,0,0
3,Dead-ED,102,TransitionConditionOperator,stateMachine/Chart,[((RealSpeed>=SpeedEDmax)&& (Fuel>fuelMin+fuelHys))|| ((Fuel>fuelMin+fuelHys)  && Acc>maxAccMGU)],"240",1,decision,1,1
4,Dead-NoCharge,102,TransitionConditionOperator,stateMachine/Chart,[((RealSpeed>=SpeedEDmax)&& (Fuel>fuelMin+fuelHys))|| ((Fuel>fuelMin+fuelHys)  && Acc>maxAccMGU)],"240",1,decision,0,0
5,Dead-Combined,102,TransitionConditionOperator,stateMachine/Chart,[((RealSpeed>=SpeedEDmax)&& (Fuel>fuelMin+fuelHys))|| ((Fuel>fuelMin+fuelHys)  && Acc>maxAccMGU)],"240",1,decision,0,0
6,NoCharge-DEAD,102,TransitionConditionOperator,stateMachine/Chart,[((RealSpeed>=SpeedEDmax)&& (Fuel>fuelMin+fuelHys))|| ((Fuel>fuelMin+fuelHys)  && Acc>maxAccMGU)],"240",1,decision,0,0
7,NoCharge-Regen,102,TransitionConditionOperator,stateMachine/Chart,[((RealSpeed>=SpeedEDmax)&& (Fuel>fuelMin+fuelHys))|| ((Fuel>fuelMin+fuelHys)  && Acc>maxAccMGU)],"240",1,decision,0,0
8,NoCharge-ED,102,TransitionConditionOperator,stateMachine/Chart,[((RealSpeed>=SpeedEDmax)&& (Fuel>fuelMin+fuelHys))|| ((Fuel>fuelMin+fuelHys)  && Acc>maxAccMGU)],"240",1,decision,1,1
9,NoCharge-Combined,102,TransitionConditionOperator,stateMachine/Chart,[((RealSpeed>=SpeedEDmax)&& (Fuel>fuelMin+fuelHys))|| ((Fuel>fuelMin+fuelHys)  && Acc>maxAccMGU)],"240",1,decision,0,0
10,NoCharge-NoCharge,102,TransitionConditionOperator,stateMachine/Chart,[((RealSpeed>=SpeedEDmax)&& (Fuel>fuelMin+fuelHys))|| ((Fuel>fuelMin+fuelHys)  && Acc>maxAccMGU)],"240",1,decision,0,0
11,ED-ED,102,TransitionConditionOperator,stateMachine/Chart,[((RealSpeed>=SpeedEDmax)&& (Fuel>fuelMin+fuelHys))|| ((Fuel>fuelMin+fuelHys)  && Acc>maxAccMGU)],"240",1,decision,1,1
12,ED-Regen,102,TransitionConditionOperator,stateMachine/Chart,[((RealSpeed>=SpeedEDmax)&& (Fuel>fuelMin+fuelHys))|| ((Fuel>fuelMin+fuelHys)  && Acc>maxAccMGU)],"240",1,decision,1,1
13,ED-DEAD,102,TransitionConditionOperator,stateMachine/Chart,[((RealSpeed>=SpeedEDmax)&& (Fuel>fuelMin+fuelHys))|| ((Fuel>fuelMin+fuelHys)  && Acc>maxAccMGU)],"240",1,decision,1,1
14,ED-NoCharge,102,TransitionConditionOperator,stateMachine/Chart,[((RealSpeed>=SpeedEDmax)&& (Fuel>fuelMin+fuelHys))|| ((Fuel>fuelMin+fuelHys)  && Acc>maxAccMGU)],"240",1,decision,1,1
15,ED-Combined,102,TransitionConditionOperator,stateMachine/Chart,[((RealSpeed>=SpeedEDmax)&& (Fuel>fuelMin+fuelHys))|| ((Fuel>fuelMin+fuelHys)  && Acc>maxAccMGU)],"240",1,decision,1,1
16,Combined-Combined,102,TransitionConditionOperator,stateMachine/Chart,[((RealSpeed>=SpeedEDmax)&& (Fuel>fuelMin+fuelHys))|| ((Fuel>fuelMin+fuelHys)  && Acc>maxAccMGU)],"240",1,decision,0,0
17,Combined-Regen,102,TransitionConditionOperator,stateMachine/Chart,[((RealSpeed>=SpeedEDmax)&& (Fuel>fuelMin+fuelHys))|| ((Fuel>fuelMin+fuelHys)  && Acc>maxAccMGU)],"240",1,decision,0,0
18,Combined-DEAD,102,TransitionConditionOperator,stateMachine/Chart,[((RealSpeed>=SpeedEDmax)&& (Fuel>fuelMin+fuelHys))|| ((Fuel>fuelMin+fuelHys)  && Acc>maxAccMGU)],"240",1,decision,0,0
19,Combined-ED,102,TransitionConditionOperator,stateMachine/Chart,[((RealSpeed>=SpeedEDmax)&& (Fuel>fuelMin+fuelHys))|| ((Fuel>fuelMin+fuelHys)  && Acc>maxAccMGU)],"240",1,decision,1,1
20,Combined-NoCharge,102,TransitionConditionOperator,stateMachine/Chart,[((RealSpeed>=SpeedEDmax)&& (Fuel>fuelMin+fuelHys))|| ((Fuel>fuelMin+fuelHys)  && Acc>maxAccMGU)],"240",1,decision,0,0
21,Regen-Regen,102,TransitionConditionOperator,stateMachine/Chart,[((RealSpeed>=SpeedEDmax)&& (Fuel>fuelMin+fuelHys))|| ((Fuel>fuelMin+fuelHys)  && Acc>maxAccMGU)],"240",1,decision,0,0
22,Regen-DEAD,102,TransitionConditionOperator,stateMachine/Chart,[((RealSpeed>=SpeedEDmax)&& (Fuel>fuelMin+fuelHys))|| ((Fuel>fuelMin+fuelHys)  && Acc>maxAccMGU)],"240",1,decision,0,0
23,Regen-ED,102,TransitionConditionOperator,stateMachine/Chart,[((RealSpeed>=SpeedEDmax)&& (Fuel>fuelMin+fuelHys))|| ((Fuel>fuelMin+fuelHys)  && Acc>maxAccMGU)],"240",1,decision,1,1
24,Regen-NoCharge,102,TransitionConditionOperator,stateMachine/Chart,[((RealSpeed>=SpeedEDmax)&& (Fuel>fuelMin+fuelHys))|| ((Fuel>fuelMin+fuelHys)  && Acc>maxAccMGU)],"240",1,decision,0,0
25,Regen-Combined,102,TransitionConditionOperator,stateMachine/Chart,[((RealSpeed>=SpeedEDmax)&& (Fuel>fuelMin+fuelHys))|| ((Fuel>fuelMin+fuelHys)  && Acc>maxAccMGU)],"240",1,decision,0,0
1,Dead-Dead,103,TransitionConditionOperator,stateMachine/Chart,[((RealSpeed>=SpeedEDmax)&& (Fuel>fuelMin+fuelHys))|| ((Fuel>fuelMin+fuelHys)  && Acc>maxAccMGU)],"240",1,decision,0,0
2,Dead-Regen,103,TransitionConditionOperator,stateMachine/Chart,[((RealSpeed>=SpeedEDmax)&& (Fuel>fuelMin+fuelHys))|| ((Fuel>fuelMin+fuelHys)  && Acc>maxAccMGU)],"240",1,decision,0,0
3,Dead-ED,103,TransitionConditionOperator,stateMachine/Chart,[((RealSpeed>=SpeedEDmax)&& (Fuel>fuelMin+fuelHys))|| ((Fuel>fuelMin+fuelHys)  && Acc>maxAccMGU)],"240",1,decision,1,1
4,Dead-NoCharge,103,TransitionConditionOperator,stateMachine/Chart,[((RealSpeed>=SpeedEDmax)&& (Fuel>fuelMin+fuelHys))|| ((Fuel>fuelMin+fuelHys)  && Acc>maxAccMGU)],"240",1,decision,0,0
5,Dead-Combined,103,TransitionConditionOperator,stateMachine/Chart,[((RealSpeed>=SpeedEDmax)&& (Fuel>fuelMin+fuelHys))|| ((Fuel>fuelMin+fuelHys)  && Acc>maxAccMGU)],"240",1,decision,0,0
6,NoCharge-DEAD,103,TransitionConditionOperator,stateMachine/Chart,[((RealSpeed>=SpeedEDmax)&& (Fuel>fuelMin+fuelHys))|| ((Fuel>fuelMin+fuelHys)  && Acc>maxAccMGU)],"240",1,decision,0,0
7,NoCharge-Regen,103,TransitionConditionOperator,stateMachine/Chart,[((RealSpeed>=SpeedEDmax)&& (Fuel>fuelMin+fuelHys))|| ((Fuel>fuelMin+fuelHys)  && Acc>maxAccMGU)],"240",1,decision,0,0
8,NoCharge-ED,103,TransitionConditionOperator,stateMachine/Chart,[((RealSpeed>=SpeedEDmax)&& (Fuel>fuelMin+fuelHys))|| ((Fuel>fuelMin+fuelHys)  && Acc>maxAccMGU)],"240",1,decision,1,1
9,NoCharge-Combined,103,TransitionConditionOperator,stateMachine/Chart,[((RealSpeed>=SpeedEDmax)&& (Fuel>fuelMin+fuelHys))|| ((Fuel>fuelMin+fuelHys)  && Acc>maxAccMGU)],"240",1,decision,0,0
10,NoCharge-NoCharge,103,TransitionConditionOperator,stateMachine/Chart,[((RealSpeed>=SpeedEDmax)&& (Fuel>fuelMin+fuelHys))|| ((Fuel>fuelMin+fuelHys)  && Acc>maxAccMGU)],"240",1,decision,0,0
11,ED-ED,103,TransitionConditionOperator,stateMachine/Chart,[((RealSpeed>=SpeedEDmax)&& (Fuel>fuelMin+fuelHys))|| ((Fuel>fuelMin+fuelHys)  && Acc>maxAccMGU)],"240",1,decision,1,1
12,ED-Regen,103,TransitionConditionOperator,stateMachine/Chart,[((RealSpeed>=SpeedEDmax)&& (Fuel>fuelMin+fuelHys))|| ((Fuel>fuelMin+fuelHys)  && Acc>maxAccMGU)],"240",1,decision,1,1
13,ED-DEAD,103,TransitionConditionOperator,stateMachine/Chart,[((RealSpeed>=SpeedEDmax)&& (Fuel>fuelMin+fuelHys))|| ((Fuel>fuelMin+fuelHys)  && Acc>maxAccMGU)],"240",1,decision,1,1
14,ED-NoCharge,103,TransitionConditionOperator,stateMachine/Chart,[((RealSpeed>=SpeedEDmax)&& (Fuel>fuelMin+fuelHys))|| ((Fuel>fuelMin+fuelHys)  && Acc>maxAccMGU)],"240",1,decision,1,1
15,ED-Combined,103,TransitionConditionOperator,stateMachine/Chart,[((RealSpeed>=SpeedEDmax)&& (Fuel>fuelMin+fuelHys))|| ((Fuel>fuelMin+fuelHys)  && Acc>maxAccMGU)],"240",1,decision,1,1
16,Combined-Combined,103,TransitionConditionOperator,stateMachine/Chart,[((RealSpeed>=SpeedEDmax)&& (Fuel>fuelMin+fuelHys))|| ((Fuel>fuelMin+fuelHys)  && Acc>maxAccMGU)],"240",1,decision,0,0
17,Combined-Regen,103,TransitionConditionOperator,stateMachine/Chart,[((RealSpeed>=SpeedEDmax)&& (Fuel>fuelMin+fuelHys))|| ((Fuel>fuelMin+fuelHys)  && Acc>maxAccMGU)],"240",1,decision,0,0
18,Combined-DEAD,103,TransitionConditionOperator,stateMachine/Chart,[((RealSpeed>=SpeedEDmax)&& (Fuel>fuelMin+fuelHys))|| ((Fuel>fuelMin+fuelHys)  && Acc>maxAccMGU)],"240",1,decision,0,0
19,Combined-ED,103,TransitionConditionOperator,stateMachine/Chart,[((RealSpeed>=SpeedEDmax)&& (Fuel>fuelMin+fuelHys))|| ((Fuel>fuelMin+fuelHys)  && Acc>maxAccMGU)],"240",1,decision,1,1
20,Combined-NoCharge,103,TransitionConditionOperator,stateMachine/Chart,[((RealSpeed>=SpeedEDmax)&& (Fuel>fuelMin+fuelHys))|| ((Fuel>fuelMin+fuelHys)  && Acc>maxAccMGU)],"240",1,decision,0,0
21,Regen-Regen,103,TransitionConditionOperator,stateMachine/Chart,[((RealSpeed>=SpeedEDmax)&& (Fuel>fuelMin+fuelHys))|| ((Fuel>fuelMin+fuelHys)  && Acc>maxAccMGU)],"240",1,decision,0,0
22,Regen-DEAD,103,TransitionConditionOperator,stateMachine/Chart,[((RealSpeed>=SpeedEDmax)&& (Fuel>fuelMin+fuelHys))|| ((Fuel>fuelMin+fuelHys)  && Acc>maxAccMGU)],"240",1,decision,0,0
23,Regen-ED,103,TransitionConditionOperator,stateMachine/Chart,[((RealSpeed>=SpeedEDmax)&& (Fuel>fuelMin+fuelHys))|| ((Fuel>fuelMin+fuelHys)  && Acc>maxAccMGU)],"240",1,decision,1,1
24,Regen-NoCharge,103,TransitionConditionOperator,stateMachine/Chart,[((RealSpeed>=SpeedEDmax)&& (Fuel>fuelMin+fuelHys))|| ((Fuel>fuelMin+fuelHys)  && Acc>maxAccMGU)],"240",1,decision,0,0
25,Regen-Combined,103,TransitionConditionOperator,stateMachine/Chart,[((RealSpeed>=SpeedEDmax)&& (Fuel>fuelMin+fuelHys))|| ((Fuel>fuelMin+fuelHys)  && Acc>maxAccMGU)],"240",1,decision,0,0
1,Dead-Dead,104,TransitionConditionOperator,stateMachine/Chart,[((RealSpeed>=SpeedEDmax)&& (Fuel>fuelMin+fuelHys))|| ((Fuel>fuelMin+fuelHys)  && Acc>maxAccMGU)],"240",1,decision,0,0
2,Dead-Regen,104,TransitionConditionOperator,stateMachine/Chart,[((RealSpeed>=SpeedEDmax)&& (Fuel>fuelMin+fuelHys))|| ((Fuel>fuelMin+fuelHys)  && Acc>maxAccMGU)],"240",1,decision,0,0
3,Dead-ED,104,TransitionConditionOperator,stateMachine/Chart,[((RealSpeed>=SpeedEDmax)&& (Fuel>fuelMin+fuelHys))|| ((Fuel>fuelMin+fuelHys)  && Acc>maxAccMGU)],"240",1,decision,1,1
4,Dead-NoCharge,104,TransitionConditionOperator,stateMachine/Chart,[((RealSpeed>=SpeedEDmax)&& (Fuel>fuelMin+fuelHys))|| ((Fuel>fuelMin+fuelHys)  && Acc>maxAccMGU)],"240",1,decision,0,0
5,Dead-Combined,104,TransitionConditionOperator,stateMachine/Chart,[((RealSpeed>=SpeedEDmax)&& (Fuel>fuelMin+fuelHys))|| ((Fuel>fuelMin+fuelHys)  && Acc>maxAccMGU)],"240",1,decision,0,0
6,NoCharge-DEAD,104,TransitionConditionOperator,stateMachine/Chart,[((RealSpeed>=SpeedEDmax)&& (Fuel>fuelMin+fuelHys))|| ((Fuel>fuelMin+fuelHys)  && Acc>maxAccMGU)],"240",1,decision,0,0
7,NoCharge-Regen,104,TransitionConditionOperator,stateMachine/Chart,[((RealSpeed>=SpeedEDmax)&& (Fuel>fuelMin+fuelHys))|| ((Fuel>fuelMin+fuelHys)  && Acc>maxAccMGU)],"240",1,decision,0,0
8,NoCharge-ED,104,TransitionConditionOperator,stateMachine/Chart,[((RealSpeed>=SpeedEDmax)&& (Fuel>fuelMin+fuelHys))|| ((Fuel>fuelMin+fuelHys)  && Acc>maxAccMGU)],"240",1,decision,1,1
9,NoCharge-Combined,104,TransitionConditionOperator,stateMachine/Chart,[((RealSpeed>=SpeedEDmax)&& (Fuel>fuelMin+fuelHys))|| ((Fuel>fuelMin+fuelHys)  && Acc>maxAccMGU)],"240",1,decision,0,0
10,NoCharge-NoCharge,104,TransitionConditionOperator,stateMachine/Chart,[((RealSpeed>=SpeedEDmax)&& (Fuel>fuelMin+fuelHys))|| ((Fuel>fuelMin+fuelHys)  && Acc>maxAccMGU)],"240",1,decision,0,0
11,ED-ED,104,TransitionConditionOperator,stateMachine/Chart,[((RealSpeed>=SpeedEDmax)&& (Fuel>fuelMin+fuelHys))|| ((Fuel>fuelMin+fuelHys)  && Acc>maxAccMGU)],"240",1,decision,1,1
12,ED-Regen,104,TransitionConditionOperator,stateMachine/Chart,[((RealSpeed>=SpeedEDmax)&& (Fuel>fuelMin+fuelHys))|| ((Fuel>fuelMin+fuelHys)  && Acc>maxAccMGU)],"240",1,decision,1,1
13,ED-DEAD,104,TransitionConditionOperator,stateMachine/Chart,[((RealSpeed>=SpeedEDmax)&& (Fuel>fuelMin+fuelHys))|| ((Fuel>fuelMin+fuelHys)  && Acc>maxAccMGU)],"240",1,decision,1,1
14,ED-NoCharge,104,TransitionConditionOperator,stateMachine/Chart,[((RealSpeed>=SpeedEDmax)&& (Fuel>fuelMin+fuelHys))|| ((Fuel>fuelMin+fuelHys)  && Acc>maxAccMGU)],"240",1,decision,1,1
15,ED-Combined,104,TransitionConditionOperator,stateMachine/Chart,[((RealSpeed>=SpeedEDmax)&& (Fuel>fuelMin+fuelHys))|| ((Fuel>fuelMin+fuelHys)  && Acc>maxAccMGU)],"240",1,decision,1,1
16,Combined-Combined,104,TransitionConditionOperator,stateMachine/Chart,[((RealSpeed>=SpeedEDmax)&& (Fuel>fuelMin+fuelHys))|| ((Fuel>fuelMin+fuelHys)  && Acc>maxAccMGU)],"240",1,decision,0,0
17,Combined-Regen,104,TransitionConditionOperator,stateMachine/Chart,[((RealSpeed>=SpeedEDmax)&& (Fuel>fuelMin+fuelHys))|| ((Fuel>fuelMin+fuelHys)  && Acc>maxAccMGU)],"240",1,decision,0,0
18,Combined-DEAD,104,TransitionConditionOperator,stateMachine/Chart,[((RealSpeed>=SpeedEDmax)&& (Fuel>fuelMin+fuelHys))|| ((Fuel>fuelMin+fuelHys)  && Acc>maxAccMGU)],"240",1,decision,0,0
19,Combined-ED,104,TransitionConditionOperator,stateMachine/Chart,[((RealSpeed>=SpeedEDmax)&& (Fuel>fuelMin+fuelHys))|| ((Fuel>fuelMin+fuelHys)  && Acc>maxAccMGU)],"240",1,decision,1,1
20,Combined-NoCharge,104,TransitionConditionOperator,stateMachine/Chart,[((RealSpeed>=SpeedEDmax)&& (Fuel>fuelMin+fuelHys))|| ((Fuel>fuelMin+fuelHys)  && Acc>maxAccMGU)],"240",1,decision,0,0
21,Regen-Regen,104,TransitionConditionOperator,stateMachine/Chart,[((RealSpeed>=SpeedEDmax)&& (Fuel>fuelMin+fuelHys))|| ((Fuel>fuelMin+fuelHys)  && Acc>maxAccMGU)],"240",1,decision,0,0
22,Regen-DEAD,104,TransitionConditionOperator,stateMachine/Chart,[((RealSpeed>=SpeedEDmax)&& (Fuel>fuelMin+fuelHys))|| ((Fuel>fuelMin+fuelHys)  && Acc>maxAccMGU)],"240",1,decision,0,0
23,Regen-ED,104,TransitionConditionOperator,stateMachine/Chart,[((RealSpeed>=SpeedEDmax)&& (Fuel>fuelMin+fuelHys))|| ((Fuel>fuelMin+fuelHys)  && Acc>maxAccMGU)],"240",1,decision,1,1
24,Regen-NoCharge,104,TransitionConditionOperator,stateMachine/Chart,[((RealSpeed>=SpeedEDmax)&& (Fuel>fuelMin+fuelHys))|| ((Fuel>fuelMin+fuelHys)  && Acc>maxAccMGU)],"240",1,decision,0,0
25,Regen-Combined,104,TransitionConditionOperator,stateMachine/Chart,[((RealSpeed>=SpeedEDmax)&& (Fuel>fuelMin+fuelHys))|| ((Fuel>fuelMin+fuelHys)  && Acc>maxAccMGU)],"240",1,decision,0,0
1,Dead-Dead,105,TransitionConditionOperator,stateMachine/Chart,[(RealSpeed<SpeedEDmax)&& (SOC >SOCmin+SOCth)&&Acc<maxAccMGU],"241",1,decision,0,0
2,Dead-Regen,105,TransitionConditionOperator,stateMachine/Chart,[(RealSpeed<SpeedEDmax)&& (SOC >SOCmin+SOCth)&&Acc<maxAccMGU],"241",1,decision,0,0
3,Dead-ED,105,TransitionConditionOperator,stateMachine/Chart,[(RealSpeed<SpeedEDmax)&& (SOC >SOCmin+SOCth)&&Acc<maxAccMGU],"241",1,decision,0,0
4,Dead-NoCharge,105,TransitionConditionOperator,stateMachine/Chart,[(RealSpeed<SpeedEDmax)&& (SOC >SOCmin+SOCth)&&Acc<maxAccMGU],"241",1,decision,0,0
5,Dead-Combined,105,TransitionConditionOperator,stateMachine/Chart,[(RealSpeed<SpeedEDmax)&& (SOC >SOCmin+SOCth)&&Acc<maxAccMGU],"241",1,decision,1,1
6,NoCharge-DEAD,105,TransitionConditionOperator,stateMachine/Chart,[(RealSpeed<SpeedEDmax)&& (SOC >SOCmin+SOCth)&&Acc<maxAccMGU],"241",1,decision,0,0
7,NoCharge-Regen,105,TransitionConditionOperator,stateMachine/Chart,[(RealSpeed<SpeedEDmax)&& (SOC >SOCmin+SOCth)&&Acc<maxAccMGU],"241",1,decision,0,0
8,NoCharge-ED,105,TransitionConditionOperator,stateMachine/Chart,[(RealSpeed<SpeedEDmax)&& (SOC >SOCmin+SOCth)&&Acc<maxAccMGU],"241",1,decision,0,0
9,NoCharge-Combined,105,TransitionConditionOperator,stateMachine/Chart,[(RealSpeed<SpeedEDmax)&& (SOC >SOCmin+SOCth)&&Acc<maxAccMGU],"241",1,decision,1,1
10,NoCharge-NoCharge,105,TransitionConditionOperator,stateMachine/Chart,[(RealSpeed<SpeedEDmax)&& (SOC >SOCmin+SOCth)&&Acc<maxAccMGU],"241",1,decision,0,0
11,ED-ED,105,TransitionConditionOperator,stateMachine/Chart,[(RealSpeed<SpeedEDmax)&& (SOC >SOCmin+SOCth)&&Acc<maxAccMGU],"241",1,decision,0,0
12,ED-Regen,105,TransitionConditionOperator,stateMachine/Chart,[(RealSpeed<SpeedEDmax)&& (SOC >SOCmin+SOCth)&&Acc<maxAccMGU],"241",1,decision,0,0
13,ED-DEAD,105,TransitionConditionOperator,stateMachine/Chart,[(RealSpeed<SpeedEDmax)&& (SOC >SOCmin+SOCth)&&Acc<maxAccMGU],"241",1,decision,0,0
14,ED-NoCharge,105,TransitionConditionOperator,stateMachine/Chart,[(RealSpeed<SpeedEDmax)&& (SOC >SOCmin+SOCth)&&Acc<maxAccMGU],"241",1,decision,0,0
15,ED-Combined,105,TransitionConditionOperator,stateMachine/Chart,[(RealSpeed<SpeedEDmax)&& (SOC >SOCmin+SOCth)&&Acc<maxAccMGU],"241",1,decision,1,1
16,Combined-Combined,105,TransitionConditionOperator,stateMachine/Chart,[(RealSpeed<SpeedEDmax)&& (SOC >SOCmin+SOCth)&&Acc<maxAccMGU],"241",1,decision,1,1
17,Combined-Regen,105,TransitionConditionOperator,stateMachine/Chart,[(RealSpeed<SpeedEDmax)&& (SOC >SOCmin+SOCth)&&Acc<maxAccMGU],"241",1,decision,1,1
18,Combined-DEAD,105,TransitionConditionOperator,stateMachine/Chart,[(RealSpeed<SpeedEDmax)&& (SOC >SOCmin+SOCth)&&Acc<maxAccMGU],"241",1,decision,1,1
19,Combined-ED,105,TransitionConditionOperator,stateMachine/Chart,[(RealSpeed<SpeedEDmax)&& (SOC >SOCmin+SOCth)&&Acc<maxAccMGU],"241",1,decision,1,1
20,Combined-NoCharge,105,TransitionConditionOperator,stateMachine/Chart,[(RealSpeed<SpeedEDmax)&& (SOC >SOCmin+SOCth)&&Acc<maxAccMGU],"241",1,decision,1,1
21,Regen-Regen,105,TransitionConditionOperator,stateMachine/Chart,[(RealSpeed<SpeedEDmax)&& (SOC >SOCmin+SOCth)&&Acc<maxAccMGU],"241",1,decision,0,0
22,Regen-DEAD,105,TransitionConditionOperator,stateMachine/Chart,[(RealSpeed<SpeedEDmax)&& (SOC >SOCmin+SOCth)&&Acc<maxAccMGU],"241",1,decision,0,0
23,Regen-ED,105,TransitionConditionOperator,stateMachine/Chart,[(RealSpeed<SpeedEDmax)&& (SOC >SOCmin+SOCth)&&Acc<maxAccMGU],"241",1,decision,0,0
24,Regen-NoCharge,105,TransitionConditionOperator,stateMachine/Chart,[(RealSpeed<SpeedEDmax)&& (SOC >SOCmin+SOCth)&&Acc<maxAccMGU],"241",1,decision,0,0
25,Regen-Combined,105,TransitionConditionOperator,stateMachine/Chart,[(RealSpeed<SpeedEDmax)&& (SOC >SOCmin+SOCth)&&Acc<maxAccMGU],"241",1,decision,1,1
1,Dead-Dead,106,TransitionConditionOperator,stateMachine/Chart,[(RealSpeed<SpeedEDmax)&& (SOC >SOCmin+SOCth)&&Acc<maxAccMGU],"241",1,decision,0,0
2,Dead-Regen,106,TransitionConditionOperator,stateMachine/Chart,[(RealSpeed<SpeedEDmax)&& (SOC >SOCmin+SOCth)&&Acc<maxAccMGU],"241",1,decision,0,0
3,Dead-ED,106,TransitionConditionOperator,stateMachine/Chart,[(RealSpeed<SpeedEDmax)&& (SOC >SOCmin+SOCth)&&Acc<maxAccMGU],"241",1,decision,0,0
4,Dead-NoCharge,106,TransitionConditionOperator,stateMachine/Chart,[(RealSpeed<SpeedEDmax)&& (SOC >SOCmin+SOCth)&&Acc<maxAccMGU],"241",1,decision,0,0
5,Dead-Combined,106,TransitionConditionOperator,stateMachine/Chart,[(RealSpeed<SpeedEDmax)&& (SOC >SOCmin+SOCth)&&Acc<maxAccMGU],"241",1,decision,1,1
6,NoCharge-DEAD,106,TransitionConditionOperator,stateMachine/Chart,[(RealSpeed<SpeedEDmax)&& (SOC >SOCmin+SOCth)&&Acc<maxAccMGU],"241",1,decision,0,0
7,NoCharge-Regen,106,TransitionConditionOperator,stateMachine/Chart,[(RealSpeed<SpeedEDmax)&& (SOC >SOCmin+SOCth)&&Acc<maxAccMGU],"241",1,decision,0,0
8,NoCharge-ED,106,TransitionConditionOperator,stateMachine/Chart,[(RealSpeed<SpeedEDmax)&& (SOC >SOCmin+SOCth)&&Acc<maxAccMGU],"241",1,decision,0,0
9,NoCharge-Combined,106,TransitionConditionOperator,stateMachine/Chart,[(RealSpeed<SpeedEDmax)&& (SOC >SOCmin+SOCth)&&Acc<maxAccMGU],"241",1,decision,1,1
10,NoCharge-NoCharge,106,TransitionConditionOperator,stateMachine/Chart,[(RealSpeed<SpeedEDmax)&& (SOC >SOCmin+SOCth)&&Acc<maxAccMGU],"241",1,decision,0,0
11,ED-ED,106,TransitionConditionOperator,stateMachine/Chart,[(RealSpeed<SpeedEDmax)&& (SOC >SOCmin+SOCth)&&Acc<maxAccMGU],"241",1,decision,0,0
12,ED-Regen,106,TransitionConditionOperator,stateMachine/Chart,[(RealSpeed<SpeedEDmax)&& (SOC >SOCmin+SOCth)&&Acc<maxAccMGU],"241",1,decision,0,0
13,ED-DEAD,106,TransitionConditionOperator,stateMachine/Chart,[(RealSpeed<SpeedEDmax)&& (SOC >SOCmin+SOCth)&&Acc<maxAccMGU],"241",1,decision,0,0
14,ED-NoCharge,106,TransitionConditionOperator,stateMachine/Chart,[(RealSpeed<SpeedEDmax)&& (SOC >SOCmin+SOCth)&&Acc<maxAccMGU],"241",1,decision,0,0
15,ED-Combined,106,TransitionConditionOperator,stateMachine/Chart,[(RealSpeed<SpeedEDmax)&& (SOC >SOCmin+SOCth)&&Acc<maxAccMGU],"241",1,decision,1,1
16,Combined-Combined,106,TransitionConditionOperator,stateMachine/Chart,[(RealSpeed<SpeedEDmax)&& (SOC >SOCmin+SOCth)&&Acc<maxAccMGU],"241",1,decision,1,1
17,Combined-Regen,106,TransitionConditionOperator,stateMachine/Chart,[(RealSpeed<SpeedEDmax)&& (SOC >SOCmin+SOCth)&&Acc<maxAccMGU],"241",1,decision,1,1
18,Combined-DEAD,106,TransitionConditionOperator,stateMachine/Chart,[(RealSpeed<SpeedEDmax)&& (SOC >SOCmin+SOCth)&&Acc<maxAccMGU],"241",1,decision,1,1
19,Combined-ED,106,TransitionConditionOperator,stateMachine/Chart,[(RealSpeed<SpeedEDmax)&& (SOC >SOCmin+SOCth)&&Acc<maxAccMGU],"241",1,decision,1,1
20,Combined-NoCharge,106,TransitionConditionOperator,stateMachine/Chart,[(RealSpeed<SpeedEDmax)&& (SOC >SOCmin+SOCth)&&Acc<maxAccMGU],"241",1,decision,1,1
21,Regen-Regen,106,TransitionConditionOperator,stateMachine/Chart,[(RealSpeed<SpeedEDmax)&& (SOC >SOCmin+SOCth)&&Acc<maxAccMGU],"241",1,decision,0,0
22,Regen-DEAD,106,TransitionConditionOperator,stateMachine/Chart,[(RealSpeed<SpeedEDmax)&& (SOC >SOCmin+SOCth)&&Acc<maxAccMGU],"241",1,decision,0,0
23,Regen-ED,106,TransitionConditionOperator,stateMachine/Chart,[(RealSpeed<SpeedEDmax)&& (SOC >SOCmin+SOCth)&&Acc<maxAccMGU],"241",1,decision,0,0
24,Regen-NoCharge,106,TransitionConditionOperator,stateMachine/Chart,[(RealSpeed<SpeedEDmax)&& (SOC >SOCmin+SOCth)&&Acc<maxAccMGU],"241",1,decision,0,0
25,Regen-Combined,106,TransitionConditionOperator,stateMachine/Chart,[(RealSpeed<SpeedEDmax)&& (SOC >SOCmin+SOCth)&&Acc<maxAccMGU],"241",1,decision,1,1
1,Dead-Dead,107,TransitionConditionOperator,stateMachine/Chart,[(RealSpeed<SpeedEDmax)&& (SOC >SOCmin+SOCth)&&Acc<maxAccMGU],"241",1,decision,0,0
2,Dead-Regen,107,TransitionConditionOperator,stateMachine/Chart,[(RealSpeed<SpeedEDmax)&& (SOC >SOCmin+SOCth)&&Acc<maxAccMGU],"241",1,decision,0,0
3,Dead-ED,107,TransitionConditionOperator,stateMachine/Chart,[(RealSpeed<SpeedEDmax)&& (SOC >SOCmin+SOCth)&&Acc<maxAccMGU],"241",1,decision,0,0
4,Dead-NoCharge,107,TransitionConditionOperator,stateMachine/Chart,[(RealSpeed<SpeedEDmax)&& (SOC >SOCmin+SOCth)&&Acc<maxAccMGU],"241",1,decision,0,0
5,Dead-Combined,107,TransitionConditionOperator,stateMachine/Chart,[(RealSpeed<SpeedEDmax)&& (SOC >SOCmin+SOCth)&&Acc<maxAccMGU],"241",1,decision,1,1
6,NoCharge-DEAD,107,TransitionConditionOperator,stateMachine/Chart,[(RealSpeed<SpeedEDmax)&& (SOC >SOCmin+SOCth)&&Acc<maxAccMGU],"241",1,decision,0,0
7,NoCharge-Regen,107,TransitionConditionOperator,stateMachine/Chart,[(RealSpeed<SpeedEDmax)&& (SOC >SOCmin+SOCth)&&Acc<maxAccMGU],"241",1,decision,0,0
8,NoCharge-ED,107,TransitionConditionOperator,stateMachine/Chart,[(RealSpeed<SpeedEDmax)&& (SOC >SOCmin+SOCth)&&Acc<maxAccMGU],"241",1,decision,0,0
9,NoCharge-Combined,107,TransitionConditionOperator,stateMachine/Chart,[(RealSpeed<SpeedEDmax)&& (SOC >SOCmin+SOCth)&&Acc<maxAccMGU],"241",1,decision,1,1
10,NoCharge-NoCharge,107,TransitionConditionOperator,stateMachine/Chart,[(RealSpeed<SpeedEDmax)&& (SOC >SOCmin+SOCth)&&Acc<maxAccMGU],"241",1,decision,0,0
11,ED-ED,107,TransitionConditionOperator,stateMachine/Chart,[(RealSpeed<SpeedEDmax)&& (SOC >SOCmin+SOCth)&&Acc<maxAccMGU],"241",1,decision,0,0
12,ED-Regen,107,TransitionConditionOperator,stateMachine/Chart,[(RealSpeed<SpeedEDmax)&& (SOC >SOCmin+SOCth)&&Acc<maxAccMGU],"241",1,decision,0,0
13,ED-DEAD,107,TransitionConditionOperator,stateMachine/Chart,[(RealSpeed<SpeedEDmax)&& (SOC >SOCmin+SOCth)&&Acc<maxAccMGU],"241",1,decision,0,0
14,ED-NoCharge,107,TransitionConditionOperator,stateMachine/Chart,[(RealSpeed<SpeedEDmax)&& (SOC >SOCmin+SOCth)&&Acc<maxAccMGU],"241",1,decision,0,0
15,ED-Combined,107,TransitionConditionOperator,stateMachine/Chart,[(RealSpeed<SpeedEDmax)&& (SOC >SOCmin+SOCth)&&Acc<maxAccMGU],"241",1,decision,1,1
16,Combined-Combined,107,TransitionConditionOperator,stateMachine/Chart,[(RealSpeed<SpeedEDmax)&& (SOC >SOCmin+SOCth)&&Acc<maxAccMGU],"241",1,decision,1,1
17,Combined-Regen,107,TransitionConditionOperator,stateMachine/Chart,[(RealSpeed<SpeedEDmax)&& (SOC >SOCmin+SOCth)&&Acc<maxAccMGU],"241",1,decision,1,1
18,Combined-DEAD,107,TransitionConditionOperator,stateMachine/Chart,[(RealSpeed<SpeedEDmax)&& (SOC >SOCmin+SOCth)&&Acc<maxAccMGU],"241",1,decision,1,1
19,Combined-ED,107,TransitionConditionOperator,stateMachine/Chart,[(RealSpeed<SpeedEDmax)&& (SOC >SOCmin+SOCth)&&Acc<maxAccMGU],"241",1,decision,1,1
20,Combined-NoCharge,107,TransitionConditionOperator,stateMachine/Chart,[(RealSpeed<SpeedEDmax)&& (SOC >SOCmin+SOCth)&&Acc<maxAccMGU],"241",1,decision,1,1
21,Regen-Regen,107,TransitionConditionOperator,stateMachine/Chart,[(RealSpeed<SpeedEDmax)&& (SOC >SOCmin+SOCth)&&Acc<maxAccMGU],"241",1,decision,0,0
22,Regen-DEAD,107,TransitionConditionOperator,stateMachine/Chart,[(RealSpeed<SpeedEDmax)&& (SOC >SOCmin+SOCth)&&Acc<maxAccMGU],"241",1,decision,0,0
23,Regen-ED,107,TransitionConditionOperator,stateMachine/Chart,[(RealSpeed<SpeedEDmax)&& (SOC >SOCmin+SOCth)&&Acc<maxAccMGU],"241",1,decision,0,0
24,Regen-NoCharge,107,TransitionConditionOperator,stateMachine/Chart,[(RealSpeed<SpeedEDmax)&& (SOC >SOCmin+SOCth)&&Acc<maxAccMGU],"241",1,decision,0,0
25,Regen-Combined,107,TransitionConditionOperator,stateMachine/Chart,[(RealSpeed<SpeedEDmax)&& (SOC >SOCmin+SOCth)&&Acc<maxAccMGU],"241",1,decision,1,1
1,Dead-Dead,108,TransitionConditionOperator,stateMachine/Chart,[(RealSpeed<SpeedEDmax)&& (SOC >SOCmin+SOCth)&&Acc<maxAccMGU],"241",1,decision,0,0
2,Dead-Regen,108,TransitionConditionOperator,stateMachine/Chart,[(RealSpeed<SpeedEDmax)&& (SOC >SOCmin+SOCth)&&Acc<maxAccMGU],"241",1,decision,0,0
3,Dead-ED,108,TransitionConditionOperator,stateMachine/Chart,[(RealSpeed<SpeedEDmax)&& (SOC >SOCmin+SOCth)&&Acc<maxAccMGU],"241",1,decision,0,0
4,Dead-NoCharge,108,TransitionConditionOperator,stateMachine/Chart,[(RealSpeed<SpeedEDmax)&& (SOC >SOCmin+SOCth)&&Acc<maxAccMGU],"241",1,decision,0,0
5,Dead-Combined,108,TransitionConditionOperator,stateMachine/Chart,[(RealSpeed<SpeedEDmax)&& (SOC >SOCmin+SOCth)&&Acc<maxAccMGU],"241",1,decision,1,1
6,NoCharge-DEAD,108,TransitionConditionOperator,stateMachine/Chart,[(RealSpeed<SpeedEDmax)&& (SOC >SOCmin+SOCth)&&Acc<maxAccMGU],"241",1,decision,0,0
7,NoCharge-Regen,108,TransitionConditionOperator,stateMachine/Chart,[(RealSpeed<SpeedEDmax)&& (SOC >SOCmin+SOCth)&&Acc<maxAccMGU],"241",1,decision,0,0
8,NoCharge-ED,108,TransitionConditionOperator,stateMachine/Chart,[(RealSpeed<SpeedEDmax)&& (SOC >SOCmin+SOCth)&&Acc<maxAccMGU],"241",1,decision,0,0
9,NoCharge-Combined,108,TransitionConditionOperator,stateMachine/Chart,[(RealSpeed<SpeedEDmax)&& (SOC >SOCmin+SOCth)&&Acc<maxAccMGU],"241",1,decision,1,1
10,NoCharge-NoCharge,108,TransitionConditionOperator,stateMachine/Chart,[(RealSpeed<SpeedEDmax)&& (SOC >SOCmin+SOCth)&&Acc<maxAccMGU],"241",1,decision,0,0
11,ED-ED,108,TransitionConditionOperator,stateMachine/Chart,[(RealSpeed<SpeedEDmax)&& (SOC >SOCmin+SOCth)&&Acc<maxAccMGU],"241",1,decision,0,0
12,ED-Regen,108,TransitionConditionOperator,stateMachine/Chart,[(RealSpeed<SpeedEDmax)&& (SOC >SOCmin+SOCth)&&Acc<maxAccMGU],"241",1,decision,0,0
13,ED-DEAD,108,TransitionConditionOperator,stateMachine/Chart,[(RealSpeed<SpeedEDmax)&& (SOC >SOCmin+SOCth)&&Acc<maxAccMGU],"241",1,decision,0,0
14,ED-NoCharge,108,TransitionConditionOperator,stateMachine/Chart,[(RealSpeed<SpeedEDmax)&& (SOC >SOCmin+SOCth)&&Acc<maxAccMGU],"241",1,decision,0,0
15,ED-Combined,108,TransitionConditionOperator,stateMachine/Chart,[(RealSpeed<SpeedEDmax)&& (SOC >SOCmin+SOCth)&&Acc<maxAccMGU],"241",1,decision,1,1
16,Combined-Combined,108,TransitionConditionOperator,stateMachine/Chart,[(RealSpeed<SpeedEDmax)&& (SOC >SOCmin+SOCth)&&Acc<maxAccMGU],"241",1,decision,1,1
17,Combined-Regen,108,TransitionConditionOperator,stateMachine/Chart,[(RealSpeed<SpeedEDmax)&& (SOC >SOCmin+SOCth)&&Acc<maxAccMGU],"241",1,decision,1,1
18,Combined-DEAD,108,TransitionConditionOperator,stateMachine/Chart,[(RealSpeed<SpeedEDmax)&& (SOC >SOCmin+SOCth)&&Acc<maxAccMGU],"241",1,decision,1,1
19,Combined-ED,108,TransitionConditionOperator,stateMachine/Chart,[(RealSpeed<SpeedEDmax)&& (SOC >SOCmin+SOCth)&&Acc<maxAccMGU],"241",1,decision,1,1
20,Combined-NoCharge,108,TransitionConditionOperator,stateMachine/Chart,[(RealSpeed<SpeedEDmax)&& (SOC >SOCmin+SOCth)&&Acc<maxAccMGU],"241",1,decision,1,1
21,Regen-Regen,108,TransitionConditionOperator,stateMachine/Chart,[(RealSpeed<SpeedEDmax)&& (SOC >SOCmin+SOCth)&&Acc<maxAccMGU],"241",1,decision,0,0
22,Regen-DEAD,108,TransitionConditionOperator,stateMachine/Chart,[(RealSpeed<SpeedEDmax)&& (SOC >SOCmin+SOCth)&&Acc<maxAccMGU],"241",1,decision,0,0
23,Regen-ED,108,TransitionConditionOperator,stateMachine/Chart,[(RealSpeed<SpeedEDmax)&& (SOC >SOCmin+SOCth)&&Acc<maxAccMGU],"241",1,decision,0,0
24,Regen-NoCharge,108,TransitionConditionOperator,stateMachine/Chart,[(RealSpeed<SpeedEDmax)&& (SOC >SOCmin+SOCth)&&Acc<maxAccMGU],"241",1,decision,0,0
25,Regen-Combined,108,TransitionConditionOperator,stateMachine/Chart,[(RealSpeed<SpeedEDmax)&& (SOC >SOCmin+SOCth)&&Acc<maxAccMGU],"241",1,decision,1,1
1,Dead-Dead,109,TransitionConditionOperator,stateMachine/Chart,[(RealSpeed<SpeedEDmax)&& (SOC >SOCmin+SOCth)&&Acc<maxAccMGU],"241",1,decision,0,0
2,Dead-Regen,109,TransitionConditionOperator,stateMachine/Chart,[(RealSpeed<SpeedEDmax)&& (SOC >SOCmin+SOCth)&&Acc<maxAccMGU],"241",1,decision,0,0
3,Dead-ED,109,TransitionConditionOperator,stateMachine/Chart,[(RealSpeed<SpeedEDmax)&& (SOC >SOCmin+SOCth)&&Acc<maxAccMGU],"241",1,decision,0,0
4,Dead-NoCharge,109,TransitionConditionOperator,stateMachine/Chart,[(RealSpeed<SpeedEDmax)&& (SOC >SOCmin+SOCth)&&Acc<maxAccMGU],"241",1,decision,0,0
5,Dead-Combined,109,TransitionConditionOperator,stateMachine/Chart,[(RealSpeed<SpeedEDmax)&& (SOC >SOCmin+SOCth)&&Acc<maxAccMGU],"241",1,decision,1,1
6,NoCharge-DEAD,109,TransitionConditionOperator,stateMachine/Chart,[(RealSpeed<SpeedEDmax)&& (SOC >SOCmin+SOCth)&&Acc<maxAccMGU],"241",1,decision,0,0
7,NoCharge-Regen,109,TransitionConditionOperator,stateMachine/Chart,[(RealSpeed<SpeedEDmax)&& (SOC >SOCmin+SOCth)&&Acc<maxAccMGU],"241",1,decision,0,0
8,NoCharge-ED,109,TransitionConditionOperator,stateMachine/Chart,[(RealSpeed<SpeedEDmax)&& (SOC >SOCmin+SOCth)&&Acc<maxAccMGU],"241",1,decision,0,0
9,NoCharge-Combined,109,TransitionConditionOperator,stateMachine/Chart,[(RealSpeed<SpeedEDmax)&& (SOC >SOCmin+SOCth)&&Acc<maxAccMGU],"241",1,decision,1,1
10,NoCharge-NoCharge,109,TransitionConditionOperator,stateMachine/Chart,[(RealSpeed<SpeedEDmax)&& (SOC >SOCmin+SOCth)&&Acc<maxAccMGU],"241",1,decision,0,0
11,ED-ED,109,TransitionConditionOperator,stateMachine/Chart,[(RealSpeed<SpeedEDmax)&& (SOC >SOCmin+SOCth)&&Acc<maxAccMGU],"241",1,decision,0,0
12,ED-Regen,109,TransitionConditionOperator,stateMachine/Chart,[(RealSpeed<SpeedEDmax)&& (SOC >SOCmin+SOCth)&&Acc<maxAccMGU],"241",1,decision,0,0
13,ED-DEAD,109,TransitionConditionOperator,stateMachine/Chart,[(RealSpeed<SpeedEDmax)&& (SOC >SOCmin+SOCth)&&Acc<maxAccMGU],"241",1,decision,0,0
14,ED-NoCharge,109,TransitionConditionOperator,stateMachine/Chart,[(RealSpeed<SpeedEDmax)&& (SOC >SOCmin+SOCth)&&Acc<maxAccMGU],"241",1,decision,0,0
15,ED-Combined,109,TransitionConditionOperator,stateMachine/Chart,[(RealSpeed<SpeedEDmax)&& (SOC >SOCmin+SOCth)&&Acc<maxAccMGU],"241",1,decision,1,1
16,Combined-Combined,109,TransitionConditionOperator,stateMachine/Chart,[(RealSpeed<SpeedEDmax)&& (SOC >SOCmin+SOCth)&&Acc<maxAccMGU],"241",1,decision,1,1
17,Combined-Regen,109,TransitionConditionOperator,stateMachine/Chart,[(RealSpeed<SpeedEDmax)&& (SOC >SOCmin+SOCth)&&Acc<maxAccMGU],"241",1,decision,1,1
18,Combined-DEAD,109,TransitionConditionOperator,stateMachine/Chart,[(RealSpeed<SpeedEDmax)&& (SOC >SOCmin+SOCth)&&Acc<maxAccMGU],"241",1,decision,1,1
19,Combined-ED,109,TransitionConditionOperator,stateMachine/Chart,[(RealSpeed<SpeedEDmax)&& (SOC >SOCmin+SOCth)&&Acc<maxAccMGU],"241",1,decision,1,1
20,Combined-NoCharge,109,TransitionConditionOperator,stateMachine/Chart,[(RealSpeed<SpeedEDmax)&& (SOC >SOCmin+SOCth)&&Acc<maxAccMGU],"241",1,decision,1,1
21,Regen-Regen,109,TransitionConditionOperator,stateMachine/Chart,[(RealSpeed<SpeedEDmax)&& (SOC >SOCmin+SOCth)&&Acc<maxAccMGU],"241",1,decision,0,0
22,Regen-DEAD,109,TransitionConditionOperator,stateMachine/Chart,[(RealSpeed<SpeedEDmax)&& (SOC >SOCmin+SOCth)&&Acc<maxAccMGU],"241",1,decision,0,0
23,Regen-ED,109,TransitionConditionOperator,stateMachine/Chart,[(RealSpeed<SpeedEDmax)&& (SOC >SOCmin+SOCth)&&Acc<maxAccMGU],"241",1,decision,0,0
24,Regen-NoCharge,109,TransitionConditionOperator,stateMachine/Chart,[(RealSpeed<SpeedEDmax)&& (SOC >SOCmin+SOCth)&&Acc<maxAccMGU],"241",1,decision,0,0
25,Regen-Combined,109,TransitionConditionOperator,stateMachine/Chart,[(RealSpeed<SpeedEDmax)&& (SOC >SOCmin+SOCth)&&Acc<maxAccMGU],"241",1,decision,1,1
1,Dead-Dead,110,TransitionConditionOperator,stateMachine/Chart,[(RealSpeed<SpeedEDmax)&& (SOC >SOCmin+SOCth)&&Acc<maxAccMGU],"241",1,decision,0,0
2,Dead-Regen,110,TransitionConditionOperator,stateMachine/Chart,[(RealSpeed<SpeedEDmax)&& (SOC >SOCmin+SOCth)&&Acc<maxAccMGU],"241",1,decision,0,0
3,Dead-ED,110,TransitionConditionOperator,stateMachine/Chart,[(RealSpeed<SpeedEDmax)&& (SOC >SOCmin+SOCth)&&Acc<maxAccMGU],"241",1,decision,0,0
4,Dead-NoCharge,110,TransitionConditionOperator,stateMachine/Chart,[(RealSpeed<SpeedEDmax)&& (SOC >SOCmin+SOCth)&&Acc<maxAccMGU],"241",1,decision,0,0
5,Dead-Combined,110,TransitionConditionOperator,stateMachine/Chart,[(RealSpeed<SpeedEDmax)&& (SOC >SOCmin+SOCth)&&Acc<maxAccMGU],"241",1,decision,1,1
6,NoCharge-DEAD,110,TransitionConditionOperator,stateMachine/Chart,[(RealSpeed<SpeedEDmax)&& (SOC >SOCmin+SOCth)&&Acc<maxAccMGU],"241",1,decision,0,0
7,NoCharge-Regen,110,TransitionConditionOperator,stateMachine/Chart,[(RealSpeed<SpeedEDmax)&& (SOC >SOCmin+SOCth)&&Acc<maxAccMGU],"241",1,decision,0,0
8,NoCharge-ED,110,TransitionConditionOperator,stateMachine/Chart,[(RealSpeed<SpeedEDmax)&& (SOC >SOCmin+SOCth)&&Acc<maxAccMGU],"241",1,decision,0,0
9,NoCharge-Combined,110,TransitionConditionOperator,stateMachine/Chart,[(RealSpeed<SpeedEDmax)&& (SOC >SOCmin+SOCth)&&Acc<maxAccMGU],"241",1,decision,1,1
10,NoCharge-NoCharge,110,TransitionConditionOperator,stateMachine/Chart,[(RealSpeed<SpeedEDmax)&& (SOC >SOCmin+SOCth)&&Acc<maxAccMGU],"241",1,decision,0,0
11,ED-ED,110,TransitionConditionOperator,stateMachine/Chart,[(RealSpeed<SpeedEDmax)&& (SOC >SOCmin+SOCth)&&Acc<maxAccMGU],"241",1,decision,0,0
12,ED-Regen,110,TransitionConditionOperator,stateMachine/Chart,[(RealSpeed<SpeedEDmax)&& (SOC >SOCmin+SOCth)&&Acc<maxAccMGU],"241",1,decision,0,0
13,ED-DEAD,110,TransitionConditionOperator,stateMachine/Chart,[(RealSpeed<SpeedEDmax)&& (SOC >SOCmin+SOCth)&&Acc<maxAccMGU],"241",1,decision,0,0
14,ED-NoCharge,110,TransitionConditionOperator,stateMachine/Chart,[(RealSpeed<SpeedEDmax)&& (SOC >SOCmin+SOCth)&&Acc<maxAccMGU],"241",1,decision,0,0
15,ED-Combined,110,TransitionConditionOperator,stateMachine/Chart,[(RealSpeed<SpeedEDmax)&& (SOC >SOCmin+SOCth)&&Acc<maxAccMGU],"241",1,decision,1,1
16,Combined-Combined,110,TransitionConditionOperator,stateMachine/Chart,[(RealSpeed<SpeedEDmax)&& (SOC >SOCmin+SOCth)&&Acc<maxAccMGU],"241",1,decision,1,1
17,Combined-Regen,110,TransitionConditionOperator,stateMachine/Chart,[(RealSpeed<SpeedEDmax)&& (SOC >SOCmin+SOCth)&&Acc<maxAccMGU],"241",1,decision,1,1
18,Combined-DEAD,110,TransitionConditionOperator,stateMachine/Chart,[(RealSpeed<SpeedEDmax)&& (SOC >SOCmin+SOCth)&&Acc<maxAccMGU],"241",1,decision,1,1
19,Combined-ED,110,TransitionConditionOperator,stateMachine/Chart,[(RealSpeed<SpeedEDmax)&& (SOC >SOCmin+SOCth)&&Acc<maxAccMGU],"241",1,decision,1,1
20,Combined-NoCharge,110,TransitionConditionOperator,stateMachine/Chart,[(RealSpeed<SpeedEDmax)&& (SOC >SOCmin+SOCth)&&Acc<maxAccMGU],"241",1,decision,1,1
21,Regen-Regen,110,TransitionConditionOperator,stateMachine/Chart,[(RealSpeed<SpeedEDmax)&& (SOC >SOCmin+SOCth)&&Acc<maxAccMGU],"241",1,decision,0,0
22,Regen-DEAD,110,TransitionConditionOperator,stateMachine/Chart,[(RealSpeed<SpeedEDmax)&& (SOC >SOCmin+SOCth)&&Acc<maxAccMGU],"241",1,decision,0,0
23,Regen-ED,110,TransitionConditionOperator,stateMachine/Chart,[(RealSpeed<SpeedEDmax)&& (SOC >SOCmin+SOCth)&&Acc<maxAccMGU],"241",1,decision,0,0
24,Regen-NoCharge,110,TransitionConditionOperator,stateMachine/Chart,[(RealSpeed<SpeedEDmax)&& (SOC >SOCmin+SOCth)&&Acc<maxAccMGU],"241",1,decision,0,0
25,Regen-Combined,110,TransitionConditionOperator,stateMachine/Chart,[(RealSpeed<SpeedEDmax)&& (SOC >SOCmin+SOCth)&&Acc<maxAccMGU],"241",1,decision,1,1
1,Dead-Dead,111,TransitionConditionOperator,stateMachine/Chart,[(RealSpeed<SpeedEDmax)&& (SOC >SOCmin+SOCth)&&Acc<maxAccMGU],"241",1,decision,0,0
2,Dead-Regen,111,TransitionConditionOperator,stateMachine/Chart,[(RealSpeed<SpeedEDmax)&& (SOC >SOCmin+SOCth)&&Acc<maxAccMGU],"241",1,decision,0,0
3,Dead-ED,111,TransitionConditionOperator,stateMachine/Chart,[(RealSpeed<SpeedEDmax)&& (SOC >SOCmin+SOCth)&&Acc<maxAccMGU],"241",1,decision,0,0
4,Dead-NoCharge,111,TransitionConditionOperator,stateMachine/Chart,[(RealSpeed<SpeedEDmax)&& (SOC >SOCmin+SOCth)&&Acc<maxAccMGU],"241",1,decision,0,0
5,Dead-Combined,111,TransitionConditionOperator,stateMachine/Chart,[(RealSpeed<SpeedEDmax)&& (SOC >SOCmin+SOCth)&&Acc<maxAccMGU],"241",1,decision,1,1
6,NoCharge-DEAD,111,TransitionConditionOperator,stateMachine/Chart,[(RealSpeed<SpeedEDmax)&& (SOC >SOCmin+SOCth)&&Acc<maxAccMGU],"241",1,decision,0,0
7,NoCharge-Regen,111,TransitionConditionOperator,stateMachine/Chart,[(RealSpeed<SpeedEDmax)&& (SOC >SOCmin+SOCth)&&Acc<maxAccMGU],"241",1,decision,0,0
8,NoCharge-ED,111,TransitionConditionOperator,stateMachine/Chart,[(RealSpeed<SpeedEDmax)&& (SOC >SOCmin+SOCth)&&Acc<maxAccMGU],"241",1,decision,0,0
9,NoCharge-Combined,111,TransitionConditionOperator,stateMachine/Chart,[(RealSpeed<SpeedEDmax)&& (SOC >SOCmin+SOCth)&&Acc<maxAccMGU],"241",1,decision,1,1
10,NoCharge-NoCharge,111,TransitionConditionOperator,stateMachine/Chart,[(RealSpeed<SpeedEDmax)&& (SOC >SOCmin+SOCth)&&Acc<maxAccMGU],"241",1,decision,0,0
11,ED-ED,111,TransitionConditionOperator,stateMachine/Chart,[(RealSpeed<SpeedEDmax)&& (SOC >SOCmin+SOCth)&&Acc<maxAccMGU],"241",1,decision,0,0
12,ED-Regen,111,TransitionConditionOperator,stateMachine/Chart,[(RealSpeed<SpeedEDmax)&& (SOC >SOCmin+SOCth)&&Acc<maxAccMGU],"241",1,decision,0,0
13,ED-DEAD,111,TransitionConditionOperator,stateMachine/Chart,[(RealSpeed<SpeedEDmax)&& (SOC >SOCmin+SOCth)&&Acc<maxAccMGU],"241",1,decision,0,0
14,ED-NoCharge,111,TransitionConditionOperator,stateMachine/Chart,[(RealSpeed<SpeedEDmax)&& (SOC >SOCmin+SOCth)&&Acc<maxAccMGU],"241",1,decision,0,0
15,ED-Combined,111,TransitionConditionOperator,stateMachine/Chart,[(RealSpeed<SpeedEDmax)&& (SOC >SOCmin+SOCth)&&Acc<maxAccMGU],"241",1,decision,1,1
16,Combined-Combined,111,TransitionConditionOperator,stateMachine/Chart,[(RealSpeed<SpeedEDmax)&& (SOC >SOCmin+SOCth)&&Acc<maxAccMGU],"241",1,decision,1,1
17,Combined-Regen,111,TransitionConditionOperator,stateMachine/Chart,[(RealSpeed<SpeedEDmax)&& (SOC >SOCmin+SOCth)&&Acc<maxAccMGU],"241",1,decision,1,1
18,Combined-DEAD,111,TransitionConditionOperator,stateMachine/Chart,[(RealSpeed<SpeedEDmax)&& (SOC >SOCmin+SOCth)&&Acc<maxAccMGU],"241",1,decision,1,1
19,Combined-ED,111,TransitionConditionOperator,stateMachine/Chart,[(RealSpeed<SpeedEDmax)&& (SOC >SOCmin+SOCth)&&Acc<maxAccMGU],"241",1,decision,1,1
20,Combined-NoCharge,111,TransitionConditionOperator,stateMachine/Chart,[(RealSpeed<SpeedEDmax)&& (SOC >SOCmin+SOCth)&&Acc<maxAccMGU],"241",1,decision,1,1
21,Regen-Regen,111,TransitionConditionOperator,stateMachine/Chart,[(RealSpeed<SpeedEDmax)&& (SOC >SOCmin+SOCth)&&Acc<maxAccMGU],"241",1,decision,0,0
22,Regen-DEAD,111,TransitionConditionOperator,stateMachine/Chart,[(RealSpeed<SpeedEDmax)&& (SOC >SOCmin+SOCth)&&Acc<maxAccMGU],"241",1,decision,0,0
23,Regen-ED,111,TransitionConditionOperator,stateMachine/Chart,[(RealSpeed<SpeedEDmax)&& (SOC >SOCmin+SOCth)&&Acc<maxAccMGU],"241",1,decision,0,0
24,Regen-NoCharge,111,TransitionConditionOperator,stateMachine/Chart,[(RealSpeed<SpeedEDmax)&& (SOC >SOCmin+SOCth)&&Acc<maxAccMGU],"241",1,decision,0,0
25,Regen-Combined,111,TransitionConditionOperator,stateMachine/Chart,[(RealSpeed<SpeedEDmax)&& (SOC >SOCmin+SOCth)&&Acc<maxAccMGU],"241",1,decision,1,1
1,Dead-Dead,112,TransitionConditionOperator,stateMachine/Chart,[(RealSpeed<SpeedEDmax)&& (SOC >SOCmin+SOCth)&&Acc<maxAccMGU],"241",1,decision,0,0
2,Dead-Regen,112,TransitionConditionOperator,stateMachine/Chart,[(RealSpeed<SpeedEDmax)&& (SOC >SOCmin+SOCth)&&Acc<maxAccMGU],"241",1,decision,0,0
3,Dead-ED,112,TransitionConditionOperator,stateMachine/Chart,[(RealSpeed<SpeedEDmax)&& (SOC >SOCmin+SOCth)&&Acc<maxAccMGU],"241",1,decision,0,0
4,Dead-NoCharge,112,TransitionConditionOperator,stateMachine/Chart,[(RealSpeed<SpeedEDmax)&& (SOC >SOCmin+SOCth)&&Acc<maxAccMGU],"241",1,decision,0,0
5,Dead-Combined,112,TransitionConditionOperator,stateMachine/Chart,[(RealSpeed<SpeedEDmax)&& (SOC >SOCmin+SOCth)&&Acc<maxAccMGU],"241",1,decision,1,1
6,NoCharge-DEAD,112,TransitionConditionOperator,stateMachine/Chart,[(RealSpeed<SpeedEDmax)&& (SOC >SOCmin+SOCth)&&Acc<maxAccMGU],"241",1,decision,0,0
7,NoCharge-Regen,112,TransitionConditionOperator,stateMachine/Chart,[(RealSpeed<SpeedEDmax)&& (SOC >SOCmin+SOCth)&&Acc<maxAccMGU],"241",1,decision,0,0
8,NoCharge-ED,112,TransitionConditionOperator,stateMachine/Chart,[(RealSpeed<SpeedEDmax)&& (SOC >SOCmin+SOCth)&&Acc<maxAccMGU],"241",1,decision,0,0
9,NoCharge-Combined,112,TransitionConditionOperator,stateMachine/Chart,[(RealSpeed<SpeedEDmax)&& (SOC >SOCmin+SOCth)&&Acc<maxAccMGU],"241",1,decision,1,1
10,NoCharge-NoCharge,112,TransitionConditionOperator,stateMachine/Chart,[(RealSpeed<SpeedEDmax)&& (SOC >SOCmin+SOCth)&&Acc<maxAccMGU],"241",1,decision,0,0
11,ED-ED,112,TransitionConditionOperator,stateMachine/Chart,[(RealSpeed<SpeedEDmax)&& (SOC >SOCmin+SOCth)&&Acc<maxAccMGU],"241",1,decision,0,0
12,ED-Regen,112,TransitionConditionOperator,stateMachine/Chart,[(RealSpeed<SpeedEDmax)&& (SOC >SOCmin+SOCth)&&Acc<maxAccMGU],"241",1,decision,0,0
13,ED-DEAD,112,TransitionConditionOperator,stateMachine/Chart,[(RealSpeed<SpeedEDmax)&& (SOC >SOCmin+SOCth)&&Acc<maxAccMGU],"241",1,decision,0,0
14,ED-NoCharge,112,TransitionConditionOperator,stateMachine/Chart,[(RealSpeed<SpeedEDmax)&& (SOC >SOCmin+SOCth)&&Acc<maxAccMGU],"241",1,decision,0,0
15,ED-Combined,112,TransitionConditionOperator,stateMachine/Chart,[(RealSpeed<SpeedEDmax)&& (SOC >SOCmin+SOCth)&&Acc<maxAccMGU],"241",1,decision,1,1
16,Combined-Combined,112,TransitionConditionOperator,stateMachine/Chart,[(RealSpeed<SpeedEDmax)&& (SOC >SOCmin+SOCth)&&Acc<maxAccMGU],"241",1,decision,1,1
17,Combined-Regen,112,TransitionConditionOperator,stateMachine/Chart,[(RealSpeed<SpeedEDmax)&& (SOC >SOCmin+SOCth)&&Acc<maxAccMGU],"241",1,decision,1,1
18,Combined-DEAD,112,TransitionConditionOperator,stateMachine/Chart,[(RealSpeed<SpeedEDmax)&& (SOC >SOCmin+SOCth)&&Acc<maxAccMGU],"241",1,decision,1,1
19,Combined-ED,112,TransitionConditionOperator,stateMachine/Chart,[(RealSpeed<SpeedEDmax)&& (SOC >SOCmin+SOCth)&&Acc<maxAccMGU],"241",1,decision,1,1
20,Combined-NoCharge,112,TransitionConditionOperator,stateMachine/Chart,[(RealSpeed<SpeedEDmax)&& (SOC >SOCmin+SOCth)&&Acc<maxAccMGU],"241",1,decision,1,1
21,Regen-Regen,112,TransitionConditionOperator,stateMachine/Chart,[(RealSpeed<SpeedEDmax)&& (SOC >SOCmin+SOCth)&&Acc<maxAccMGU],"241",1,decision,0,0
22,Regen-DEAD,112,TransitionConditionOperator,stateMachine/Chart,[(RealSpeed<SpeedEDmax)&& (SOC >SOCmin+SOCth)&&Acc<maxAccMGU],"241",1,decision,0,0
23,Regen-ED,112,TransitionConditionOperator,stateMachine/Chart,[(RealSpeed<SpeedEDmax)&& (SOC >SOCmin+SOCth)&&Acc<maxAccMGU],"241",1,decision,0,0
24,Regen-NoCharge,112,TransitionConditionOperator,stateMachine/Chart,[(RealSpeed<SpeedEDmax)&& (SOC >SOCmin+SOCth)&&Acc<maxAccMGU],"241",1,decision,0,0
25,Regen-Combined,112,TransitionConditionOperator,stateMachine/Chart,[(RealSpeed<SpeedEDmax)&& (SOC >SOCmin+SOCth)&&Acc<maxAccMGU],"241",1,decision,1,1
1,Dead-Dead,113,TransitionConditionOperator,stateMachine/Chart,[(RealSpeed<SpeedEDmax)&& (SOC >SOCmin+SOCth)&&Acc<maxAccMGU],"241",1,decision,0,0
2,Dead-Regen,113,TransitionConditionOperator,stateMachine/Chart,[(RealSpeed<SpeedEDmax)&& (SOC >SOCmin+SOCth)&&Acc<maxAccMGU],"241",1,decision,0,0
3,Dead-ED,113,TransitionConditionOperator,stateMachine/Chart,[(RealSpeed<SpeedEDmax)&& (SOC >SOCmin+SOCth)&&Acc<maxAccMGU],"241",1,decision,0,0
4,Dead-NoCharge,113,TransitionConditionOperator,stateMachine/Chart,[(RealSpeed<SpeedEDmax)&& (SOC >SOCmin+SOCth)&&Acc<maxAccMGU],"241",1,decision,0,0
5,Dead-Combined,113,TransitionConditionOperator,stateMachine/Chart,[(RealSpeed<SpeedEDmax)&& (SOC >SOCmin+SOCth)&&Acc<maxAccMGU],"241",1,decision,1,1
6,NoCharge-DEAD,113,TransitionConditionOperator,stateMachine/Chart,[(RealSpeed<SpeedEDmax)&& (SOC >SOCmin+SOCth)&&Acc<maxAccMGU],"241",1,decision,0,0
7,NoCharge-Regen,113,TransitionConditionOperator,stateMachine/Chart,[(RealSpeed<SpeedEDmax)&& (SOC >SOCmin+SOCth)&&Acc<maxAccMGU],"241",1,decision,0,0
8,NoCharge-ED,113,TransitionConditionOperator,stateMachine/Chart,[(RealSpeed<SpeedEDmax)&& (SOC >SOCmin+SOCth)&&Acc<maxAccMGU],"241",1,decision,0,0
9,NoCharge-Combined,113,TransitionConditionOperator,stateMachine/Chart,[(RealSpeed<SpeedEDmax)&& (SOC >SOCmin+SOCth)&&Acc<maxAccMGU],"241",1,decision,1,1
10,NoCharge-NoCharge,113,TransitionConditionOperator,stateMachine/Chart,[(RealSpeed<SpeedEDmax)&& (SOC >SOCmin+SOCth)&&Acc<maxAccMGU],"241",1,decision,0,0
11,ED-ED,113,TransitionConditionOperator,stateMachine/Chart,[(RealSpeed<SpeedEDmax)&& (SOC >SOCmin+SOCth)&&Acc<maxAccMGU],"241",1,decision,0,0
12,ED-Regen,113,TransitionConditionOperator,stateMachine/Chart,[(RealSpeed<SpeedEDmax)&& (SOC >SOCmin+SOCth)&&Acc<maxAccMGU],"241",1,decision,0,0
13,ED-DEAD,113,TransitionConditionOperator,stateMachine/Chart,[(RealSpeed<SpeedEDmax)&& (SOC >SOCmin+SOCth)&&Acc<maxAccMGU],"241",1,decision,0,0
14,ED-NoCharge,113,TransitionConditionOperator,stateMachine/Chart,[(RealSpeed<SpeedEDmax)&& (SOC >SOCmin+SOCth)&&Acc<maxAccMGU],"241",1,decision,0,0
15,ED-Combined,113,TransitionConditionOperator,stateMachine/Chart,[(RealSpeed<SpeedEDmax)&& (SOC >SOCmin+SOCth)&&Acc<maxAccMGU],"241",1,decision,1,1
16,Combined-Combined,113,TransitionConditionOperator,stateMachine/Chart,[(RealSpeed<SpeedEDmax)&& (SOC >SOCmin+SOCth)&&Acc<maxAccMGU],"241",1,decision,1,1
17,Combined-Regen,113,TransitionConditionOperator,stateMachine/Chart,[(RealSpeed<SpeedEDmax)&& (SOC >SOCmin+SOCth)&&Acc<maxAccMGU],"241",1,decision,1,1
18,Combined-DEAD,113,TransitionConditionOperator,stateMachine/Chart,[(RealSpeed<SpeedEDmax)&& (SOC >SOCmin+SOCth)&&Acc<maxAccMGU],"241",1,decision,1,1
19,Combined-ED,113,TransitionConditionOperator,stateMachine/Chart,[(RealSpeed<SpeedEDmax)&& (SOC >SOCmin+SOCth)&&Acc<maxAccMGU],"241",1,decision,1,1
20,Combined-NoCharge,113,TransitionConditionOperator,stateMachine/Chart,[(RealSpeed<SpeedEDmax)&& (SOC >SOCmin+SOCth)&&Acc<maxAccMGU],"241",1,decision,1,1
21,Regen-Regen,113,TransitionConditionOperator,stateMachine/Chart,[(RealSpeed<SpeedEDmax)&& (SOC >SOCmin+SOCth)&&Acc<maxAccMGU],"241",1,decision,0,0
22,Regen-DEAD,113,TransitionConditionOperator,stateMachine/Chart,[(RealSpeed<SpeedEDmax)&& (SOC >SOCmin+SOCth)&&Acc<maxAccMGU],"241",1,decision,0,0
23,Regen-ED,113,TransitionConditionOperator,stateMachine/Chart,[(RealSpeed<SpeedEDmax)&& (SOC >SOCmin+SOCth)&&Acc<maxAccMGU],"241",1,decision,0,0
24,Regen-NoCharge,113,TransitionConditionOperator,stateMachine/Chart,[(RealSpeed<SpeedEDmax)&& (SOC >SOCmin+SOCth)&&Acc<maxAccMGU],"241",1,decision,0,0
25,Regen-Combined,113,TransitionConditionOperator,stateMachine/Chart,[(RealSpeed<SpeedEDmax)&& (SOC >SOCmin+SOCth)&&Acc<maxAccMGU],"241",1,decision,1,1
1,Dead-Dead,114,TransitionConditionOperator,stateMachine/Chart,[(RealSpeed<SpeedEDmax)&& (SOC >SOCmin+SOCth)&&Acc<maxAccMGU],"241",1,decision,0,0
2,Dead-Regen,114,TransitionConditionOperator,stateMachine/Chart,[(RealSpeed<SpeedEDmax)&& (SOC >SOCmin+SOCth)&&Acc<maxAccMGU],"241",1,decision,0,0
3,Dead-ED,114,TransitionConditionOperator,stateMachine/Chart,[(RealSpeed<SpeedEDmax)&& (SOC >SOCmin+SOCth)&&Acc<maxAccMGU],"241",1,decision,0,0
4,Dead-NoCharge,114,TransitionConditionOperator,stateMachine/Chart,[(RealSpeed<SpeedEDmax)&& (SOC >SOCmin+SOCth)&&Acc<maxAccMGU],"241",1,decision,0,0
5,Dead-Combined,114,TransitionConditionOperator,stateMachine/Chart,[(RealSpeed<SpeedEDmax)&& (SOC >SOCmin+SOCth)&&Acc<maxAccMGU],"241",1,decision,1,1
6,NoCharge-DEAD,114,TransitionConditionOperator,stateMachine/Chart,[(RealSpeed<SpeedEDmax)&& (SOC >SOCmin+SOCth)&&Acc<maxAccMGU],"241",1,decision,0,0
7,NoCharge-Regen,114,TransitionConditionOperator,stateMachine/Chart,[(RealSpeed<SpeedEDmax)&& (SOC >SOCmin+SOCth)&&Acc<maxAccMGU],"241",1,decision,0,0
8,NoCharge-ED,114,TransitionConditionOperator,stateMachine/Chart,[(RealSpeed<SpeedEDmax)&& (SOC >SOCmin+SOCth)&&Acc<maxAccMGU],"241",1,decision,0,0
9,NoCharge-Combined,114,TransitionConditionOperator,stateMachine/Chart,[(RealSpeed<SpeedEDmax)&& (SOC >SOCmin+SOCth)&&Acc<maxAccMGU],"241",1,decision,1,1
10,NoCharge-NoCharge,114,TransitionConditionOperator,stateMachine/Chart,[(RealSpeed<SpeedEDmax)&& (SOC >SOCmin+SOCth)&&Acc<maxAccMGU],"241",1,decision,0,0
11,ED-ED,114,TransitionConditionOperator,stateMachine/Chart,[(RealSpeed<SpeedEDmax)&& (SOC >SOCmin+SOCth)&&Acc<maxAccMGU],"241",1,decision,0,0
12,ED-Regen,114,TransitionConditionOperator,stateMachine/Chart,[(RealSpeed<SpeedEDmax)&& (SOC >SOCmin+SOCth)&&Acc<maxAccMGU],"241",1,decision,0,0
13,ED-DEAD,114,TransitionConditionOperator,stateMachine/Chart,[(RealSpeed<SpeedEDmax)&& (SOC >SOCmin+SOCth)&&Acc<maxAccMGU],"241",1,decision,0,0
14,ED-NoCharge,114,TransitionConditionOperator,stateMachine/Chart,[(RealSpeed<SpeedEDmax)&& (SOC >SOCmin+SOCth)&&Acc<maxAccMGU],"241",1,decision,0,0
15,ED-Combined,114,TransitionConditionOperator,stateMachine/Chart,[(RealSpeed<SpeedEDmax)&& (SOC >SOCmin+SOCth)&&Acc<maxAccMGU],"241",1,decision,1,1
16,Combined-Combined,114,TransitionConditionOperator,stateMachine/Chart,[(RealSpeed<SpeedEDmax)&& (SOC >SOCmin+SOCth)&&Acc<maxAccMGU],"241",1,decision,1,1
17,Combined-Regen,114,TransitionConditionOperator,stateMachine/Chart,[(RealSpeed<SpeedEDmax)&& (SOC >SOCmin+SOCth)&&Acc<maxAccMGU],"241",1,decision,1,1
18,Combined-DEAD,114,TransitionConditionOperator,stateMachine/Chart,[(RealSpeed<SpeedEDmax)&& (SOC >SOCmin+SOCth)&&Acc<maxAccMGU],"241",1,decision,1,1
19,Combined-ED,114,TransitionConditionOperator,stateMachine/Chart,[(RealSpeed<SpeedEDmax)&& (SOC >SOCmin+SOCth)&&Acc<maxAccMGU],"241",1,decision,1,1
20,Combined-NoCharge,114,TransitionConditionOperator,stateMachine/Chart,[(RealSpeed<SpeedEDmax)&& (SOC >SOCmin+SOCth)&&Acc<maxAccMGU],"241",1,decision,1,1
21,Regen-Regen,114,TransitionConditionOperator,stateMachine/Chart,[(RealSpeed<SpeedEDmax)&& (SOC >SOCmin+SOCth)&&Acc<maxAccMGU],"241",1,decision,0,0
22,Regen-DEAD,114,TransitionConditionOperator,stateMachine/Chart,[(RealSpeed<SpeedEDmax)&& (SOC >SOCmin+SOCth)&&Acc<maxAccMGU],"241",1,decision,0,0
23,Regen-ED,114,TransitionConditionOperator,stateMachine/Chart,[(RealSpeed<SpeedEDmax)&& (SOC >SOCmin+SOCth)&&Acc<maxAccMGU],"241",1,decision,0,0
24,Regen-NoCharge,114,TransitionConditionOperator,stateMachine/Chart,[(RealSpeed<SpeedEDmax)&& (SOC >SOCmin+SOCth)&&Acc<maxAccMGU],"241",1,decision,0,0
25,Regen-Combined,114,TransitionConditionOperator,stateMachine/Chart,[(RealSpeed<SpeedEDmax)&& (SOC >SOCmin+SOCth)&&Acc<maxAccMGU],"241",1,decision,1,1
1,Dead-Dead,115,TransitionConditionOperator,stateMachine/Chart,[(SOC > SOCmin+SOCth) && (RealSpeed<SpeedEDmax)],"242",1,decision,0,0
2,Dead-Regen,115,TransitionConditionOperator,stateMachine/Chart,[(SOC > SOCmin+SOCth) && (RealSpeed<SpeedEDmax)],"242",1,decision,0,0
3,Dead-ED,115,TransitionConditionOperator,stateMachine/Chart,[(SOC > SOCmin+SOCth) && (RealSpeed<SpeedEDmax)],"242",1,decision,0,0
4,Dead-NoCharge,115,TransitionConditionOperator,stateMachine/Chart,[(SOC > SOCmin+SOCth) && (RealSpeed<SpeedEDmax)],"242",1,decision,0,0
5,Dead-Combined,115,TransitionConditionOperator,stateMachine/Chart,[(SOC > SOCmin+SOCth) && (RealSpeed<SpeedEDmax)],"242",1,decision,0,0
6,NoCharge-DEAD,115,TransitionConditionOperator,stateMachine/Chart,[(SOC > SOCmin+SOCth) && (RealSpeed<SpeedEDmax)],"242",1,decision,0,0
7,NoCharge-Regen,115,TransitionConditionOperator,stateMachine/Chart,[(SOC > SOCmin+SOCth) && (RealSpeed<SpeedEDmax)],"242",1,decision,0,0
8,NoCharge-ED,115,TransitionConditionOperator,stateMachine/Chart,[(SOC > SOCmin+SOCth) && (RealSpeed<SpeedEDmax)],"242",1,decision,0,0
9,NoCharge-Combined,115,TransitionConditionOperator,stateMachine/Chart,[(SOC > SOCmin+SOCth) && (RealSpeed<SpeedEDmax)],"242",1,decision,0,0
10,NoCharge-NoCharge,115,TransitionConditionOperator,stateMachine/Chart,[(SOC > SOCmin+SOCth) && (RealSpeed<SpeedEDmax)],"242",1,decision,0,0
11,ED-ED,115,TransitionConditionOperator,stateMachine/Chart,[(SOC > SOCmin+SOCth) && (RealSpeed<SpeedEDmax)],"242",1,decision,0,0
12,ED-Regen,115,TransitionConditionOperator,stateMachine/Chart,[(SOC > SOCmin+SOCth) && (RealSpeed<SpeedEDmax)],"242",1,decision,0,0
13,ED-DEAD,115,TransitionConditionOperator,stateMachine/Chart,[(SOC > SOCmin+SOCth) && (RealSpeed<SpeedEDmax)],"242",1,decision,0,0
14,ED-NoCharge,115,TransitionConditionOperator,stateMachine/Chart,[(SOC > SOCmin+SOCth) && (RealSpeed<SpeedEDmax)],"242",1,decision,0,0
15,ED-Combined,115,TransitionConditionOperator,stateMachine/Chart,[(SOC > SOCmin+SOCth) && (RealSpeed<SpeedEDmax)],"242",1,decision,0,0
16,Combined-Combined,115,TransitionConditionOperator,stateMachine/Chart,[(SOC > SOCmin+SOCth) && (RealSpeed<SpeedEDmax)],"242",1,decision,0,0
17,Combined-Regen,115,TransitionConditionOperator,stateMachine/Chart,[(SOC > SOCmin+SOCth) && (RealSpeed<SpeedEDmax)],"242",1,decision,0,0
18,Combined-DEAD,115,TransitionConditionOperator,stateMachine/Chart,[(SOC > SOCmin+SOCth) && (RealSpeed<SpeedEDmax)],"242",1,decision,0,0
19,Combined-ED,115,TransitionConditionOperator,stateMachine/Chart,[(SOC > SOCmin+SOCth) && (RealSpeed<SpeedEDmax)],"242",1,decision,0,0
20,Combined-NoCharge,115,TransitionConditionOperator,stateMachine/Chart,[(SOC > SOCmin+SOCth) && (RealSpeed<SpeedEDmax)],"242",1,decision,0,0
21,Regen-Regen,115,TransitionConditionOperator,stateMachine/Chart,[(SOC > SOCmin+SOCth) && (RealSpeed<SpeedEDmax)],"242",1,decision,0,0
22,Regen-DEAD,115,TransitionConditionOperator,stateMachine/Chart,[(SOC > SOCmin+SOCth) && (RealSpeed<SpeedEDmax)],"242",1,decision,0,0
23,Regen-ED,115,TransitionConditionOperator,stateMachine/Chart,[(SOC > SOCmin+SOCth) && (RealSpeed<SpeedEDmax)],"242",1,decision,1,1
24,Regen-NoCharge,115,TransitionConditionOperator,stateMachine/Chart,[(SOC > SOCmin+SOCth) && (RealSpeed<SpeedEDmax)],"242",1,decision,1,1
25,Regen-Combined,115,TransitionConditionOperator,stateMachine/Chart,[(SOC > SOCmin+SOCth) && (RealSpeed<SpeedEDmax)],"242",1,decision,1,1
1,Dead-Dead,116,TransitionConditionOperator,stateMachine/Chart,[(SOC > SOCmin+SOCth) && (RealSpeed<SpeedEDmax)],"242",1,decision,0,0
2,Dead-Regen,116,TransitionConditionOperator,stateMachine/Chart,[(SOC > SOCmin+SOCth) && (RealSpeed<SpeedEDmax)],"242",1,decision,0,0
3,Dead-ED,116,TransitionConditionOperator,stateMachine/Chart,[(SOC > SOCmin+SOCth) && (RealSpeed<SpeedEDmax)],"242",1,decision,0,0
4,Dead-NoCharge,116,TransitionConditionOperator,stateMachine/Chart,[(SOC > SOCmin+SOCth) && (RealSpeed<SpeedEDmax)],"242",1,decision,0,0
5,Dead-Combined,116,TransitionConditionOperator,stateMachine/Chart,[(SOC > SOCmin+SOCth) && (RealSpeed<SpeedEDmax)],"242",1,decision,0,0
6,NoCharge-DEAD,116,TransitionConditionOperator,stateMachine/Chart,[(SOC > SOCmin+SOCth) && (RealSpeed<SpeedEDmax)],"242",1,decision,0,0
7,NoCharge-Regen,116,TransitionConditionOperator,stateMachine/Chart,[(SOC > SOCmin+SOCth) && (RealSpeed<SpeedEDmax)],"242",1,decision,0,0
8,NoCharge-ED,116,TransitionConditionOperator,stateMachine/Chart,[(SOC > SOCmin+SOCth) && (RealSpeed<SpeedEDmax)],"242",1,decision,0,0
9,NoCharge-Combined,116,TransitionConditionOperator,stateMachine/Chart,[(SOC > SOCmin+SOCth) && (RealSpeed<SpeedEDmax)],"242",1,decision,0,0
10,NoCharge-NoCharge,116,TransitionConditionOperator,stateMachine/Chart,[(SOC > SOCmin+SOCth) && (RealSpeed<SpeedEDmax)],"242",1,decision,0,0
11,ED-ED,116,TransitionConditionOperator,stateMachine/Chart,[(SOC > SOCmin+SOCth) && (RealSpeed<SpeedEDmax)],"242",1,decision,0,0
12,ED-Regen,116,TransitionConditionOperator,stateMachine/Chart,[(SOC > SOCmin+SOCth) && (RealSpeed<SpeedEDmax)],"242",1,decision,0,0
13,ED-DEAD,116,TransitionConditionOperator,stateMachine/Chart,[(SOC > SOCmin+SOCth) && (RealSpeed<SpeedEDmax)],"242",1,decision,0,0
14,ED-NoCharge,116,TransitionConditionOperator,stateMachine/Chart,[(SOC > SOCmin+SOCth) && (RealSpeed<SpeedEDmax)],"242",1,decision,0,0
15,ED-Combined,116,TransitionConditionOperator,stateMachine/Chart,[(SOC > SOCmin+SOCth) && (RealSpeed<SpeedEDmax)],"242",1,decision,0,0
16,Combined-Combined,116,TransitionConditionOperator,stateMachine/Chart,[(SOC > SOCmin+SOCth) && (RealSpeed<SpeedEDmax)],"242",1,decision,0,0
17,Combined-Regen,116,TransitionConditionOperator,stateMachine/Chart,[(SOC > SOCmin+SOCth) && (RealSpeed<SpeedEDmax)],"242",1,decision,0,0
18,Combined-DEAD,116,TransitionConditionOperator,stateMachine/Chart,[(SOC > SOCmin+SOCth) && (RealSpeed<SpeedEDmax)],"242",1,decision,0,0
19,Combined-ED,116,TransitionConditionOperator,stateMachine/Chart,[(SOC > SOCmin+SOCth) && (RealSpeed<SpeedEDmax)],"242",1,decision,0,0
20,Combined-NoCharge,116,TransitionConditionOperator,stateMachine/Chart,[(SOC > SOCmin+SOCth) && (RealSpeed<SpeedEDmax)],"242",1,decision,0,0
21,Regen-Regen,116,TransitionConditionOperator,stateMachine/Chart,[(SOC > SOCmin+SOCth) && (RealSpeed<SpeedEDmax)],"242",1,decision,0,0
22,Regen-DEAD,116,TransitionConditionOperator,stateMachine/Chart,[(SOC > SOCmin+SOCth) && (RealSpeed<SpeedEDmax)],"242",1,decision,0,0
23,Regen-ED,116,TransitionConditionOperator,stateMachine/Chart,[(SOC > SOCmin+SOCth) && (RealSpeed<SpeedEDmax)],"242",1,decision,1,1
24,Regen-NoCharge,116,TransitionConditionOperator,stateMachine/Chart,[(SOC > SOCmin+SOCth) && (RealSpeed<SpeedEDmax)],"242",1,decision,1,1
25,Regen-Combined,116,TransitionConditionOperator,stateMachine/Chart,[(SOC > SOCmin+SOCth) && (RealSpeed<SpeedEDmax)],"242",1,decision,1,1
1,Dead-Dead,117,TransitionConditionOperator,stateMachine/Chart,[(SOC > SOCmin+SOCth) && (RealSpeed<SpeedEDmax)],"242",1,decision,0,0
2,Dead-Regen,117,TransitionConditionOperator,stateMachine/Chart,[(SOC > SOCmin+SOCth) && (RealSpeed<SpeedEDmax)],"242",1,decision,0,0
3,Dead-ED,117,TransitionConditionOperator,stateMachine/Chart,[(SOC > SOCmin+SOCth) && (RealSpeed<SpeedEDmax)],"242",1,decision,0,0
4,Dead-NoCharge,117,TransitionConditionOperator,stateMachine/Chart,[(SOC > SOCmin+SOCth) && (RealSpeed<SpeedEDmax)],"242",1,decision,0,0
5,Dead-Combined,117,TransitionConditionOperator,stateMachine/Chart,[(SOC > SOCmin+SOCth) && (RealSpeed<SpeedEDmax)],"242",1,decision,0,0
6,NoCharge-DEAD,117,TransitionConditionOperator,stateMachine/Chart,[(SOC > SOCmin+SOCth) && (RealSpeed<SpeedEDmax)],"242",1,decision,0,0
7,NoCharge-Regen,117,TransitionConditionOperator,stateMachine/Chart,[(SOC > SOCmin+SOCth) && (RealSpeed<SpeedEDmax)],"242",1,decision,0,0
8,NoCharge-ED,117,TransitionConditionOperator,stateMachine/Chart,[(SOC > SOCmin+SOCth) && (RealSpeed<SpeedEDmax)],"242",1,decision,0,0
9,NoCharge-Combined,117,TransitionConditionOperator,stateMachine/Chart,[(SOC > SOCmin+SOCth) && (RealSpeed<SpeedEDmax)],"242",1,decision,0,0
10,NoCharge-NoCharge,117,TransitionConditionOperator,stateMachine/Chart,[(SOC > SOCmin+SOCth) && (RealSpeed<SpeedEDmax)],"242",1,decision,0,0
11,ED-ED,117,TransitionConditionOperator,stateMachine/Chart,[(SOC > SOCmin+SOCth) && (RealSpeed<SpeedEDmax)],"242",1,decision,0,0
12,ED-Regen,117,TransitionConditionOperator,stateMachine/Chart,[(SOC > SOCmin+SOCth) && (RealSpeed<SpeedEDmax)],"242",1,decision,0,0
13,ED-DEAD,117,TransitionConditionOperator,stateMachine/Chart,[(SOC > SOCmin+SOCth) && (RealSpeed<SpeedEDmax)],"242",1,decision,0,0
14,ED-NoCharge,117,TransitionConditionOperator,stateMachine/Chart,[(SOC > SOCmin+SOCth) && (RealSpeed<SpeedEDmax)],"242",1,decision,0,0
15,ED-Combined,117,TransitionConditionOperator,stateMachine/Chart,[(SOC > SOCmin+SOCth) && (RealSpeed<SpeedEDmax)],"242",1,decision,0,0
16,Combined-Combined,117,TransitionConditionOperator,stateMachine/Chart,[(SOC > SOCmin+SOCth) && (RealSpeed<SpeedEDmax)],"242",1,decision,0,0
17,Combined-Regen,117,TransitionConditionOperator,stateMachine/Chart,[(SOC > SOCmin+SOCth) && (RealSpeed<SpeedEDmax)],"242",1,decision,0,0
18,Combined-DEAD,117,TransitionConditionOperator,stateMachine/Chart,[(SOC > SOCmin+SOCth) && (RealSpeed<SpeedEDmax)],"242",1,decision,0,0
19,Combined-ED,117,TransitionConditionOperator,stateMachine/Chart,[(SOC > SOCmin+SOCth) && (RealSpeed<SpeedEDmax)],"242",1,decision,0,0
20,Combined-NoCharge,117,TransitionConditionOperator,stateMachine/Chart,[(SOC > SOCmin+SOCth) && (RealSpeed<SpeedEDmax)],"242",1,decision,0,0
21,Regen-Regen,117,TransitionConditionOperator,stateMachine/Chart,[(SOC > SOCmin+SOCth) && (RealSpeed<SpeedEDmax)],"242",1,decision,0,0
22,Regen-DEAD,117,TransitionConditionOperator,stateMachine/Chart,[(SOC > SOCmin+SOCth) && (RealSpeed<SpeedEDmax)],"242",1,decision,0,0
23,Regen-ED,117,TransitionConditionOperator,stateMachine/Chart,[(SOC > SOCmin+SOCth) && (RealSpeed<SpeedEDmax)],"242",1,decision,1,1
24,Regen-NoCharge,117,TransitionConditionOperator,stateMachine/Chart,[(SOC > SOCmin+SOCth) && (RealSpeed<SpeedEDmax)],"242",1,decision,1,1
25,Regen-Combined,117,TransitionConditionOperator,stateMachine/Chart,[(SOC > SOCmin+SOCth) && (RealSpeed<SpeedEDmax)],"242",1,decision,1,1
1,Dead-Dead,118,TransitionConditionOperator,stateMachine/Chart,[(SOC > SOCmin+SOCth) && (RealSpeed<SpeedEDmax)],"242",1,decision,0,0
2,Dead-Regen,118,TransitionConditionOperator,stateMachine/Chart,[(SOC > SOCmin+SOCth) && (RealSpeed<SpeedEDmax)],"242",1,decision,0,0
3,Dead-ED,118,TransitionConditionOperator,stateMachine/Chart,[(SOC > SOCmin+SOCth) && (RealSpeed<SpeedEDmax)],"242",1,decision,0,0
4,Dead-NoCharge,118,TransitionConditionOperator,stateMachine/Chart,[(SOC > SOCmin+SOCth) && (RealSpeed<SpeedEDmax)],"242",1,decision,0,0
5,Dead-Combined,118,TransitionConditionOperator,stateMachine/Chart,[(SOC > SOCmin+SOCth) && (RealSpeed<SpeedEDmax)],"242",1,decision,0,0
6,NoCharge-DEAD,118,TransitionConditionOperator,stateMachine/Chart,[(SOC > SOCmin+SOCth) && (RealSpeed<SpeedEDmax)],"242",1,decision,0,0
7,NoCharge-Regen,118,TransitionConditionOperator,stateMachine/Chart,[(SOC > SOCmin+SOCth) && (RealSpeed<SpeedEDmax)],"242",1,decision,0,0
8,NoCharge-ED,118,TransitionConditionOperator,stateMachine/Chart,[(SOC > SOCmin+SOCth) && (RealSpeed<SpeedEDmax)],"242",1,decision,0,0
9,NoCharge-Combined,118,TransitionConditionOperator,stateMachine/Chart,[(SOC > SOCmin+SOCth) && (RealSpeed<SpeedEDmax)],"242",1,decision,0,0
10,NoCharge-NoCharge,118,TransitionConditionOperator,stateMachine/Chart,[(SOC > SOCmin+SOCth) && (RealSpeed<SpeedEDmax)],"242",1,decision,0,0
11,ED-ED,118,TransitionConditionOperator,stateMachine/Chart,[(SOC > SOCmin+SOCth) && (RealSpeed<SpeedEDmax)],"242",1,decision,0,0
12,ED-Regen,118,TransitionConditionOperator,stateMachine/Chart,[(SOC > SOCmin+SOCth) && (RealSpeed<SpeedEDmax)],"242",1,decision,0,0
13,ED-DEAD,118,TransitionConditionOperator,stateMachine/Chart,[(SOC > SOCmin+SOCth) && (RealSpeed<SpeedEDmax)],"242",1,decision,0,0
14,ED-NoCharge,118,TransitionConditionOperator,stateMachine/Chart,[(SOC > SOCmin+SOCth) && (RealSpeed<SpeedEDmax)],"242",1,decision,0,0
15,ED-Combined,118,TransitionConditionOperator,stateMachine/Chart,[(SOC > SOCmin+SOCth) && (RealSpeed<SpeedEDmax)],"242",1,decision,0,0
16,Combined-Combined,118,TransitionConditionOperator,stateMachine/Chart,[(SOC > SOCmin+SOCth) && (RealSpeed<SpeedEDmax)],"242",1,decision,0,0
17,Combined-Regen,118,TransitionConditionOperator,stateMachine/Chart,[(SOC > SOCmin+SOCth) && (RealSpeed<SpeedEDmax)],"242",1,decision,0,0
18,Combined-DEAD,118,TransitionConditionOperator,stateMachine/Chart,[(SOC > SOCmin+SOCth) && (RealSpeed<SpeedEDmax)],"242",1,decision,0,0
19,Combined-ED,118,TransitionConditionOperator,stateMachine/Chart,[(SOC > SOCmin+SOCth) && (RealSpeed<SpeedEDmax)],"242",1,decision,0,0
20,Combined-NoCharge,118,TransitionConditionOperator,stateMachine/Chart,[(SOC > SOCmin+SOCth) && (RealSpeed<SpeedEDmax)],"242",1,decision,0,0
21,Regen-Regen,118,TransitionConditionOperator,stateMachine/Chart,[(SOC > SOCmin+SOCth) && (RealSpeed<SpeedEDmax)],"242",1,decision,0,0
22,Regen-DEAD,118,TransitionConditionOperator,stateMachine/Chart,[(SOC > SOCmin+SOCth) && (RealSpeed<SpeedEDmax)],"242",1,decision,0,0
23,Regen-ED,118,TransitionConditionOperator,stateMachine/Chart,[(SOC > SOCmin+SOCth) && (RealSpeed<SpeedEDmax)],"242",1,decision,1,1
24,Regen-NoCharge,118,TransitionConditionOperator,stateMachine/Chart,[(SOC > SOCmin+SOCth) && (RealSpeed<SpeedEDmax)],"242",1,decision,1,1
25,Regen-Combined,118,TransitionConditionOperator,stateMachine/Chart,[(SOC > SOCmin+SOCth) && (RealSpeed<SpeedEDmax)],"242",1,decision,1,1
1,Dead-Dead,119,TransitionConditionOperator,stateMachine/Chart,[(SOC > SOCmin+SOCth) && (RealSpeed<SpeedEDmax)],"242",1,decision,0,0
2,Dead-Regen,119,TransitionConditionOperator,stateMachine/Chart,[(SOC > SOCmin+SOCth) && (RealSpeed<SpeedEDmax)],"242",1,decision,0,0
3,Dead-ED,119,TransitionConditionOperator,stateMachine/Chart,[(SOC > SOCmin+SOCth) && (RealSpeed<SpeedEDmax)],"242",1,decision,0,0
4,Dead-NoCharge,119,TransitionConditionOperator,stateMachine/Chart,[(SOC > SOCmin+SOCth) && (RealSpeed<SpeedEDmax)],"242",1,decision,0,0
5,Dead-Combined,119,TransitionConditionOperator,stateMachine/Chart,[(SOC > SOCmin+SOCth) && (RealSpeed<SpeedEDmax)],"242",1,decision,0,0
6,NoCharge-DEAD,119,TransitionConditionOperator,stateMachine/Chart,[(SOC > SOCmin+SOCth) && (RealSpeed<SpeedEDmax)],"242",1,decision,0,0
7,NoCharge-Regen,119,TransitionConditionOperator,stateMachine/Chart,[(SOC > SOCmin+SOCth) && (RealSpeed<SpeedEDmax)],"242",1,decision,0,0
8,NoCharge-ED,119,TransitionConditionOperator,stateMachine/Chart,[(SOC > SOCmin+SOCth) && (RealSpeed<SpeedEDmax)],"242",1,decision,0,0
9,NoCharge-Combined,119,TransitionConditionOperator,stateMachine/Chart,[(SOC > SOCmin+SOCth) && (RealSpeed<SpeedEDmax)],"242",1,decision,0,0
10,NoCharge-NoCharge,119,TransitionConditionOperator,stateMachine/Chart,[(SOC > SOCmin+SOCth) && (RealSpeed<SpeedEDmax)],"242",1,decision,0,0
11,ED-ED,119,TransitionConditionOperator,stateMachine/Chart,[(SOC > SOCmin+SOCth) && (RealSpeed<SpeedEDmax)],"242",1,decision,0,0
12,ED-Regen,119,TransitionConditionOperator,stateMachine/Chart,[(SOC > SOCmin+SOCth) && (RealSpeed<SpeedEDmax)],"242",1,decision,0,0
13,ED-DEAD,119,TransitionConditionOperator,stateMachine/Chart,[(SOC > SOCmin+SOCth) && (RealSpeed<SpeedEDmax)],"242",1,decision,0,0
14,ED-NoCharge,119,TransitionConditionOperator,stateMachine/Chart,[(SOC > SOCmin+SOCth) && (RealSpeed<SpeedEDmax)],"242",1,decision,0,0
15,ED-Combined,119,TransitionConditionOperator,stateMachine/Chart,[(SOC > SOCmin+SOCth) && (RealSpeed<SpeedEDmax)],"242",1,decision,0,0
16,Combined-Combined,119,TransitionConditionOperator,stateMachine/Chart,[(SOC > SOCmin+SOCth) && (RealSpeed<SpeedEDmax)],"242",1,decision,0,0
17,Combined-Regen,119,TransitionConditionOperator,stateMachine/Chart,[(SOC > SOCmin+SOCth) && (RealSpeed<SpeedEDmax)],"242",1,decision,0,0
18,Combined-DEAD,119,TransitionConditionOperator,stateMachine/Chart,[(SOC > SOCmin+SOCth) && (RealSpeed<SpeedEDmax)],"242",1,decision,0,0
19,Combined-ED,119,TransitionConditionOperator,stateMachine/Chart,[(SOC > SOCmin+SOCth) && (RealSpeed<SpeedEDmax)],"242",1,decision,0,0
20,Combined-NoCharge,119,TransitionConditionOperator,stateMachine/Chart,[(SOC > SOCmin+SOCth) && (RealSpeed<SpeedEDmax)],"242",1,decision,0,0
21,Regen-Regen,119,TransitionConditionOperator,stateMachine/Chart,[(SOC > SOCmin+SOCth) && (RealSpeed<SpeedEDmax)],"242",1,decision,0,0
22,Regen-DEAD,119,TransitionConditionOperator,stateMachine/Chart,[(SOC > SOCmin+SOCth) && (RealSpeed<SpeedEDmax)],"242",1,decision,0,0
23,Regen-ED,119,TransitionConditionOperator,stateMachine/Chart,[(SOC > SOCmin+SOCth) && (RealSpeed<SpeedEDmax)],"242",1,decision,1,1
24,Regen-NoCharge,119,TransitionConditionOperator,stateMachine/Chart,[(SOC > SOCmin+SOCth) && (RealSpeed<SpeedEDmax)],"242",1,decision,1,1
25,Regen-Combined,119,TransitionConditionOperator,stateMachine/Chart,[(SOC > SOCmin+SOCth) && (RealSpeed<SpeedEDmax)],"242",1,decision,1,1
1,Dead-Dead,120,TransitionConditionOperator,stateMachine/Chart,[(SOC > SOCmin+SOCth) && (RealSpeed<SpeedEDmax)],"242",1,decision,0,0
2,Dead-Regen,120,TransitionConditionOperator,stateMachine/Chart,[(SOC > SOCmin+SOCth) && (RealSpeed<SpeedEDmax)],"242",1,decision,0,0
3,Dead-ED,120,TransitionConditionOperator,stateMachine/Chart,[(SOC > SOCmin+SOCth) && (RealSpeed<SpeedEDmax)],"242",1,decision,0,0
4,Dead-NoCharge,120,TransitionConditionOperator,stateMachine/Chart,[(SOC > SOCmin+SOCth) && (RealSpeed<SpeedEDmax)],"242",1,decision,0,0
5,Dead-Combined,120,TransitionConditionOperator,stateMachine/Chart,[(SOC > SOCmin+SOCth) && (RealSpeed<SpeedEDmax)],"242",1,decision,0,0
6,NoCharge-DEAD,120,TransitionConditionOperator,stateMachine/Chart,[(SOC > SOCmin+SOCth) && (RealSpeed<SpeedEDmax)],"242",1,decision,0,0
7,NoCharge-Regen,120,TransitionConditionOperator,stateMachine/Chart,[(SOC > SOCmin+SOCth) && (RealSpeed<SpeedEDmax)],"242",1,decision,0,0
8,NoCharge-ED,120,TransitionConditionOperator,stateMachine/Chart,[(SOC > SOCmin+SOCth) && (RealSpeed<SpeedEDmax)],"242",1,decision,0,0
9,NoCharge-Combined,120,TransitionConditionOperator,stateMachine/Chart,[(SOC > SOCmin+SOCth) && (RealSpeed<SpeedEDmax)],"242",1,decision,0,0
10,NoCharge-NoCharge,120,TransitionConditionOperator,stateMachine/Chart,[(SOC > SOCmin+SOCth) && (RealSpeed<SpeedEDmax)],"242",1,decision,0,0
11,ED-ED,120,TransitionConditionOperator,stateMachine/Chart,[(SOC > SOCmin+SOCth) && (RealSpeed<SpeedEDmax)],"242",1,decision,0,0
12,ED-Regen,120,TransitionConditionOperator,stateMachine/Chart,[(SOC > SOCmin+SOCth) && (RealSpeed<SpeedEDmax)],"242",1,decision,0,0
13,ED-DEAD,120,TransitionConditionOperator,stateMachine/Chart,[(SOC > SOCmin+SOCth) && (RealSpeed<SpeedEDmax)],"242",1,decision,0,0
14,ED-NoCharge,120,TransitionConditionOperator,stateMachine/Chart,[(SOC > SOCmin+SOCth) && (RealSpeed<SpeedEDmax)],"242",1,decision,0,0
15,ED-Combined,120,TransitionConditionOperator,stateMachine/Chart,[(SOC > SOCmin+SOCth) && (RealSpeed<SpeedEDmax)],"242",1,decision,0,0
16,Combined-Combined,120,TransitionConditionOperator,stateMachine/Chart,[(SOC > SOCmin+SOCth) && (RealSpeed<SpeedEDmax)],"242",1,decision,0,0
17,Combined-Regen,120,TransitionConditionOperator,stateMachine/Chart,[(SOC > SOCmin+SOCth) && (RealSpeed<SpeedEDmax)],"242",1,decision,0,0
18,Combined-DEAD,120,TransitionConditionOperator,stateMachine/Chart,[(SOC > SOCmin+SOCth) && (RealSpeed<SpeedEDmax)],"242",1,decision,0,0
19,Combined-ED,120,TransitionConditionOperator,stateMachine/Chart,[(SOC > SOCmin+SOCth) && (RealSpeed<SpeedEDmax)],"242",1,decision,0,0
20,Combined-NoCharge,120,TransitionConditionOperator,stateMachine/Chart,[(SOC > SOCmin+SOCth) && (RealSpeed<SpeedEDmax)],"242",1,decision,0,0
21,Regen-Regen,120,TransitionConditionOperator,stateMachine/Chart,[(SOC > SOCmin+SOCth) && (RealSpeed<SpeedEDmax)],"242",1,decision,0,0
22,Regen-DEAD,120,TransitionConditionOperator,stateMachine/Chart,[(SOC > SOCmin+SOCth) && (RealSpeed<SpeedEDmax)],"242",1,decision,0,0
23,Regen-ED,120,TransitionConditionOperator,stateMachine/Chart,[(SOC > SOCmin+SOCth) && (RealSpeed<SpeedEDmax)],"242",1,decision,1,1
24,Regen-NoCharge,120,TransitionConditionOperator,stateMachine/Chart,[(SOC > SOCmin+SOCth) && (RealSpeed<SpeedEDmax)],"242",1,decision,1,1
25,Regen-Combined,120,TransitionConditionOperator,stateMachine/Chart,[(SOC > SOCmin+SOCth) && (RealSpeed<SpeedEDmax)],"242",1,decision,1,1
1,Dead-Dead,121,TransitionConditionOperator,stateMachine/Chart,[(SOC > SOCmin+SOCth) && (RealSpeed<SpeedEDmax)],"242",1,decision,0,0
2,Dead-Regen,121,TransitionConditionOperator,stateMachine/Chart,[(SOC > SOCmin+SOCth) && (RealSpeed<SpeedEDmax)],"242",1,decision,0,0
3,Dead-ED,121,TransitionConditionOperator,stateMachine/Chart,[(SOC > SOCmin+SOCth) && (RealSpeed<SpeedEDmax)],"242",1,decision,0,0
4,Dead-NoCharge,121,TransitionConditionOperator,stateMachine/Chart,[(SOC > SOCmin+SOCth) && (RealSpeed<SpeedEDmax)],"242",1,decision,0,0
5,Dead-Combined,121,TransitionConditionOperator,stateMachine/Chart,[(SOC > SOCmin+SOCth) && (RealSpeed<SpeedEDmax)],"242",1,decision,0,0
6,NoCharge-DEAD,121,TransitionConditionOperator,stateMachine/Chart,[(SOC > SOCmin+SOCth) && (RealSpeed<SpeedEDmax)],"242",1,decision,0,0
7,NoCharge-Regen,121,TransitionConditionOperator,stateMachine/Chart,[(SOC > SOCmin+SOCth) && (RealSpeed<SpeedEDmax)],"242",1,decision,0,0
8,NoCharge-ED,121,TransitionConditionOperator,stateMachine/Chart,[(SOC > SOCmin+SOCth) && (RealSpeed<SpeedEDmax)],"242",1,decision,0,0
9,NoCharge-Combined,121,TransitionConditionOperator,stateMachine/Chart,[(SOC > SOCmin+SOCth) && (RealSpeed<SpeedEDmax)],"242",1,decision,0,0
10,NoCharge-NoCharge,121,TransitionConditionOperator,stateMachine/Chart,[(SOC > SOCmin+SOCth) && (RealSpeed<SpeedEDmax)],"242",1,decision,0,0
11,ED-ED,121,TransitionConditionOperator,stateMachine/Chart,[(SOC > SOCmin+SOCth) && (RealSpeed<SpeedEDmax)],"242",1,decision,0,0
12,ED-Regen,121,TransitionConditionOperator,stateMachine/Chart,[(SOC > SOCmin+SOCth) && (RealSpeed<SpeedEDmax)],"242",1,decision,0,0
13,ED-DEAD,121,TransitionConditionOperator,stateMachine/Chart,[(SOC > SOCmin+SOCth) && (RealSpeed<SpeedEDmax)],"242",1,decision,0,0
14,ED-NoCharge,121,TransitionConditionOperator,stateMachine/Chart,[(SOC > SOCmin+SOCth) && (RealSpeed<SpeedEDmax)],"242",1,decision,0,0
15,ED-Combined,121,TransitionConditionOperator,stateMachine/Chart,[(SOC > SOCmin+SOCth) && (RealSpeed<SpeedEDmax)],"242",1,decision,0,0
16,Combined-Combined,121,TransitionConditionOperator,stateMachine/Chart,[(SOC > SOCmin+SOCth) && (RealSpeed<SpeedEDmax)],"242",1,decision,0,0
17,Combined-Regen,121,TransitionConditionOperator,stateMachine/Chart,[(SOC > SOCmin+SOCth) && (RealSpeed<SpeedEDmax)],"242",1,decision,0,0
18,Combined-DEAD,121,TransitionConditionOperator,stateMachine/Chart,[(SOC > SOCmin+SOCth) && (RealSpeed<SpeedEDmax)],"242",1,decision,0,0
19,Combined-ED,121,TransitionConditionOperator,stateMachine/Chart,[(SOC > SOCmin+SOCth) && (RealSpeed<SpeedEDmax)],"242",1,decision,0,0
20,Combined-NoCharge,121,TransitionConditionOperator,stateMachine/Chart,[(SOC > SOCmin+SOCth) && (RealSpeed<SpeedEDmax)],"242",1,decision,0,0
21,Regen-Regen,121,TransitionConditionOperator,stateMachine/Chart,[(SOC > SOCmin+SOCth) && (RealSpeed<SpeedEDmax)],"242",1,decision,0,0
22,Regen-DEAD,121,TransitionConditionOperator,stateMachine/Chart,[(SOC > SOCmin+SOCth) && (RealSpeed<SpeedEDmax)],"242",1,decision,0,0
23,Regen-ED,121,TransitionConditionOperator,stateMachine/Chart,[(SOC > SOCmin+SOCth) && (RealSpeed<SpeedEDmax)],"242",1,decision,1,1
24,Regen-NoCharge,121,TransitionConditionOperator,stateMachine/Chart,[(SOC > SOCmin+SOCth) && (RealSpeed<SpeedEDmax)],"242",1,decision,1,1
25,Regen-Combined,121,TransitionConditionOperator,stateMachine/Chart,[(SOC > SOCmin+SOCth) && (RealSpeed<SpeedEDmax)],"242",1,decision,1,1
1,Dead-Dead,122,TransitionConditionOperator,stateMachine/Chart,[(SOC > SOCmin+SOCth) && (RealSpeed<SpeedEDmax)],"242",1,decision,0,0
2,Dead-Regen,122,TransitionConditionOperator,stateMachine/Chart,[(SOC > SOCmin+SOCth) && (RealSpeed<SpeedEDmax)],"242",1,decision,0,0
3,Dead-ED,122,TransitionConditionOperator,stateMachine/Chart,[(SOC > SOCmin+SOCth) && (RealSpeed<SpeedEDmax)],"242",1,decision,0,0
4,Dead-NoCharge,122,TransitionConditionOperator,stateMachine/Chart,[(SOC > SOCmin+SOCth) && (RealSpeed<SpeedEDmax)],"242",1,decision,0,0
5,Dead-Combined,122,TransitionConditionOperator,stateMachine/Chart,[(SOC > SOCmin+SOCth) && (RealSpeed<SpeedEDmax)],"242",1,decision,0,0
6,NoCharge-DEAD,122,TransitionConditionOperator,stateMachine/Chart,[(SOC > SOCmin+SOCth) && (RealSpeed<SpeedEDmax)],"242",1,decision,0,0
7,NoCharge-Regen,122,TransitionConditionOperator,stateMachine/Chart,[(SOC > SOCmin+SOCth) && (RealSpeed<SpeedEDmax)],"242",1,decision,0,0
8,NoCharge-ED,122,TransitionConditionOperator,stateMachine/Chart,[(SOC > SOCmin+SOCth) && (RealSpeed<SpeedEDmax)],"242",1,decision,0,0
9,NoCharge-Combined,122,TransitionConditionOperator,stateMachine/Chart,[(SOC > SOCmin+SOCth) && (RealSpeed<SpeedEDmax)],"242",1,decision,0,0
10,NoCharge-NoCharge,122,TransitionConditionOperator,stateMachine/Chart,[(SOC > SOCmin+SOCth) && (RealSpeed<SpeedEDmax)],"242",1,decision,0,0
11,ED-ED,122,TransitionConditionOperator,stateMachine/Chart,[(SOC > SOCmin+SOCth) && (RealSpeed<SpeedEDmax)],"242",1,decision,0,0
12,ED-Regen,122,TransitionConditionOperator,stateMachine/Chart,[(SOC > SOCmin+SOCth) && (RealSpeed<SpeedEDmax)],"242",1,decision,0,0
13,ED-DEAD,122,TransitionConditionOperator,stateMachine/Chart,[(SOC > SOCmin+SOCth) && (RealSpeed<SpeedEDmax)],"242",1,decision,0,0
14,ED-NoCharge,122,TransitionConditionOperator,stateMachine/Chart,[(SOC > SOCmin+SOCth) && (RealSpeed<SpeedEDmax)],"242",1,decision,0,0
15,ED-Combined,122,TransitionConditionOperator,stateMachine/Chart,[(SOC > SOCmin+SOCth) && (RealSpeed<SpeedEDmax)],"242",1,decision,0,0
16,Combined-Combined,122,TransitionConditionOperator,stateMachine/Chart,[(SOC > SOCmin+SOCth) && (RealSpeed<SpeedEDmax)],"242",1,decision,0,0
17,Combined-Regen,122,TransitionConditionOperator,stateMachine/Chart,[(SOC > SOCmin+SOCth) && (RealSpeed<SpeedEDmax)],"242",1,decision,0,0
18,Combined-DEAD,122,TransitionConditionOperator,stateMachine/Chart,[(SOC > SOCmin+SOCth) && (RealSpeed<SpeedEDmax)],"242",1,decision,0,0
19,Combined-ED,122,TransitionConditionOperator,stateMachine/Chart,[(SOC > SOCmin+SOCth) && (RealSpeed<SpeedEDmax)],"242",1,decision,0,0
20,Combined-NoCharge,122,TransitionConditionOperator,stateMachine/Chart,[(SOC > SOCmin+SOCth) && (RealSpeed<SpeedEDmax)],"242",1,decision,0,0
21,Regen-Regen,122,TransitionConditionOperator,stateMachine/Chart,[(SOC > SOCmin+SOCth) && (RealSpeed<SpeedEDmax)],"242",1,decision,0,0
22,Regen-DEAD,122,TransitionConditionOperator,stateMachine/Chart,[(SOC > SOCmin+SOCth) && (RealSpeed<SpeedEDmax)],"242",1,decision,0,0
23,Regen-ED,122,TransitionConditionOperator,stateMachine/Chart,[(SOC > SOCmin+SOCth) && (RealSpeed<SpeedEDmax)],"242",1,decision,1,1
24,Regen-NoCharge,122,TransitionConditionOperator,stateMachine/Chart,[(SOC > SOCmin+SOCth) && (RealSpeed<SpeedEDmax)],"242",1,decision,1,1
25,Regen-Combined,122,TransitionConditionOperator,stateMachine/Chart,[(SOC > SOCmin+SOCth) && (RealSpeed<SpeedEDmax)],"242",1,decision,1,1
1,Dead-Dead,123,TransitionConditionOperator,stateMachine/Chart,[(SOC > SOCmin+SOCth) && (RealSpeed<SpeedEDmax)],"242",1,decision,0,0
2,Dead-Regen,123,TransitionConditionOperator,stateMachine/Chart,[(SOC > SOCmin+SOCth) && (RealSpeed<SpeedEDmax)],"242",1,decision,0,0
3,Dead-ED,123,TransitionConditionOperator,stateMachine/Chart,[(SOC > SOCmin+SOCth) && (RealSpeed<SpeedEDmax)],"242",1,decision,0,0
4,Dead-NoCharge,123,TransitionConditionOperator,stateMachine/Chart,[(SOC > SOCmin+SOCth) && (RealSpeed<SpeedEDmax)],"242",1,decision,0,0
5,Dead-Combined,123,TransitionConditionOperator,stateMachine/Chart,[(SOC > SOCmin+SOCth) && (RealSpeed<SpeedEDmax)],"242",1,decision,0,0
6,NoCharge-DEAD,123,TransitionConditionOperator,stateMachine/Chart,[(SOC > SOCmin+SOCth) && (RealSpeed<SpeedEDmax)],"242",1,decision,0,0
7,NoCharge-Regen,123,TransitionConditionOperator,stateMachine/Chart,[(SOC > SOCmin+SOCth) && (RealSpeed<SpeedEDmax)],"242",1,decision,0,0
8,NoCharge-ED,123,TransitionConditionOperator,stateMachine/Chart,[(SOC > SOCmin+SOCth) && (RealSpeed<SpeedEDmax)],"242",1,decision,0,0
9,NoCharge-Combined,123,TransitionConditionOperator,stateMachine/Chart,[(SOC > SOCmin+SOCth) && (RealSpeed<SpeedEDmax)],"242",1,decision,0,0
10,NoCharge-NoCharge,123,TransitionConditionOperator,stateMachine/Chart,[(SOC > SOCmin+SOCth) && (RealSpeed<SpeedEDmax)],"242",1,decision,0,0
11,ED-ED,123,TransitionConditionOperator,stateMachine/Chart,[(SOC > SOCmin+SOCth) && (RealSpeed<SpeedEDmax)],"242",1,decision,0,0
12,ED-Regen,123,TransitionConditionOperator,stateMachine/Chart,[(SOC > SOCmin+SOCth) && (RealSpeed<SpeedEDmax)],"242",1,decision,0,0
13,ED-DEAD,123,TransitionConditionOperator,stateMachine/Chart,[(SOC > SOCmin+SOCth) && (RealSpeed<SpeedEDmax)],"242",1,decision,0,0
14,ED-NoCharge,123,TransitionConditionOperator,stateMachine/Chart,[(SOC > SOCmin+SOCth) && (RealSpeed<SpeedEDmax)],"242",1,decision,0,0
15,ED-Combined,123,TransitionConditionOperator,stateMachine/Chart,[(SOC > SOCmin+SOCth) && (RealSpeed<SpeedEDmax)],"242",1,decision,0,0
16,Combined-Combined,123,TransitionConditionOperator,stateMachine/Chart,[(SOC > SOCmin+SOCth) && (RealSpeed<SpeedEDmax)],"242",1,decision,0,0
17,Combined-Regen,123,TransitionConditionOperator,stateMachine/Chart,[(SOC > SOCmin+SOCth) && (RealSpeed<SpeedEDmax)],"242",1,decision,0,0
18,Combined-DEAD,123,TransitionConditionOperator,stateMachine/Chart,[(SOC > SOCmin+SOCth) && (RealSpeed<SpeedEDmax)],"242",1,decision,0,0
19,Combined-ED,123,TransitionConditionOperator,stateMachine/Chart,[(SOC > SOCmin+SOCth) && (RealSpeed<SpeedEDmax)],"242",1,decision,0,0
20,Combined-NoCharge,123,TransitionConditionOperator,stateMachine/Chart,[(SOC > SOCmin+SOCth) && (RealSpeed<SpeedEDmax)],"242",1,decision,0,0
21,Regen-Regen,123,TransitionConditionOperator,stateMachine/Chart,[(SOC > SOCmin+SOCth) && (RealSpeed<SpeedEDmax)],"242",1,decision,0,0
22,Regen-DEAD,123,TransitionConditionOperator,stateMachine/Chart,[(SOC > SOCmin+SOCth) && (RealSpeed<SpeedEDmax)],"242",1,decision,0,0
23,Regen-ED,123,TransitionConditionOperator,stateMachine/Chart,[(SOC > SOCmin+SOCth) && (RealSpeed<SpeedEDmax)],"242",1,decision,1,1
24,Regen-NoCharge,123,TransitionConditionOperator,stateMachine/Chart,[(SOC > SOCmin+SOCth) && (RealSpeed<SpeedEDmax)],"242",1,decision,1,1
25,Regen-Combined,123,TransitionConditionOperator,stateMachine/Chart,[(SOC > SOCmin+SOCth) && (RealSpeed<SpeedEDmax)],"242",1,decision,1,1
1,Dead-Dead,124,TransitionConditionOperator,stateMachine/Chart,[(SOC > SOCmin+SOCth) && (RealSpeed<SpeedEDmax)],"242",1,decision,0,0
2,Dead-Regen,124,TransitionConditionOperator,stateMachine/Chart,[(SOC > SOCmin+SOCth) && (RealSpeed<SpeedEDmax)],"242",1,decision,0,0
3,Dead-ED,124,TransitionConditionOperator,stateMachine/Chart,[(SOC > SOCmin+SOCth) && (RealSpeed<SpeedEDmax)],"242",1,decision,0,0
4,Dead-NoCharge,124,TransitionConditionOperator,stateMachine/Chart,[(SOC > SOCmin+SOCth) && (RealSpeed<SpeedEDmax)],"242",1,decision,0,0
5,Dead-Combined,124,TransitionConditionOperator,stateMachine/Chart,[(SOC > SOCmin+SOCth) && (RealSpeed<SpeedEDmax)],"242",1,decision,0,0
6,NoCharge-DEAD,124,TransitionConditionOperator,stateMachine/Chart,[(SOC > SOCmin+SOCth) && (RealSpeed<SpeedEDmax)],"242",1,decision,0,0
7,NoCharge-Regen,124,TransitionConditionOperator,stateMachine/Chart,[(SOC > SOCmin+SOCth) && (RealSpeed<SpeedEDmax)],"242",1,decision,0,0
8,NoCharge-ED,124,TransitionConditionOperator,stateMachine/Chart,[(SOC > SOCmin+SOCth) && (RealSpeed<SpeedEDmax)],"242",1,decision,0,0
9,NoCharge-Combined,124,TransitionConditionOperator,stateMachine/Chart,[(SOC > SOCmin+SOCth) && (RealSpeed<SpeedEDmax)],"242",1,decision,0,0
10,NoCharge-NoCharge,124,TransitionConditionOperator,stateMachine/Chart,[(SOC > SOCmin+SOCth) && (RealSpeed<SpeedEDmax)],"242",1,decision,0,0
11,ED-ED,124,TransitionConditionOperator,stateMachine/Chart,[(SOC > SOCmin+SOCth) && (RealSpeed<SpeedEDmax)],"242",1,decision,0,0
12,ED-Regen,124,TransitionConditionOperator,stateMachine/Chart,[(SOC > SOCmin+SOCth) && (RealSpeed<SpeedEDmax)],"242",1,decision,0,0
13,ED-DEAD,124,TransitionConditionOperator,stateMachine/Chart,[(SOC > SOCmin+SOCth) && (RealSpeed<SpeedEDmax)],"242",1,decision,0,0
14,ED-NoCharge,124,TransitionConditionOperator,stateMachine/Chart,[(SOC > SOCmin+SOCth) && (RealSpeed<SpeedEDmax)],"242",1,decision,0,0
15,ED-Combined,124,TransitionConditionOperator,stateMachine/Chart,[(SOC > SOCmin+SOCth) && (RealSpeed<SpeedEDmax)],"242",1,decision,0,0
16,Combined-Combined,124,TransitionConditionOperator,stateMachine/Chart,[(SOC > SOCmin+SOCth) && (RealSpeed<SpeedEDmax)],"242",1,decision,0,0
17,Combined-Regen,124,TransitionConditionOperator,stateMachine/Chart,[(SOC > SOCmin+SOCth) && (RealSpeed<SpeedEDmax)],"242",1,decision,0,0
18,Combined-DEAD,124,TransitionConditionOperator,stateMachine/Chart,[(SOC > SOCmin+SOCth) && (RealSpeed<SpeedEDmax)],"242",1,decision,0,0
19,Combined-ED,124,TransitionConditionOperator,stateMachine/Chart,[(SOC > SOCmin+SOCth) && (RealSpeed<SpeedEDmax)],"242",1,decision,0,0
20,Combined-NoCharge,124,TransitionConditionOperator,stateMachine/Chart,[(SOC > SOCmin+SOCth) && (RealSpeed<SpeedEDmax)],"242",1,decision,0,0
21,Regen-Regen,124,TransitionConditionOperator,stateMachine/Chart,[(SOC > SOCmin+SOCth) && (RealSpeed<SpeedEDmax)],"242",1,decision,0,0
22,Regen-DEAD,124,TransitionConditionOperator,stateMachine/Chart,[(SOC > SOCmin+SOCth) && (RealSpeed<SpeedEDmax)],"242",1,decision,0,0
23,Regen-ED,124,TransitionConditionOperator,stateMachine/Chart,[(SOC > SOCmin+SOCth) && (RealSpeed<SpeedEDmax)],"242",1,decision,1,1
24,Regen-NoCharge,124,TransitionConditionOperator,stateMachine/Chart,[(SOC > SOCmin+SOCth) && (RealSpeed<SpeedEDmax)],"242",1,decision,1,1
25,Regen-Combined,124,TransitionConditionOperator,stateMachine/Chart,[(SOC > SOCmin+SOCth) && (RealSpeed<SpeedEDmax)],"242",1,decision,1,1
1,Dead-Dead,125,TransitionConditionOperator,stateMachine/Chart,[(SOC > SOCmin+SOCth) && (RealSpeed>SpeedEDmax) && (Fuel>fuelMin+fuelHys)],"245",1,decision,0,0
2,Dead-Regen,125,TransitionConditionOperator,stateMachine/Chart,[(SOC > SOCmin+SOCth) && (RealSpeed>SpeedEDmax) && (Fuel>fuelMin+fuelHys)],"245",1,decision,0,0
3,Dead-ED,125,TransitionConditionOperator,stateMachine/Chart,[(SOC > SOCmin+SOCth) && (RealSpeed>SpeedEDmax) && (Fuel>fuelMin+fuelHys)],"245",1,decision,0,0
4,Dead-NoCharge,125,TransitionConditionOperator,stateMachine/Chart,[(SOC > SOCmin+SOCth) && (RealSpeed>SpeedEDmax) && (Fuel>fuelMin+fuelHys)],"245",1,decision,0,0
5,Dead-Combined,125,TransitionConditionOperator,stateMachine/Chart,[(SOC > SOCmin+SOCth) && (RealSpeed>SpeedEDmax) && (Fuel>fuelMin+fuelHys)],"245",1,decision,0,0
6,NoCharge-DEAD,125,TransitionConditionOperator,stateMachine/Chart,[(SOC > SOCmin+SOCth) && (RealSpeed>SpeedEDmax) && (Fuel>fuelMin+fuelHys)],"245",1,decision,0,0
7,NoCharge-Regen,125,TransitionConditionOperator,stateMachine/Chart,[(SOC > SOCmin+SOCth) && (RealSpeed>SpeedEDmax) && (Fuel>fuelMin+fuelHys)],"245",1,decision,0,0
8,NoCharge-ED,125,TransitionConditionOperator,stateMachine/Chart,[(SOC > SOCmin+SOCth) && (RealSpeed>SpeedEDmax) && (Fuel>fuelMin+fuelHys)],"245",1,decision,0,0
9,NoCharge-Combined,125,TransitionConditionOperator,stateMachine/Chart,[(SOC > SOCmin+SOCth) && (RealSpeed>SpeedEDmax) && (Fuel>fuelMin+fuelHys)],"245",1,decision,0,0
10,NoCharge-NoCharge,125,TransitionConditionOperator,stateMachine/Chart,[(SOC > SOCmin+SOCth) && (RealSpeed>SpeedEDmax) && (Fuel>fuelMin+fuelHys)],"245",1,decision,0,0
11,ED-ED,125,TransitionConditionOperator,stateMachine/Chart,[(SOC > SOCmin+SOCth) && (RealSpeed>SpeedEDmax) && (Fuel>fuelMin+fuelHys)],"245",1,decision,0,0
12,ED-Regen,125,TransitionConditionOperator,stateMachine/Chart,[(SOC > SOCmin+SOCth) && (RealSpeed>SpeedEDmax) && (Fuel>fuelMin+fuelHys)],"245",1,decision,0,0
13,ED-DEAD,125,TransitionConditionOperator,stateMachine/Chart,[(SOC > SOCmin+SOCth) && (RealSpeed>SpeedEDmax) && (Fuel>fuelMin+fuelHys)],"245",1,decision,0,0
14,ED-NoCharge,125,TransitionConditionOperator,stateMachine/Chart,[(SOC > SOCmin+SOCth) && (RealSpeed>SpeedEDmax) && (Fuel>fuelMin+fuelHys)],"245",1,decision,0,0
15,ED-Combined,125,TransitionConditionOperator,stateMachine/Chart,[(SOC > SOCmin+SOCth) && (RealSpeed>SpeedEDmax) && (Fuel>fuelMin+fuelHys)],"245",1,decision,0,0
16,Combined-Combined,125,TransitionConditionOperator,stateMachine/Chart,[(SOC > SOCmin+SOCth) && (RealSpeed>SpeedEDmax) && (Fuel>fuelMin+fuelHys)],"245",1,decision,0,0
17,Combined-Regen,125,TransitionConditionOperator,stateMachine/Chart,[(SOC > SOCmin+SOCth) && (RealSpeed>SpeedEDmax) && (Fuel>fuelMin+fuelHys)],"245",1,decision,0,0
18,Combined-DEAD,125,TransitionConditionOperator,stateMachine/Chart,[(SOC > SOCmin+SOCth) && (RealSpeed>SpeedEDmax) && (Fuel>fuelMin+fuelHys)],"245",1,decision,0,0
19,Combined-ED,125,TransitionConditionOperator,stateMachine/Chart,[(SOC > SOCmin+SOCth) && (RealSpeed>SpeedEDmax) && (Fuel>fuelMin+fuelHys)],"245",1,decision,0,0
20,Combined-NoCharge,125,TransitionConditionOperator,stateMachine/Chart,[(SOC > SOCmin+SOCth) && (RealSpeed>SpeedEDmax) && (Fuel>fuelMin+fuelHys)],"245",1,decision,0,0
21,Regen-Regen,125,TransitionConditionOperator,stateMachine/Chart,[(SOC > SOCmin+SOCth) && (RealSpeed>SpeedEDmax) && (Fuel>fuelMin+fuelHys)],"245",1,decision,0,0
22,Regen-DEAD,125,TransitionConditionOperator,stateMachine/Chart,[(SOC > SOCmin+SOCth) && (RealSpeed>SpeedEDmax) && (Fuel>fuelMin+fuelHys)],"245",1,decision,0,0
23,Regen-ED,125,TransitionConditionOperator,stateMachine/Chart,[(SOC > SOCmin+SOCth) && (RealSpeed>SpeedEDmax) && (Fuel>fuelMin+fuelHys)],"245",1,decision,0,0
24,Regen-NoCharge,125,TransitionConditionOperator,stateMachine/Chart,[(SOC > SOCmin+SOCth) && (RealSpeed>SpeedEDmax) && (Fuel>fuelMin+fuelHys)],"245",1,decision,0,0
25,Regen-Combined,125,TransitionConditionOperator,stateMachine/Chart,[(SOC > SOCmin+SOCth) && (RealSpeed>SpeedEDmax) && (Fuel>fuelMin+fuelHys)],"245",1,decision,1,1
1,Dead-Dead,126,TransitionConditionOperator,stateMachine/Chart,[(SOC > SOCmin+SOCth) && (RealSpeed>SpeedEDmax) && (Fuel>fuelMin+fuelHys)],"245",1,decision,0,0
2,Dead-Regen,126,TransitionConditionOperator,stateMachine/Chart,[(SOC > SOCmin+SOCth) && (RealSpeed>SpeedEDmax) && (Fuel>fuelMin+fuelHys)],"245",1,decision,0,0
3,Dead-ED,126,TransitionConditionOperator,stateMachine/Chart,[(SOC > SOCmin+SOCth) && (RealSpeed>SpeedEDmax) && (Fuel>fuelMin+fuelHys)],"245",1,decision,0,0
4,Dead-NoCharge,126,TransitionConditionOperator,stateMachine/Chart,[(SOC > SOCmin+SOCth) && (RealSpeed>SpeedEDmax) && (Fuel>fuelMin+fuelHys)],"245",1,decision,0,0
5,Dead-Combined,126,TransitionConditionOperator,stateMachine/Chart,[(SOC > SOCmin+SOCth) && (RealSpeed>SpeedEDmax) && (Fuel>fuelMin+fuelHys)],"245",1,decision,0,0
6,NoCharge-DEAD,126,TransitionConditionOperator,stateMachine/Chart,[(SOC > SOCmin+SOCth) && (RealSpeed>SpeedEDmax) && (Fuel>fuelMin+fuelHys)],"245",1,decision,0,0
7,NoCharge-Regen,126,TransitionConditionOperator,stateMachine/Chart,[(SOC > SOCmin+SOCth) && (RealSpeed>SpeedEDmax) && (Fuel>fuelMin+fuelHys)],"245",1,decision,0,0
8,NoCharge-ED,126,TransitionConditionOperator,stateMachine/Chart,[(SOC > SOCmin+SOCth) && (RealSpeed>SpeedEDmax) && (Fuel>fuelMin+fuelHys)],"245",1,decision,0,0
9,NoCharge-Combined,126,TransitionConditionOperator,stateMachine/Chart,[(SOC > SOCmin+SOCth) && (RealSpeed>SpeedEDmax) && (Fuel>fuelMin+fuelHys)],"245",1,decision,0,0
10,NoCharge-NoCharge,126,TransitionConditionOperator,stateMachine/Chart,[(SOC > SOCmin+SOCth) && (RealSpeed>SpeedEDmax) && (Fuel>fuelMin+fuelHys)],"245",1,decision,0,0
11,ED-ED,126,TransitionConditionOperator,stateMachine/Chart,[(SOC > SOCmin+SOCth) && (RealSpeed>SpeedEDmax) && (Fuel>fuelMin+fuelHys)],"245",1,decision,0,0
12,ED-Regen,126,TransitionConditionOperator,stateMachine/Chart,[(SOC > SOCmin+SOCth) && (RealSpeed>SpeedEDmax) && (Fuel>fuelMin+fuelHys)],"245",1,decision,0,0
13,ED-DEAD,126,TransitionConditionOperator,stateMachine/Chart,[(SOC > SOCmin+SOCth) && (RealSpeed>SpeedEDmax) && (Fuel>fuelMin+fuelHys)],"245",1,decision,0,0
14,ED-NoCharge,126,TransitionConditionOperator,stateMachine/Chart,[(SOC > SOCmin+SOCth) && (RealSpeed>SpeedEDmax) && (Fuel>fuelMin+fuelHys)],"245",1,decision,0,0
15,ED-Combined,126,TransitionConditionOperator,stateMachine/Chart,[(SOC > SOCmin+SOCth) && (RealSpeed>SpeedEDmax) && (Fuel>fuelMin+fuelHys)],"245",1,decision,0,0
16,Combined-Combined,126,TransitionConditionOperator,stateMachine/Chart,[(SOC > SOCmin+SOCth) && (RealSpeed>SpeedEDmax) && (Fuel>fuelMin+fuelHys)],"245",1,decision,0,0
17,Combined-Regen,126,TransitionConditionOperator,stateMachine/Chart,[(SOC > SOCmin+SOCth) && (RealSpeed>SpeedEDmax) && (Fuel>fuelMin+fuelHys)],"245",1,decision,0,0
18,Combined-DEAD,126,TransitionConditionOperator,stateMachine/Chart,[(SOC > SOCmin+SOCth) && (RealSpeed>SpeedEDmax) && (Fuel>fuelMin+fuelHys)],"245",1,decision,0,0
19,Combined-ED,126,TransitionConditionOperator,stateMachine/Chart,[(SOC > SOCmin+SOCth) && (RealSpeed>SpeedEDmax) && (Fuel>fuelMin+fuelHys)],"245",1,decision,0,0
20,Combined-NoCharge,126,TransitionConditionOperator,stateMachine/Chart,[(SOC > SOCmin+SOCth) && (RealSpeed>SpeedEDmax) && (Fuel>fuelMin+fuelHys)],"245",1,decision,0,0
21,Regen-Regen,126,TransitionConditionOperator,stateMachine/Chart,[(SOC > SOCmin+SOCth) && (RealSpeed>SpeedEDmax) && (Fuel>fuelMin+fuelHys)],"245",1,decision,0,0
22,Regen-DEAD,126,TransitionConditionOperator,stateMachine/Chart,[(SOC > SOCmin+SOCth) && (RealSpeed>SpeedEDmax) && (Fuel>fuelMin+fuelHys)],"245",1,decision,0,0
23,Regen-ED,126,TransitionConditionOperator,stateMachine/Chart,[(SOC > SOCmin+SOCth) && (RealSpeed>SpeedEDmax) && (Fuel>fuelMin+fuelHys)],"245",1,decision,0,0
24,Regen-NoCharge,126,TransitionConditionOperator,stateMachine/Chart,[(SOC > SOCmin+SOCth) && (RealSpeed>SpeedEDmax) && (Fuel>fuelMin+fuelHys)],"245",1,decision,0,0
25,Regen-Combined,126,TransitionConditionOperator,stateMachine/Chart,[(SOC > SOCmin+SOCth) && (RealSpeed>SpeedEDmax) && (Fuel>fuelMin+fuelHys)],"245",1,decision,1,1
1,Dead-Dead,127,TransitionConditionOperator,stateMachine/Chart,[(SOC > SOCmin+SOCth) && (RealSpeed>SpeedEDmax) && (Fuel>fuelMin+fuelHys)],"245",1,decision,0,0
2,Dead-Regen,127,TransitionConditionOperator,stateMachine/Chart,[(SOC > SOCmin+SOCth) && (RealSpeed>SpeedEDmax) && (Fuel>fuelMin+fuelHys)],"245",1,decision,0,0
3,Dead-ED,127,TransitionConditionOperator,stateMachine/Chart,[(SOC > SOCmin+SOCth) && (RealSpeed>SpeedEDmax) && (Fuel>fuelMin+fuelHys)],"245",1,decision,0,0
4,Dead-NoCharge,127,TransitionConditionOperator,stateMachine/Chart,[(SOC > SOCmin+SOCth) && (RealSpeed>SpeedEDmax) && (Fuel>fuelMin+fuelHys)],"245",1,decision,0,0
5,Dead-Combined,127,TransitionConditionOperator,stateMachine/Chart,[(SOC > SOCmin+SOCth) && (RealSpeed>SpeedEDmax) && (Fuel>fuelMin+fuelHys)],"245",1,decision,0,0
6,NoCharge-DEAD,127,TransitionConditionOperator,stateMachine/Chart,[(SOC > SOCmin+SOCth) && (RealSpeed>SpeedEDmax) && (Fuel>fuelMin+fuelHys)],"245",1,decision,0,0
7,NoCharge-Regen,127,TransitionConditionOperator,stateMachine/Chart,[(SOC > SOCmin+SOCth) && (RealSpeed>SpeedEDmax) && (Fuel>fuelMin+fuelHys)],"245",1,decision,0,0
8,NoCharge-ED,127,TransitionConditionOperator,stateMachine/Chart,[(SOC > SOCmin+SOCth) && (RealSpeed>SpeedEDmax) && (Fuel>fuelMin+fuelHys)],"245",1,decision,0,0
9,NoCharge-Combined,127,TransitionConditionOperator,stateMachine/Chart,[(SOC > SOCmin+SOCth) && (RealSpeed>SpeedEDmax) && (Fuel>fuelMin+fuelHys)],"245",1,decision,0,0
10,NoCharge-NoCharge,127,TransitionConditionOperator,stateMachine/Chart,[(SOC > SOCmin+SOCth) && (RealSpeed>SpeedEDmax) && (Fuel>fuelMin+fuelHys)],"245",1,decision,0,0
11,ED-ED,127,TransitionConditionOperator,stateMachine/Chart,[(SOC > SOCmin+SOCth) && (RealSpeed>SpeedEDmax) && (Fuel>fuelMin+fuelHys)],"245",1,decision,0,0
12,ED-Regen,127,TransitionConditionOperator,stateMachine/Chart,[(SOC > SOCmin+SOCth) && (RealSpeed>SpeedEDmax) && (Fuel>fuelMin+fuelHys)],"245",1,decision,0,0
13,ED-DEAD,127,TransitionConditionOperator,stateMachine/Chart,[(SOC > SOCmin+SOCth) && (RealSpeed>SpeedEDmax) && (Fuel>fuelMin+fuelHys)],"245",1,decision,0,0
14,ED-NoCharge,127,TransitionConditionOperator,stateMachine/Chart,[(SOC > SOCmin+SOCth) && (RealSpeed>SpeedEDmax) && (Fuel>fuelMin+fuelHys)],"245",1,decision,0,0
15,ED-Combined,127,TransitionConditionOperator,stateMachine/Chart,[(SOC > SOCmin+SOCth) && (RealSpeed>SpeedEDmax) && (Fuel>fuelMin+fuelHys)],"245",1,decision,0,0
16,Combined-Combined,127,TransitionConditionOperator,stateMachine/Chart,[(SOC > SOCmin+SOCth) && (RealSpeed>SpeedEDmax) && (Fuel>fuelMin+fuelHys)],"245",1,decision,0,0
17,Combined-Regen,127,TransitionConditionOperator,stateMachine/Chart,[(SOC > SOCmin+SOCth) && (RealSpeed>SpeedEDmax) && (Fuel>fuelMin+fuelHys)],"245",1,decision,0,0
18,Combined-DEAD,127,TransitionConditionOperator,stateMachine/Chart,[(SOC > SOCmin+SOCth) && (RealSpeed>SpeedEDmax) && (Fuel>fuelMin+fuelHys)],"245",1,decision,0,0
19,Combined-ED,127,TransitionConditionOperator,stateMachine/Chart,[(SOC > SOCmin+SOCth) && (RealSpeed>SpeedEDmax) && (Fuel>fuelMin+fuelHys)],"245",1,decision,0,0
20,Combined-NoCharge,127,TransitionConditionOperator,stateMachine/Chart,[(SOC > SOCmin+SOCth) && (RealSpeed>SpeedEDmax) && (Fuel>fuelMin+fuelHys)],"245",1,decision,0,0
21,Regen-Regen,127,TransitionConditionOperator,stateMachine/Chart,[(SOC > SOCmin+SOCth) && (RealSpeed>SpeedEDmax) && (Fuel>fuelMin+fuelHys)],"245",1,decision,0,0
22,Regen-DEAD,127,TransitionConditionOperator,stateMachine/Chart,[(SOC > SOCmin+SOCth) && (RealSpeed>SpeedEDmax) && (Fuel>fuelMin+fuelHys)],"245",1,decision,0,0
23,Regen-ED,127,TransitionConditionOperator,stateMachine/Chart,[(SOC > SOCmin+SOCth) && (RealSpeed>SpeedEDmax) && (Fuel>fuelMin+fuelHys)],"245",1,decision,0,0
24,Regen-NoCharge,127,TransitionConditionOperator,stateMachine/Chart,[(SOC > SOCmin+SOCth) && (RealSpeed>SpeedEDmax) && (Fuel>fuelMin+fuelHys)],"245",1,decision,0,0
25,Regen-Combined,127,TransitionConditionOperator,stateMachine/Chart,[(SOC > SOCmin+SOCth) && (RealSpeed>SpeedEDmax) && (Fuel>fuelMin+fuelHys)],"245",1,decision,1,1
1,Dead-Dead,128,TransitionConditionOperator,stateMachine/Chart,[(SOC > SOCmin+SOCth) && (RealSpeed>SpeedEDmax) && (Fuel>fuelMin+fuelHys)],"245",1,decision,0,0
2,Dead-Regen,128,TransitionConditionOperator,stateMachine/Chart,[(SOC > SOCmin+SOCth) && (RealSpeed>SpeedEDmax) && (Fuel>fuelMin+fuelHys)],"245",1,decision,0,0
3,Dead-ED,128,TransitionConditionOperator,stateMachine/Chart,[(SOC > SOCmin+SOCth) && (RealSpeed>SpeedEDmax) && (Fuel>fuelMin+fuelHys)],"245",1,decision,0,0
4,Dead-NoCharge,128,TransitionConditionOperator,stateMachine/Chart,[(SOC > SOCmin+SOCth) && (RealSpeed>SpeedEDmax) && (Fuel>fuelMin+fuelHys)],"245",1,decision,0,0
5,Dead-Combined,128,TransitionConditionOperator,stateMachine/Chart,[(SOC > SOCmin+SOCth) && (RealSpeed>SpeedEDmax) && (Fuel>fuelMin+fuelHys)],"245",1,decision,0,0
6,NoCharge-DEAD,128,TransitionConditionOperator,stateMachine/Chart,[(SOC > SOCmin+SOCth) && (RealSpeed>SpeedEDmax) && (Fuel>fuelMin+fuelHys)],"245",1,decision,0,0
7,NoCharge-Regen,128,TransitionConditionOperator,stateMachine/Chart,[(SOC > SOCmin+SOCth) && (RealSpeed>SpeedEDmax) && (Fuel>fuelMin+fuelHys)],"245",1,decision,0,0
8,NoCharge-ED,128,TransitionConditionOperator,stateMachine/Chart,[(SOC > SOCmin+SOCth) && (RealSpeed>SpeedEDmax) && (Fuel>fuelMin+fuelHys)],"245",1,decision,0,0
9,NoCharge-Combined,128,TransitionConditionOperator,stateMachine/Chart,[(SOC > SOCmin+SOCth) && (RealSpeed>SpeedEDmax) && (Fuel>fuelMin+fuelHys)],"245",1,decision,0,0
10,NoCharge-NoCharge,128,TransitionConditionOperator,stateMachine/Chart,[(SOC > SOCmin+SOCth) && (RealSpeed>SpeedEDmax) && (Fuel>fuelMin+fuelHys)],"245",1,decision,0,0
11,ED-ED,128,TransitionConditionOperator,stateMachine/Chart,[(SOC > SOCmin+SOCth) && (RealSpeed>SpeedEDmax) && (Fuel>fuelMin+fuelHys)],"245",1,decision,0,0
12,ED-Regen,128,TransitionConditionOperator,stateMachine/Chart,[(SOC > SOCmin+SOCth) && (RealSpeed>SpeedEDmax) && (Fuel>fuelMin+fuelHys)],"245",1,decision,0,0
13,ED-DEAD,128,TransitionConditionOperator,stateMachine/Chart,[(SOC > SOCmin+SOCth) && (RealSpeed>SpeedEDmax) && (Fuel>fuelMin+fuelHys)],"245",1,decision,0,0
14,ED-NoCharge,128,TransitionConditionOperator,stateMachine/Chart,[(SOC > SOCmin+SOCth) && (RealSpeed>SpeedEDmax) && (Fuel>fuelMin+fuelHys)],"245",1,decision,0,0
15,ED-Combined,128,TransitionConditionOperator,stateMachine/Chart,[(SOC > SOCmin+SOCth) && (RealSpeed>SpeedEDmax) && (Fuel>fuelMin+fuelHys)],"245",1,decision,0,0
16,Combined-Combined,128,TransitionConditionOperator,stateMachine/Chart,[(SOC > SOCmin+SOCth) && (RealSpeed>SpeedEDmax) && (Fuel>fuelMin+fuelHys)],"245",1,decision,0,0
17,Combined-Regen,128,TransitionConditionOperator,stateMachine/Chart,[(SOC > SOCmin+SOCth) && (RealSpeed>SpeedEDmax) && (Fuel>fuelMin+fuelHys)],"245",1,decision,0,0
18,Combined-DEAD,128,TransitionConditionOperator,stateMachine/Chart,[(SOC > SOCmin+SOCth) && (RealSpeed>SpeedEDmax) && (Fuel>fuelMin+fuelHys)],"245",1,decision,0,0
19,Combined-ED,128,TransitionConditionOperator,stateMachine/Chart,[(SOC > SOCmin+SOCth) && (RealSpeed>SpeedEDmax) && (Fuel>fuelMin+fuelHys)],"245",1,decision,0,0
20,Combined-NoCharge,128,TransitionConditionOperator,stateMachine/Chart,[(SOC > SOCmin+SOCth) && (RealSpeed>SpeedEDmax) && (Fuel>fuelMin+fuelHys)],"245",1,decision,0,0
21,Regen-Regen,128,TransitionConditionOperator,stateMachine/Chart,[(SOC > SOCmin+SOCth) && (RealSpeed>SpeedEDmax) && (Fuel>fuelMin+fuelHys)],"245",1,decision,0,0
22,Regen-DEAD,128,TransitionConditionOperator,stateMachine/Chart,[(SOC > SOCmin+SOCth) && (RealSpeed>SpeedEDmax) && (Fuel>fuelMin+fuelHys)],"245",1,decision,0,0
23,Regen-ED,128,TransitionConditionOperator,stateMachine/Chart,[(SOC > SOCmin+SOCth) && (RealSpeed>SpeedEDmax) && (Fuel>fuelMin+fuelHys)],"245",1,decision,0,0
24,Regen-NoCharge,128,TransitionConditionOperator,stateMachine/Chart,[(SOC > SOCmin+SOCth) && (RealSpeed>SpeedEDmax) && (Fuel>fuelMin+fuelHys)],"245",1,decision,0,0
25,Regen-Combined,128,TransitionConditionOperator,stateMachine/Chart,[(SOC > SOCmin+SOCth) && (RealSpeed>SpeedEDmax) && (Fuel>fuelMin+fuelHys)],"245",1,decision,1,1
1,Dead-Dead,129,TransitionConditionOperator,stateMachine/Chart,[(SOC > SOCmin+SOCth) && (RealSpeed>SpeedEDmax) && (Fuel>fuelMin+fuelHys)],"245",1,decision,0,0
2,Dead-Regen,129,TransitionConditionOperator,stateMachine/Chart,[(SOC > SOCmin+SOCth) && (RealSpeed>SpeedEDmax) && (Fuel>fuelMin+fuelHys)],"245",1,decision,0,0
3,Dead-ED,129,TransitionConditionOperator,stateMachine/Chart,[(SOC > SOCmin+SOCth) && (RealSpeed>SpeedEDmax) && (Fuel>fuelMin+fuelHys)],"245",1,decision,0,0
4,Dead-NoCharge,129,TransitionConditionOperator,stateMachine/Chart,[(SOC > SOCmin+SOCth) && (RealSpeed>SpeedEDmax) && (Fuel>fuelMin+fuelHys)],"245",1,decision,0,0
5,Dead-Combined,129,TransitionConditionOperator,stateMachine/Chart,[(SOC > SOCmin+SOCth) && (RealSpeed>SpeedEDmax) && (Fuel>fuelMin+fuelHys)],"245",1,decision,0,0
6,NoCharge-DEAD,129,TransitionConditionOperator,stateMachine/Chart,[(SOC > SOCmin+SOCth) && (RealSpeed>SpeedEDmax) && (Fuel>fuelMin+fuelHys)],"245",1,decision,0,0
7,NoCharge-Regen,129,TransitionConditionOperator,stateMachine/Chart,[(SOC > SOCmin+SOCth) && (RealSpeed>SpeedEDmax) && (Fuel>fuelMin+fuelHys)],"245",1,decision,0,0
8,NoCharge-ED,129,TransitionConditionOperator,stateMachine/Chart,[(SOC > SOCmin+SOCth) && (RealSpeed>SpeedEDmax) && (Fuel>fuelMin+fuelHys)],"245",1,decision,0,0
9,NoCharge-Combined,129,TransitionConditionOperator,stateMachine/Chart,[(SOC > SOCmin+SOCth) && (RealSpeed>SpeedEDmax) && (Fuel>fuelMin+fuelHys)],"245",1,decision,0,0
10,NoCharge-NoCharge,129,TransitionConditionOperator,stateMachine/Chart,[(SOC > SOCmin+SOCth) && (RealSpeed>SpeedEDmax) && (Fuel>fuelMin+fuelHys)],"245",1,decision,0,0
11,ED-ED,129,TransitionConditionOperator,stateMachine/Chart,[(SOC > SOCmin+SOCth) && (RealSpeed>SpeedEDmax) && (Fuel>fuelMin+fuelHys)],"245",1,decision,0,0
12,ED-Regen,129,TransitionConditionOperator,stateMachine/Chart,[(SOC > SOCmin+SOCth) && (RealSpeed>SpeedEDmax) && (Fuel>fuelMin+fuelHys)],"245",1,decision,0,0
13,ED-DEAD,129,TransitionConditionOperator,stateMachine/Chart,[(SOC > SOCmin+SOCth) && (RealSpeed>SpeedEDmax) && (Fuel>fuelMin+fuelHys)],"245",1,decision,0,0
14,ED-NoCharge,129,TransitionConditionOperator,stateMachine/Chart,[(SOC > SOCmin+SOCth) && (RealSpeed>SpeedEDmax) && (Fuel>fuelMin+fuelHys)],"245",1,decision,0,0
15,ED-Combined,129,TransitionConditionOperator,stateMachine/Chart,[(SOC > SOCmin+SOCth) && (RealSpeed>SpeedEDmax) && (Fuel>fuelMin+fuelHys)],"245",1,decision,0,0
16,Combined-Combined,129,TransitionConditionOperator,stateMachine/Chart,[(SOC > SOCmin+SOCth) && (RealSpeed>SpeedEDmax) && (Fuel>fuelMin+fuelHys)],"245",1,decision,0,0
17,Combined-Regen,129,TransitionConditionOperator,stateMachine/Chart,[(SOC > SOCmin+SOCth) && (RealSpeed>SpeedEDmax) && (Fuel>fuelMin+fuelHys)],"245",1,decision,0,0
18,Combined-DEAD,129,TransitionConditionOperator,stateMachine/Chart,[(SOC > SOCmin+SOCth) && (RealSpeed>SpeedEDmax) && (Fuel>fuelMin+fuelHys)],"245",1,decision,0,0
19,Combined-ED,129,TransitionConditionOperator,stateMachine/Chart,[(SOC > SOCmin+SOCth) && (RealSpeed>SpeedEDmax) && (Fuel>fuelMin+fuelHys)],"245",1,decision,0,0
20,Combined-NoCharge,129,TransitionConditionOperator,stateMachine/Chart,[(SOC > SOCmin+SOCth) && (RealSpeed>SpeedEDmax) && (Fuel>fuelMin+fuelHys)],"245",1,decision,0,0
21,Regen-Regen,129,TransitionConditionOperator,stateMachine/Chart,[(SOC > SOCmin+SOCth) && (RealSpeed>SpeedEDmax) && (Fuel>fuelMin+fuelHys)],"245",1,decision,0,0
22,Regen-DEAD,129,TransitionConditionOperator,stateMachine/Chart,[(SOC > SOCmin+SOCth) && (RealSpeed>SpeedEDmax) && (Fuel>fuelMin+fuelHys)],"245",1,decision,0,0
23,Regen-ED,129,TransitionConditionOperator,stateMachine/Chart,[(SOC > SOCmin+SOCth) && (RealSpeed>SpeedEDmax) && (Fuel>fuelMin+fuelHys)],"245",1,decision,0,0
24,Regen-NoCharge,129,TransitionConditionOperator,stateMachine/Chart,[(SOC > SOCmin+SOCth) && (RealSpeed>SpeedEDmax) && (Fuel>fuelMin+fuelHys)],"245",1,decision,0,0
25,Regen-Combined,129,TransitionConditionOperator,stateMachine/Chart,[(SOC > SOCmin+SOCth) && (RealSpeed>SpeedEDmax) && (Fuel>fuelMin+fuelHys)],"245",1,decision,1,1
1,Dead-Dead,130,TransitionLogicalOperator,stateMachine/Chart,[(SOC < SOCmin+SOCth) && (Fuel<fuelMin+fuelHys) ],"225",1,decision,0,0
2,Dead-Regen,130,TransitionLogicalOperator,stateMachine/Chart,[(SOC < SOCmin+SOCth) && (Fuel<fuelMin+fuelHys) ],"225",1,decision,0,0
3,Dead-ED,130,TransitionLogicalOperator,stateMachine/Chart,[(SOC < SOCmin+SOCth) && (Fuel<fuelMin+fuelHys) ],"225",1,decision,0,0
4,Dead-NoCharge,130,TransitionLogicalOperator,stateMachine/Chart,[(SOC < SOCmin+SOCth) && (Fuel<fuelMin+fuelHys) ],"225",1,decision,0,0
5,Dead-Combined,130,TransitionLogicalOperator,stateMachine/Chart,[(SOC < SOCmin+SOCth) && (Fuel<fuelMin+fuelHys) ],"225",1,decision,0,0
6,NoCharge-DEAD,130,TransitionLogicalOperator,stateMachine/Chart,[(SOC < SOCmin+SOCth) && (Fuel<fuelMin+fuelHys) ],"225",1,decision,0,0
7,NoCharge-Regen,130,TransitionLogicalOperator,stateMachine/Chart,[(SOC < SOCmin+SOCth) && (Fuel<fuelMin+fuelHys) ],"225",1,decision,0,0
8,NoCharge-ED,130,TransitionLogicalOperator,stateMachine/Chart,[(SOC < SOCmin+SOCth) && (Fuel<fuelMin+fuelHys) ],"225",1,decision,0,0
9,NoCharge-Combined,130,TransitionLogicalOperator,stateMachine/Chart,[(SOC < SOCmin+SOCth) && (Fuel<fuelMin+fuelHys) ],"225",1,decision,0,0
10,NoCharge-NoCharge,130,TransitionLogicalOperator,stateMachine/Chart,[(SOC < SOCmin+SOCth) && (Fuel<fuelMin+fuelHys) ],"225",1,decision,0,0
11,ED-ED,130,TransitionLogicalOperator,stateMachine/Chart,[(SOC < SOCmin+SOCth) && (Fuel<fuelMin+fuelHys) ],"225",1,decision,0,0
12,ED-Regen,130,TransitionLogicalOperator,stateMachine/Chart,[(SOC < SOCmin+SOCth) && (Fuel<fuelMin+fuelHys) ],"225",1,decision,0,0
13,ED-DEAD,130,TransitionLogicalOperator,stateMachine/Chart,[(SOC < SOCmin+SOCth) && (Fuel<fuelMin+fuelHys) ],"225",1,decision,0,0
14,ED-NoCharge,130,TransitionLogicalOperator,stateMachine/Chart,[(SOC < SOCmin+SOCth) && (Fuel<fuelMin+fuelHys) ],"225",1,decision,0,0
15,ED-Combined,130,TransitionLogicalOperator,stateMachine/Chart,[(SOC < SOCmin+SOCth) && (Fuel<fuelMin+fuelHys) ],"225",1,decision,0,0
16,Combined-Combined,130,TransitionLogicalOperator,stateMachine/Chart,[(SOC < SOCmin+SOCth) && (Fuel<fuelMin+fuelHys) ],"225",1,decision,0,0
17,Combined-Regen,130,TransitionLogicalOperator,stateMachine/Chart,[(SOC < SOCmin+SOCth) && (Fuel<fuelMin+fuelHys) ],"225",1,decision,0,0
18,Combined-DEAD,130,TransitionLogicalOperator,stateMachine/Chart,[(SOC < SOCmin+SOCth) && (Fuel<fuelMin+fuelHys) ],"225",1,decision,0,0
19,Combined-ED,130,TransitionLogicalOperator,stateMachine/Chart,[(SOC < SOCmin+SOCth) && (Fuel<fuelMin+fuelHys) ],"225",1,decision,0,0
20,Combined-NoCharge,130,TransitionLogicalOperator,stateMachine/Chart,[(SOC < SOCmin+SOCth) && (Fuel<fuelMin+fuelHys) ],"225",1,decision,0,0
21,Regen-Regen,130,TransitionLogicalOperator,stateMachine/Chart,[(SOC < SOCmin+SOCth) && (Fuel<fuelMin+fuelHys) ],"225",1,decision,0,0
22,Regen-DEAD,130,TransitionLogicalOperator,stateMachine/Chart,[(SOC < SOCmin+SOCth) && (Fuel<fuelMin+fuelHys) ],"225",1,decision,1,1
23,Regen-ED,130,TransitionLogicalOperator,stateMachine/Chart,[(SOC < SOCmin+SOCth) && (Fuel<fuelMin+fuelHys) ],"225",1,decision,1,1
24,Regen-NoCharge,130,TransitionLogicalOperator,stateMachine/Chart,[(SOC < SOCmin+SOCth) && (Fuel<fuelMin+fuelHys) ],"225",1,decision,1,1
25,Regen-Combined,130,TransitionLogicalOperator,stateMachine/Chart,[(SOC < SOCmin+SOCth) && (Fuel<fuelMin+fuelHys) ],"225",1,decision,1,1
1,Dead-Dead,131,TransitionLogicalOperator,stateMachine/Chart,[(Fuel<fuelMin+fuelHys) && (SOC <=SOCmin+SOCth)],"230,232",2,decision,0,NaN
2,Dead-Regen,131,TransitionLogicalOperator,stateMachine/Chart,[(Fuel<fuelMin+fuelHys) && (SOC <=SOCmin+SOCth)],"230,232",2,decision,0,NaN
3,Dead-ED,131,TransitionLogicalOperator,stateMachine/Chart,[(Fuel<fuelMin+fuelHys) && (SOC <=SOCmin+SOCth)],"230,232",2,decision,0,NaN
4,Dead-NoCharge,131,TransitionLogicalOperator,stateMachine/Chart,[(Fuel<fuelMin+fuelHys) && (SOC <=SOCmin+SOCth)],"230,232",2,decision,1,NaN
5,Dead-Combined,131,TransitionLogicalOperator,stateMachine/Chart,[(Fuel<fuelMin+fuelHys) && (SOC <=SOCmin+SOCth)],"230,232",2,decision,1,NaN
6,NoCharge-DEAD,131,TransitionLogicalOperator,stateMachine/Chart,[(Fuel<fuelMin+fuelHys) && (SOC <=SOCmin+SOCth)],"230,232",2,decision,1,NaN
7,NoCharge-Regen,131,TransitionLogicalOperator,stateMachine/Chart,[(Fuel<fuelMin+fuelHys) && (SOC <=SOCmin+SOCth)],"230,232",2,decision,1,NaN
8,NoCharge-ED,131,TransitionLogicalOperator,stateMachine/Chart,[(Fuel<fuelMin+fuelHys) && (SOC <=SOCmin+SOCth)],"230,232",2,decision,1,NaN
9,NoCharge-Combined,131,TransitionLogicalOperator,stateMachine/Chart,[(Fuel<fuelMin+fuelHys) && (SOC <=SOCmin+SOCth)],"230,232",2,decision,1,NaN
10,NoCharge-NoCharge,131,TransitionLogicalOperator,stateMachine/Chart,[(Fuel<fuelMin+fuelHys) && (SOC <=SOCmin+SOCth)],"230,232",2,decision,1,NaN
11,ED-ED,131,TransitionLogicalOperator,stateMachine/Chart,[(Fuel<fuelMin+fuelHys) && (SOC <=SOCmin+SOCth)],"230,232",2,decision,0,NaN
12,ED-Regen,131,TransitionLogicalOperator,stateMachine/Chart,[(Fuel<fuelMin+fuelHys) && (SOC <=SOCmin+SOCth)],"230,232",2,decision,0,NaN
13,ED-DEAD,131,TransitionLogicalOperator,stateMachine/Chart,[(Fuel<fuelMin+fuelHys) && (SOC <=SOCmin+SOCth)],"230,232",2,decision,0,NaN
14,ED-NoCharge,131,TransitionLogicalOperator,stateMachine/Chart,[(Fuel<fuelMin+fuelHys) && (SOC <=SOCmin+SOCth)],"230,232",2,decision,1,NaN
15,ED-Combined,131,TransitionLogicalOperator,stateMachine/Chart,[(Fuel<fuelMin+fuelHys) && (SOC <=SOCmin+SOCth)],"230,232",2,decision,1,NaN
16,Combined-Combined,131,TransitionLogicalOperator,stateMachine/Chart,[(Fuel<fuelMin+fuelHys) && (SOC <=SOCmin+SOCth)],"230,232",2,decision,1,NaN
17,Combined-Regen,131,TransitionLogicalOperator,stateMachine/Chart,[(Fuel<fuelMin+fuelHys) && (SOC <=SOCmin+SOCth)],"230,232",2,decision,1,NaN
18,Combined-DEAD,131,TransitionLogicalOperator,stateMachine/Chart,[(Fuel<fuelMin+fuelHys) && (SOC <=SOCmin+SOCth)],"230,232",2,decision,1,NaN
19,Combined-ED,131,TransitionLogicalOperator,stateMachine/Chart,[(Fuel<fuelMin+fuelHys) && (SOC <=SOCmin+SOCth)],"230,232",2,decision,1,NaN
20,Combined-NoCharge,131,TransitionLogicalOperator,stateMachine/Chart,[(Fuel<fuelMin+fuelHys) && (SOC <=SOCmin+SOCth)],"230,232",2,decision,1,NaN
21,Regen-Regen,131,TransitionLogicalOperator,stateMachine/Chart,[(Fuel<fuelMin+fuelHys) && (SOC <=SOCmin+SOCth)],"230,232",2,decision,0,NaN
22,Regen-DEAD,131,TransitionLogicalOperator,stateMachine/Chart,[(Fuel<fuelMin+fuelHys) && (SOC <=SOCmin+SOCth)],"230,232",2,decision,0,NaN
23,Regen-ED,131,TransitionLogicalOperator,stateMachine/Chart,[(Fuel<fuelMin+fuelHys) && (SOC <=SOCmin+SOCth)],"230,232",2,decision,0,NaN
24,Regen-NoCharge,131,TransitionLogicalOperator,stateMachine/Chart,[(Fuel<fuelMin+fuelHys) && (SOC <=SOCmin+SOCth)],"230,232",2,decision,1,NaN
25,Regen-Combined,131,TransitionLogicalOperator,stateMachine/Chart,[(Fuel<fuelMin+fuelHys) && (SOC <=SOCmin+SOCth)],"230,232",2,decision,1,NaN
1,Dead-Dead,132,TransitionLogicalOperator,stateMachine/Chart,[(SOC<SOCmin+SOCth) && (Fuel<fuelMin+fuelHys) ],"231",1,decision,0,0
2,Dead-Regen,132,TransitionLogicalOperator,stateMachine/Chart,[(SOC<SOCmin+SOCth) && (Fuel<fuelMin+fuelHys) ],"231",1,decision,0,0
3,Dead-ED,132,TransitionLogicalOperator,stateMachine/Chart,[(SOC<SOCmin+SOCth) && (Fuel<fuelMin+fuelHys) ],"231",1,decision,1,1
4,Dead-NoCharge,132,TransitionLogicalOperator,stateMachine/Chart,[(SOC<SOCmin+SOCth) && (Fuel<fuelMin+fuelHys) ],"231",1,decision,0,0
5,Dead-Combined,132,TransitionLogicalOperator,stateMachine/Chart,[(SOC<SOCmin+SOCth) && (Fuel<fuelMin+fuelHys) ],"231",1,decision,0,0
6,NoCharge-DEAD,132,TransitionLogicalOperator,stateMachine/Chart,[(SOC<SOCmin+SOCth) && (Fuel<fuelMin+fuelHys) ],"231",1,decision,0,0
7,NoCharge-Regen,132,TransitionLogicalOperator,stateMachine/Chart,[(SOC<SOCmin+SOCth) && (Fuel<fuelMin+fuelHys) ],"231",1,decision,0,0
8,NoCharge-ED,132,TransitionLogicalOperator,stateMachine/Chart,[(SOC<SOCmin+SOCth) && (Fuel<fuelMin+fuelHys) ],"231",1,decision,1,1
9,NoCharge-Combined,132,TransitionLogicalOperator,stateMachine/Chart,[(SOC<SOCmin+SOCth) && (Fuel<fuelMin+fuelHys) ],"231",1,decision,0,0
10,NoCharge-NoCharge,132,TransitionLogicalOperator,stateMachine/Chart,[(SOC<SOCmin+SOCth) && (Fuel<fuelMin+fuelHys) ],"231",1,decision,0,0
11,ED-ED,132,TransitionLogicalOperator,stateMachine/Chart,[(SOC<SOCmin+SOCth) && (Fuel<fuelMin+fuelHys) ],"231",1,decision,1,1
12,ED-Regen,132,TransitionLogicalOperator,stateMachine/Chart,[(SOC<SOCmin+SOCth) && (Fuel<fuelMin+fuelHys) ],"231",1,decision,1,1
13,ED-DEAD,132,TransitionLogicalOperator,stateMachine/Chart,[(SOC<SOCmin+SOCth) && (Fuel<fuelMin+fuelHys) ],"231",1,decision,1,1
14,ED-NoCharge,132,TransitionLogicalOperator,stateMachine/Chart,[(SOC<SOCmin+SOCth) && (Fuel<fuelMin+fuelHys) ],"231",1,decision,1,1
15,ED-Combined,132,TransitionLogicalOperator,stateMachine/Chart,[(SOC<SOCmin+SOCth) && (Fuel<fuelMin+fuelHys) ],"231",1,decision,1,1
16,Combined-Combined,132,TransitionLogicalOperator,stateMachine/Chart,[(SOC<SOCmin+SOCth) && (Fuel<fuelMin+fuelHys) ],"231",1,decision,0,0
17,Combined-Regen,132,TransitionLogicalOperator,stateMachine/Chart,[(SOC<SOCmin+SOCth) && (Fuel<fuelMin+fuelHys) ],"231",1,decision,0,0
18,Combined-DEAD,132,TransitionLogicalOperator,stateMachine/Chart,[(SOC<SOCmin+SOCth) && (Fuel<fuelMin+fuelHys) ],"231",1,decision,0,0
19,Combined-ED,132,TransitionLogicalOperator,stateMachine/Chart,[(SOC<SOCmin+SOCth) && (Fuel<fuelMin+fuelHys) ],"231",1,decision,1,1
20,Combined-NoCharge,132,TransitionLogicalOperator,stateMachine/Chart,[(SOC<SOCmin+SOCth) && (Fuel<fuelMin+fuelHys) ],"231",1,decision,0,0
21,Regen-Regen,132,TransitionLogicalOperator,stateMachine/Chart,[(SOC<SOCmin+SOCth) && (Fuel<fuelMin+fuelHys) ],"231",1,decision,0,0
22,Regen-DEAD,132,TransitionLogicalOperator,stateMachine/Chart,[(SOC<SOCmin+SOCth) && (Fuel<fuelMin+fuelHys) ],"231",1,decision,0,0
23,Regen-ED,132,TransitionLogicalOperator,stateMachine/Chart,[(SOC<SOCmin+SOCth) && (Fuel<fuelMin+fuelHys) ],"231",1,decision,1,1
24,Regen-NoCharge,132,TransitionLogicalOperator,stateMachine/Chart,[(SOC<SOCmin+SOCth) && (Fuel<fuelMin+fuelHys) ],"231",1,decision,0,0
25,Regen-Combined,132,TransitionLogicalOperator,stateMachine/Chart,[(SOC<SOCmin+SOCth) && (Fuel<fuelMin+fuelHys) ],"231",1,decision,0,0
1,Dead-Dead,133,TransitionLogicalOperator,stateMachine/Chart,[(Fuel<fuelMin+fuelHys) && (SOC <=SOCmin+SOCth)],"230,232",2,decision,0,NaN
2,Dead-Regen,133,TransitionLogicalOperator,stateMachine/Chart,[(Fuel<fuelMin+fuelHys) && (SOC <=SOCmin+SOCth)],"230,232",2,decision,0,NaN
3,Dead-ED,133,TransitionLogicalOperator,stateMachine/Chart,[(Fuel<fuelMin+fuelHys) && (SOC <=SOCmin+SOCth)],"230,232",2,decision,0,NaN
4,Dead-NoCharge,133,TransitionLogicalOperator,stateMachine/Chart,[(Fuel<fuelMin+fuelHys) && (SOC <=SOCmin+SOCth)],"230,232",2,decision,1,NaN
5,Dead-Combined,133,TransitionLogicalOperator,stateMachine/Chart,[(Fuel<fuelMin+fuelHys) && (SOC <=SOCmin+SOCth)],"230,232",2,decision,1,NaN
6,NoCharge-DEAD,133,TransitionLogicalOperator,stateMachine/Chart,[(Fuel<fuelMin+fuelHys) && (SOC <=SOCmin+SOCth)],"230,232",2,decision,1,NaN
7,NoCharge-Regen,133,TransitionLogicalOperator,stateMachine/Chart,[(Fuel<fuelMin+fuelHys) && (SOC <=SOCmin+SOCth)],"230,232",2,decision,1,NaN
8,NoCharge-ED,133,TransitionLogicalOperator,stateMachine/Chart,[(Fuel<fuelMin+fuelHys) && (SOC <=SOCmin+SOCth)],"230,232",2,decision,1,NaN
9,NoCharge-Combined,133,TransitionLogicalOperator,stateMachine/Chart,[(Fuel<fuelMin+fuelHys) && (SOC <=SOCmin+SOCth)],"230,232",2,decision,1,NaN
10,NoCharge-NoCharge,133,TransitionLogicalOperator,stateMachine/Chart,[(Fuel<fuelMin+fuelHys) && (SOC <=SOCmin+SOCth)],"230,232",2,decision,1,NaN
11,ED-ED,133,TransitionLogicalOperator,stateMachine/Chart,[(Fuel<fuelMin+fuelHys) && (SOC <=SOCmin+SOCth)],"230,232",2,decision,0,NaN
12,ED-Regen,133,TransitionLogicalOperator,stateMachine/Chart,[(Fuel<fuelMin+fuelHys) && (SOC <=SOCmin+SOCth)],"230,232",2,decision,0,NaN
13,ED-DEAD,133,TransitionLogicalOperator,stateMachine/Chart,[(Fuel<fuelMin+fuelHys) && (SOC <=SOCmin+SOCth)],"230,232",2,decision,0,NaN
14,ED-NoCharge,133,TransitionLogicalOperator,stateMachine/Chart,[(Fuel<fuelMin+fuelHys) && (SOC <=SOCmin+SOCth)],"230,232",2,decision,1,NaN
15,ED-Combined,133,TransitionLogicalOperator,stateMachine/Chart,[(Fuel<fuelMin+fuelHys) && (SOC <=SOCmin+SOCth)],"230,232",2,decision,1,NaN
16,Combined-Combined,133,TransitionLogicalOperator,stateMachine/Chart,[(Fuel<fuelMin+fuelHys) && (SOC <=SOCmin+SOCth)],"230,232",2,decision,1,NaN
17,Combined-Regen,133,TransitionLogicalOperator,stateMachine/Chart,[(Fuel<fuelMin+fuelHys) && (SOC <=SOCmin+SOCth)],"230,232",2,decision,1,NaN
18,Combined-DEAD,133,TransitionLogicalOperator,stateMachine/Chart,[(Fuel<fuelMin+fuelHys) && (SOC <=SOCmin+SOCth)],"230,232",2,decision,1,NaN
19,Combined-ED,133,TransitionLogicalOperator,stateMachine/Chart,[(Fuel<fuelMin+fuelHys) && (SOC <=SOCmin+SOCth)],"230,232",2,decision,1,NaN
20,Combined-NoCharge,133,TransitionLogicalOperator,stateMachine/Chart,[(Fuel<fuelMin+fuelHys) && (SOC <=SOCmin+SOCth)],"230,232",2,decision,1,NaN
21,Regen-Regen,133,TransitionLogicalOperator,stateMachine/Chart,[(Fuel<fuelMin+fuelHys) && (SOC <=SOCmin+SOCth)],"230,232",2,decision,0,NaN
22,Regen-DEAD,133,TransitionLogicalOperator,stateMachine/Chart,[(Fuel<fuelMin+fuelHys) && (SOC <=SOCmin+SOCth)],"230,232",2,decision,0,NaN
23,Regen-ED,133,TransitionLogicalOperator,stateMachine/Chart,[(Fuel<fuelMin+fuelHys) && (SOC <=SOCmin+SOCth)],"230,232",2,decision,0,NaN
24,Regen-NoCharge,133,TransitionLogicalOperator,stateMachine/Chart,[(Fuel<fuelMin+fuelHys) && (SOC <=SOCmin+SOCth)],"230,232",2,decision,1,NaN
25,Regen-Combined,133,TransitionLogicalOperator,stateMachine/Chart,[(Fuel<fuelMin+fuelHys) && (SOC <=SOCmin+SOCth)],"230,232",2,decision,1,NaN
1,Dead-Dead,134,TransitionLogicalOperator,stateMachine/Chart,[(SOC > SOCmin+SOCth) && (Acc>maxAccICE || Acc>maxAccMGU) && (Fuel>fuelMin+fuelHys)],"233",1,decision,1,1
2,Dead-Regen,134,TransitionLogicalOperator,stateMachine/Chart,[(SOC > SOCmin+SOCth) && (Acc>maxAccICE || Acc>maxAccMGU) && (Fuel>fuelMin+fuelHys)],"233",1,decision,1,1
3,Dead-ED,134,TransitionLogicalOperator,stateMachine/Chart,[(SOC > SOCmin+SOCth) && (Acc>maxAccICE || Acc>maxAccMGU) && (Fuel>fuelMin+fuelHys)],"233",1,decision,1,1
4,Dead-NoCharge,134,TransitionLogicalOperator,stateMachine/Chart,[(SOC > SOCmin+SOCth) && (Acc>maxAccICE || Acc>maxAccMGU) && (Fuel>fuelMin+fuelHys)],"233",1,decision,1,1
5,Dead-Combined,134,TransitionLogicalOperator,stateMachine/Chart,[(SOC > SOCmin+SOCth) && (Acc>maxAccICE || Acc>maxAccMGU) && (Fuel>fuelMin+fuelHys)],"233",1,decision,1,1
6,NoCharge-DEAD,134,TransitionLogicalOperator,stateMachine/Chart,[(SOC > SOCmin+SOCth) && (Acc>maxAccICE || Acc>maxAccMGU) && (Fuel>fuelMin+fuelHys)],"233",1,decision,1,1
7,NoCharge-Regen,134,TransitionLogicalOperator,stateMachine/Chart,[(SOC > SOCmin+SOCth) && (Acc>maxAccICE || Acc>maxAccMGU) && (Fuel>fuelMin+fuelHys)],"233",1,decision,1,1
8,NoCharge-ED,134,TransitionLogicalOperator,stateMachine/Chart,[(SOC > SOCmin+SOCth) && (Acc>maxAccICE || Acc>maxAccMGU) && (Fuel>fuelMin+fuelHys)],"233",1,decision,1,1
9,NoCharge-Combined,134,TransitionLogicalOperator,stateMachine/Chart,[(SOC > SOCmin+SOCth) && (Acc>maxAccICE || Acc>maxAccMGU) && (Fuel>fuelMin+fuelHys)],"233",1,decision,1,1
10,NoCharge-NoCharge,134,TransitionLogicalOperator,stateMachine/Chart,[(SOC > SOCmin+SOCth) && (Acc>maxAccICE || Acc>maxAccMGU) && (Fuel>fuelMin+fuelHys)],"233",1,decision,1,1
11,ED-ED,134,TransitionLogicalOperator,stateMachine/Chart,[(SOC > SOCmin+SOCth) && (Acc>maxAccICE || Acc>maxAccMGU) && (Fuel>fuelMin+fuelHys)],"233",1,decision,1,1
12,ED-Regen,134,TransitionLogicalOperator,stateMachine/Chart,[(SOC > SOCmin+SOCth) && (Acc>maxAccICE || Acc>maxAccMGU) && (Fuel>fuelMin+fuelHys)],"233",1,decision,1,1
13,ED-DEAD,134,TransitionLogicalOperator,stateMachine/Chart,[(SOC > SOCmin+SOCth) && (Acc>maxAccICE || Acc>maxAccMGU) && (Fuel>fuelMin+fuelHys)],"233",1,decision,1,1
14,ED-NoCharge,134,TransitionLogicalOperator,stateMachine/Chart,[(SOC > SOCmin+SOCth) && (Acc>maxAccICE || Acc>maxAccMGU) && (Fuel>fuelMin+fuelHys)],"233",1,decision,1,1
15,ED-Combined,134,TransitionLogicalOperator,stateMachine/Chart,[(SOC > SOCmin+SOCth) && (Acc>maxAccICE || Acc>maxAccMGU) && (Fuel>fuelMin+fuelHys)],"233",1,decision,1,1
16,Combined-Combined,134,TransitionLogicalOperator,stateMachine/Chart,[(SOC > SOCmin+SOCth) && (Acc>maxAccICE || Acc>maxAccMGU) && (Fuel>fuelMin+fuelHys)],"233",1,decision,1,1
17,Combined-Regen,134,TransitionLogicalOperator,stateMachine/Chart,[(SOC > SOCmin+SOCth) && (Acc>maxAccICE || Acc>maxAccMGU) && (Fuel>fuelMin+fuelHys)],"233",1,decision,1,1
18,Combined-DEAD,134,TransitionLogicalOperator,stateMachine/Chart,[(SOC > SOCmin+SOCth) && (Acc>maxAccICE || Acc>maxAccMGU) && (Fuel>fuelMin+fuelHys)],"233",1,decision,1,1
19,Combined-ED,134,TransitionLogicalOperator,stateMachine/Chart,[(SOC > SOCmin+SOCth) && (Acc>maxAccICE || Acc>maxAccMGU) && (Fuel>fuelMin+fuelHys)],"233",1,decision,1,1
20,Combined-NoCharge,134,TransitionLogicalOperator,stateMachine/Chart,[(SOC > SOCmin+SOCth) && (Acc>maxAccICE || Acc>maxAccMGU) && (Fuel>fuelMin+fuelHys)],"233",1,decision,1,1
21,Regen-Regen,134,TransitionLogicalOperator,stateMachine/Chart,[(SOC > SOCmin+SOCth) && (Acc>maxAccICE || Acc>maxAccMGU) && (Fuel>fuelMin+fuelHys)],"233",1,decision,0,0
22,Regen-DEAD,134,TransitionLogicalOperator,stateMachine/Chart,[(SOC > SOCmin+SOCth) && (Acc>maxAccICE || Acc>maxAccMGU) && (Fuel>fuelMin+fuelHys)],"233",1,decision,1,1
23,Regen-ED,134,TransitionLogicalOperator,stateMachine/Chart,[(SOC > SOCmin+SOCth) && (Acc>maxAccICE || Acc>maxAccMGU) && (Fuel>fuelMin+fuelHys)],"233",1,decision,0,0
24,Regen-NoCharge,134,TransitionLogicalOperator,stateMachine/Chart,[(SOC > SOCmin+SOCth) && (Acc>maxAccICE || Acc>maxAccMGU) && (Fuel>fuelMin+fuelHys)],"233",1,decision,0,0
25,Regen-Combined,134,TransitionLogicalOperator,stateMachine/Chart,[(SOC > SOCmin+SOCth) && (Acc>maxAccICE || Acc>maxAccMGU) && (Fuel>fuelMin+fuelHys)],"233",1,decision,0,0
1,Dead-Dead,135,TransitionLogicalOperator,stateMachine/Chart,[(SOC > SOCmin+SOCth) && (Acc>maxAccICE || Acc>maxAccMGU) && (Fuel>fuelMin+fuelHys)],"233",1,decision,1,1
2,Dead-Regen,135,TransitionLogicalOperator,stateMachine/Chart,[(SOC > SOCmin+SOCth) && (Acc>maxAccICE || Acc>maxAccMGU) && (Fuel>fuelMin+fuelHys)],"233",1,decision,1,1
3,Dead-ED,135,TransitionLogicalOperator,stateMachine/Chart,[(SOC > SOCmin+SOCth) && (Acc>maxAccICE || Acc>maxAccMGU) && (Fuel>fuelMin+fuelHys)],"233",1,decision,1,1
4,Dead-NoCharge,135,TransitionLogicalOperator,stateMachine/Chart,[(SOC > SOCmin+SOCth) && (Acc>maxAccICE || Acc>maxAccMGU) && (Fuel>fuelMin+fuelHys)],"233",1,decision,1,1
5,Dead-Combined,135,TransitionLogicalOperator,stateMachine/Chart,[(SOC > SOCmin+SOCth) && (Acc>maxAccICE || Acc>maxAccMGU) && (Fuel>fuelMin+fuelHys)],"233",1,decision,1,1
6,NoCharge-DEAD,135,TransitionLogicalOperator,stateMachine/Chart,[(SOC > SOCmin+SOCth) && (Acc>maxAccICE || Acc>maxAccMGU) && (Fuel>fuelMin+fuelHys)],"233",1,decision,1,1
7,NoCharge-Regen,135,TransitionLogicalOperator,stateMachine/Chart,[(SOC > SOCmin+SOCth) && (Acc>maxAccICE || Acc>maxAccMGU) && (Fuel>fuelMin+fuelHys)],"233",1,decision,1,1
8,NoCharge-ED,135,TransitionLogicalOperator,stateMachine/Chart,[(SOC > SOCmin+SOCth) && (Acc>maxAccICE || Acc>maxAccMGU) && (Fuel>fuelMin+fuelHys)],"233",1,decision,1,1
9,NoCharge-Combined,135,TransitionLogicalOperator,stateMachine/Chart,[(SOC > SOCmin+SOCth) && (Acc>maxAccICE || Acc>maxAccMGU) && (Fuel>fuelMin+fuelHys)],"233",1,decision,1,1
10,NoCharge-NoCharge,135,TransitionLogicalOperator,stateMachine/Chart,[(SOC > SOCmin+SOCth) && (Acc>maxAccICE || Acc>maxAccMGU) && (Fuel>fuelMin+fuelHys)],"233",1,decision,1,1
11,ED-ED,135,TransitionLogicalOperator,stateMachine/Chart,[(SOC > SOCmin+SOCth) && (Acc>maxAccICE || Acc>maxAccMGU) && (Fuel>fuelMin+fuelHys)],"233",1,decision,1,1
12,ED-Regen,135,TransitionLogicalOperator,stateMachine/Chart,[(SOC > SOCmin+SOCth) && (Acc>maxAccICE || Acc>maxAccMGU) && (Fuel>fuelMin+fuelHys)],"233",1,decision,1,1
13,ED-DEAD,135,TransitionLogicalOperator,stateMachine/Chart,[(SOC > SOCmin+SOCth) && (Acc>maxAccICE || Acc>maxAccMGU) && (Fuel>fuelMin+fuelHys)],"233",1,decision,1,1
14,ED-NoCharge,135,TransitionLogicalOperator,stateMachine/Chart,[(SOC > SOCmin+SOCth) && (Acc>maxAccICE || Acc>maxAccMGU) && (Fuel>fuelMin+fuelHys)],"233",1,decision,1,1
15,ED-Combined,135,TransitionLogicalOperator,stateMachine/Chart,[(SOC > SOCmin+SOCth) && (Acc>maxAccICE || Acc>maxAccMGU) && (Fuel>fuelMin+fuelHys)],"233",1,decision,1,1
16,Combined-Combined,135,TransitionLogicalOperator,stateMachine/Chart,[(SOC > SOCmin+SOCth) && (Acc>maxAccICE || Acc>maxAccMGU) && (Fuel>fuelMin+fuelHys)],"233",1,decision,1,1
17,Combined-Regen,135,TransitionLogicalOperator,stateMachine/Chart,[(SOC > SOCmin+SOCth) && (Acc>maxAccICE || Acc>maxAccMGU) && (Fuel>fuelMin+fuelHys)],"233",1,decision,1,1
18,Combined-DEAD,135,TransitionLogicalOperator,stateMachine/Chart,[(SOC > SOCmin+SOCth) && (Acc>maxAccICE || Acc>maxAccMGU) && (Fuel>fuelMin+fuelHys)],"233",1,decision,1,1
19,Combined-ED,135,TransitionLogicalOperator,stateMachine/Chart,[(SOC > SOCmin+SOCth) && (Acc>maxAccICE || Acc>maxAccMGU) && (Fuel>fuelMin+fuelHys)],"233",1,decision,1,1
20,Combined-NoCharge,135,TransitionLogicalOperator,stateMachine/Chart,[(SOC > SOCmin+SOCth) && (Acc>maxAccICE || Acc>maxAccMGU) && (Fuel>fuelMin+fuelHys)],"233",1,decision,1,1
21,Regen-Regen,135,TransitionLogicalOperator,stateMachine/Chart,[(SOC > SOCmin+SOCth) && (Acc>maxAccICE || Acc>maxAccMGU) && (Fuel>fuelMin+fuelHys)],"233",1,decision,0,0
22,Regen-DEAD,135,TransitionLogicalOperator,stateMachine/Chart,[(SOC > SOCmin+SOCth) && (Acc>maxAccICE || Acc>maxAccMGU) && (Fuel>fuelMin+fuelHys)],"233",1,decision,1,1
23,Regen-ED,135,TransitionLogicalOperator,stateMachine/Chart,[(SOC > SOCmin+SOCth) && (Acc>maxAccICE || Acc>maxAccMGU) && (Fuel>fuelMin+fuelHys)],"233",1,decision,0,0
24,Regen-NoCharge,135,TransitionLogicalOperator,stateMachine/Chart,[(SOC > SOCmin+SOCth) && (Acc>maxAccICE || Acc>maxAccMGU) && (Fuel>fuelMin+fuelHys)],"233",1,decision,0,0
25,Regen-Combined,135,TransitionLogicalOperator,stateMachine/Chart,[(SOC > SOCmin+SOCth) && (Acc>maxAccICE || Acc>maxAccMGU) && (Fuel>fuelMin+fuelHys)],"233",1,decision,0,0
1,Dead-Dead,136,TransitionLogicalOperator,stateMachine/Chart,[(Fuel>fuelMin+fuelHys) && (SOC <=SOCmin+SOCth)],"234",1,decision,0,0
2,Dead-Regen,136,TransitionLogicalOperator,stateMachine/Chart,[(Fuel>fuelMin+fuelHys) && (SOC <=SOCmin+SOCth)],"234",1,decision,0,0
3,Dead-ED,136,TransitionLogicalOperator,stateMachine/Chart,[(Fuel>fuelMin+fuelHys) && (SOC <=SOCmin+SOCth)],"234",1,decision,1,1
4,Dead-NoCharge,136,TransitionLogicalOperator,stateMachine/Chart,[(Fuel>fuelMin+fuelHys) && (SOC <=SOCmin+SOCth)],"234",1,decision,0,0
5,Dead-Combined,136,TransitionLogicalOperator,stateMachine/Chart,[(Fuel>fuelMin+fuelHys) && (SOC <=SOCmin+SOCth)],"234",1,decision,0,0
6,NoCharge-DEAD,136,TransitionLogicalOperator,stateMachine/Chart,[(Fuel>fuelMin+fuelHys) && (SOC <=SOCmin+SOCth)],"234",1,decision,0,0
7,NoCharge-Regen,136,TransitionLogicalOperator,stateMachine/Chart,[(Fuel>fuelMin+fuelHys) && (SOC <=SOCmin+SOCth)],"234",1,decision,0,0
8,NoCharge-ED,136,TransitionLogicalOperator,stateMachine/Chart,[(Fuel>fuelMin+fuelHys) && (SOC <=SOCmin+SOCth)],"234",1,decision,1,1
9,NoCharge-Combined,136,TransitionLogicalOperator,stateMachine/Chart,[(Fuel>fuelMin+fuelHys) && (SOC <=SOCmin+SOCth)],"234",1,decision,0,0
10,NoCharge-NoCharge,136,TransitionLogicalOperator,stateMachine/Chart,[(Fuel>fuelMin+fuelHys) && (SOC <=SOCmin+SOCth)],"234",1,decision,0,0
11,ED-ED,136,TransitionLogicalOperator,stateMachine/Chart,[(Fuel>fuelMin+fuelHys) && (SOC <=SOCmin+SOCth)],"234",1,decision,1,1
12,ED-Regen,136,TransitionLogicalOperator,stateMachine/Chart,[(Fuel>fuelMin+fuelHys) && (SOC <=SOCmin+SOCth)],"234",1,decision,1,1
13,ED-DEAD,136,TransitionLogicalOperator,stateMachine/Chart,[(Fuel>fuelMin+fuelHys) && (SOC <=SOCmin+SOCth)],"234",1,decision,1,1
14,ED-NoCharge,136,TransitionLogicalOperator,stateMachine/Chart,[(Fuel>fuelMin+fuelHys) && (SOC <=SOCmin+SOCth)],"234",1,decision,1,1
15,ED-Combined,136,TransitionLogicalOperator,stateMachine/Chart,[(Fuel>fuelMin+fuelHys) && (SOC <=SOCmin+SOCth)],"234",1,decision,1,1
16,Combined-Combined,136,TransitionLogicalOperator,stateMachine/Chart,[(Fuel>fuelMin+fuelHys) && (SOC <=SOCmin+SOCth)],"234",1,decision,0,0
17,Combined-Regen,136,TransitionLogicalOperator,stateMachine/Chart,[(Fuel>fuelMin+fuelHys) && (SOC <=SOCmin+SOCth)],"234",1,decision,0,0
18,Combined-DEAD,136,TransitionLogicalOperator,stateMachine/Chart,[(Fuel>fuelMin+fuelHys) && (SOC <=SOCmin+SOCth)],"234",1,decision,0,0
19,Combined-ED,136,TransitionLogicalOperator,stateMachine/Chart,[(Fuel>fuelMin+fuelHys) && (SOC <=SOCmin+SOCth)],"234",1,decision,1,1
20,Combined-NoCharge,136,TransitionLogicalOperator,stateMachine/Chart,[(Fuel>fuelMin+fuelHys) && (SOC <=SOCmin+SOCth)],"234",1,decision,0,0
21,Regen-Regen,136,TransitionLogicalOperator,stateMachine/Chart,[(Fuel>fuelMin+fuelHys) && (SOC <=SOCmin+SOCth)],"234",1,decision,0,0
22,Regen-DEAD,136,TransitionLogicalOperator,stateMachine/Chart,[(Fuel>fuelMin+fuelHys) && (SOC <=SOCmin+SOCth)],"234",1,decision,0,0
23,Regen-ED,136,TransitionLogicalOperator,stateMachine/Chart,[(Fuel>fuelMin+fuelHys) && (SOC <=SOCmin+SOCth)],"234",1,decision,1,1
24,Regen-NoCharge,136,TransitionLogicalOperator,stateMachine/Chart,[(Fuel>fuelMin+fuelHys) && (SOC <=SOCmin+SOCth)],"234",1,decision,0,0
25,Regen-Combined,136,TransitionLogicalOperator,stateMachine/Chart,[(Fuel>fuelMin+fuelHys) && (SOC <=SOCmin+SOCth)],"234",1,decision,0,0
1,Dead-Dead,137,TransitionLogicalOperator,stateMachine/Chart,[ (Fuel>fuelMin+fuelHys)&& (SOC < SOCmin+SOCth)],"235",1,decision,0,0
2,Dead-Regen,137,TransitionLogicalOperator,stateMachine/Chart,[ (Fuel>fuelMin+fuelHys)&& (SOC < SOCmin+SOCth)],"235",1,decision,0,0
3,Dead-ED,137,TransitionLogicalOperator,stateMachine/Chart,[ (Fuel>fuelMin+fuelHys)&& (SOC < SOCmin+SOCth)],"235",1,decision,0,0
4,Dead-NoCharge,137,TransitionLogicalOperator,stateMachine/Chart,[ (Fuel>fuelMin+fuelHys)&& (SOC < SOCmin+SOCth)],"235",1,decision,0,0
5,Dead-Combined,137,TransitionLogicalOperator,stateMachine/Chart,[ (Fuel>fuelMin+fuelHys)&& (SOC < SOCmin+SOCth)],"235",1,decision,0,0
6,NoCharge-DEAD,137,TransitionLogicalOperator,stateMachine/Chart,[ (Fuel>fuelMin+fuelHys)&& (SOC < SOCmin+SOCth)],"235",1,decision,0,0
7,NoCharge-Regen,137,TransitionLogicalOperator,stateMachine/Chart,[ (Fuel>fuelMin+fuelHys)&& (SOC < SOCmin+SOCth)],"235",1,decision,0,0
8,NoCharge-ED,137,TransitionLogicalOperator,stateMachine/Chart,[ (Fuel>fuelMin+fuelHys)&& (SOC < SOCmin+SOCth)],"235",1,decision,0,0
9,NoCharge-Combined,137,TransitionLogicalOperator,stateMachine/Chart,[ (Fuel>fuelMin+fuelHys)&& (SOC < SOCmin+SOCth)],"235",1,decision,0,0
10,NoCharge-NoCharge,137,TransitionLogicalOperator,stateMachine/Chart,[ (Fuel>fuelMin+fuelHys)&& (SOC < SOCmin+SOCth)],"235",1,decision,0,0
11,ED-ED,137,TransitionLogicalOperator,stateMachine/Chart,[ (Fuel>fuelMin+fuelHys)&& (SOC < SOCmin+SOCth)],"235",1,decision,0,0
12,ED-Regen,137,TransitionLogicalOperator,stateMachine/Chart,[ (Fuel>fuelMin+fuelHys)&& (SOC < SOCmin+SOCth)],"235",1,decision,0,0
13,ED-DEAD,137,TransitionLogicalOperator,stateMachine/Chart,[ (Fuel>fuelMin+fuelHys)&& (SOC < SOCmin+SOCth)],"235",1,decision,0,0
14,ED-NoCharge,137,TransitionLogicalOperator,stateMachine/Chart,[ (Fuel>fuelMin+fuelHys)&& (SOC < SOCmin+SOCth)],"235",1,decision,0,0
15,ED-Combined,137,TransitionLogicalOperator,stateMachine/Chart,[ (Fuel>fuelMin+fuelHys)&& (SOC < SOCmin+SOCth)],"235",1,decision,0,0
16,Combined-Combined,137,TransitionLogicalOperator,stateMachine/Chart,[ (Fuel>fuelMin+fuelHys)&& (SOC < SOCmin+SOCth)],"235",1,decision,0,0
17,Combined-Regen,137,TransitionLogicalOperator,stateMachine/Chart,[ (Fuel>fuelMin+fuelHys)&& (SOC < SOCmin+SOCth)],"235",1,decision,0,0
18,Combined-DEAD,137,TransitionLogicalOperator,stateMachine/Chart,[ (Fuel>fuelMin+fuelHys)&& (SOC < SOCmin+SOCth)],"235",1,decision,0,0
19,Combined-ED,137,TransitionLogicalOperator,stateMachine/Chart,[ (Fuel>fuelMin+fuelHys)&& (SOC < SOCmin+SOCth)],"235",1,decision,0,0
20,Combined-NoCharge,137,TransitionLogicalOperator,stateMachine/Chart,[ (Fuel>fuelMin+fuelHys)&& (SOC < SOCmin+SOCth)],"235",1,decision,0,0
21,Regen-Regen,137,TransitionLogicalOperator,stateMachine/Chart,[ (Fuel>fuelMin+fuelHys)&& (SOC < SOCmin+SOCth)],"235",1,decision,0,0
22,Regen-DEAD,137,TransitionLogicalOperator,stateMachine/Chart,[ (Fuel>fuelMin+fuelHys)&& (SOC < SOCmin+SOCth)],"235",1,decision,0,0
23,Regen-ED,137,TransitionLogicalOperator,stateMachine/Chart,[ (Fuel>fuelMin+fuelHys)&& (SOC < SOCmin+SOCth)],"235",1,decision,0,0
24,Regen-NoCharge,137,TransitionLogicalOperator,stateMachine/Chart,[ (Fuel>fuelMin+fuelHys)&& (SOC < SOCmin+SOCth)],"235",1,decision,1,1
25,Regen-Combined,137,TransitionLogicalOperator,stateMachine/Chart,[ (Fuel>fuelMin+fuelHys)&& (SOC < SOCmin+SOCth)],"235",1,decision,1,1
1,Dead-Dead,138,TransitionLogicalOperator,stateMachine/Chart,[((SOC > SOCmin+SOCth) && (RealSpeed < SpeedEDmax)) || ((Fuel<fuelMin+fuelHys) && (SOC >SOCmin+SOCth))],"236",1,decision,0,0
2,Dead-Regen,138,TransitionLogicalOperator,stateMachine/Chart,[((SOC > SOCmin+SOCth) && (RealSpeed < SpeedEDmax)) || ((Fuel<fuelMin+fuelHys) && (SOC >SOCmin+SOCth))],"236",1,decision,0,0
3,Dead-ED,138,TransitionLogicalOperator,stateMachine/Chart,[((SOC > SOCmin+SOCth) && (RealSpeed < SpeedEDmax)) || ((Fuel<fuelMin+fuelHys) && (SOC >SOCmin+SOCth))],"236",1,decision,0,0
4,Dead-NoCharge,138,TransitionLogicalOperator,stateMachine/Chart,[((SOC > SOCmin+SOCth) && (RealSpeed < SpeedEDmax)) || ((Fuel<fuelMin+fuelHys) && (SOC >SOCmin+SOCth))],"236",1,decision,1,1
5,Dead-Combined,138,TransitionLogicalOperator,stateMachine/Chart,[((SOC > SOCmin+SOCth) && (RealSpeed < SpeedEDmax)) || ((Fuel<fuelMin+fuelHys) && (SOC >SOCmin+SOCth))],"236",1,decision,0,0
6,NoCharge-DEAD,138,TransitionLogicalOperator,stateMachine/Chart,[((SOC > SOCmin+SOCth) && (RealSpeed < SpeedEDmax)) || ((Fuel<fuelMin+fuelHys) && (SOC >SOCmin+SOCth))],"236",1,decision,1,1
7,NoCharge-Regen,138,TransitionLogicalOperator,stateMachine/Chart,[((SOC > SOCmin+SOCth) && (RealSpeed < SpeedEDmax)) || ((Fuel<fuelMin+fuelHys) && (SOC >SOCmin+SOCth))],"236",1,decision,1,1
8,NoCharge-ED,138,TransitionLogicalOperator,stateMachine/Chart,[((SOC > SOCmin+SOCth) && (RealSpeed < SpeedEDmax)) || ((Fuel<fuelMin+fuelHys) && (SOC >SOCmin+SOCth))],"236",1,decision,1,1
9,NoCharge-Combined,138,TransitionLogicalOperator,stateMachine/Chart,[((SOC > SOCmin+SOCth) && (RealSpeed < SpeedEDmax)) || ((Fuel<fuelMin+fuelHys) && (SOC >SOCmin+SOCth))],"236",1,decision,1,1
10,NoCharge-NoCharge,138,TransitionLogicalOperator,stateMachine/Chart,[((SOC > SOCmin+SOCth) && (RealSpeed < SpeedEDmax)) || ((Fuel<fuelMin+fuelHys) && (SOC >SOCmin+SOCth))],"236",1,decision,1,1
11,ED-ED,138,TransitionLogicalOperator,stateMachine/Chart,[((SOC > SOCmin+SOCth) && (RealSpeed < SpeedEDmax)) || ((Fuel<fuelMin+fuelHys) && (SOC >SOCmin+SOCth))],"236",1,decision,0,0
12,ED-Regen,138,TransitionLogicalOperator,stateMachine/Chart,[((SOC > SOCmin+SOCth) && (RealSpeed < SpeedEDmax)) || ((Fuel<fuelMin+fuelHys) && (SOC >SOCmin+SOCth))],"236",1,decision,0,0
13,ED-DEAD,138,TransitionLogicalOperator,stateMachine/Chart,[((SOC > SOCmin+SOCth) && (RealSpeed < SpeedEDmax)) || ((Fuel<fuelMin+fuelHys) && (SOC >SOCmin+SOCth))],"236",1,decision,0,0
14,ED-NoCharge,138,TransitionLogicalOperator,stateMachine/Chart,[((SOC > SOCmin+SOCth) && (RealSpeed < SpeedEDmax)) || ((Fuel<fuelMin+fuelHys) && (SOC >SOCmin+SOCth))],"236",1,decision,1,1
15,ED-Combined,138,TransitionLogicalOperator,stateMachine/Chart,[((SOC > SOCmin+SOCth) && (RealSpeed < SpeedEDmax)) || ((Fuel<fuelMin+fuelHys) && (SOC >SOCmin+SOCth))],"236",1,decision,0,0
16,Combined-Combined,138,TransitionLogicalOperator,stateMachine/Chart,[((SOC > SOCmin+SOCth) && (RealSpeed < SpeedEDmax)) || ((Fuel<fuelMin+fuelHys) && (SOC >SOCmin+SOCth))],"236",1,decision,0,0
17,Combined-Regen,138,TransitionLogicalOperator,stateMachine/Chart,[((SOC > SOCmin+SOCth) && (RealSpeed < SpeedEDmax)) || ((Fuel<fuelMin+fuelHys) && (SOC >SOCmin+SOCth))],"236",1,decision,0,0
18,Combined-DEAD,138,TransitionLogicalOperator,stateMachine/Chart,[((SOC > SOCmin+SOCth) && (RealSpeed < SpeedEDmax)) || ((Fuel<fuelMin+fuelHys) && (SOC >SOCmin+SOCth))],"236",1,decision,0,0
19,Combined-ED,138,TransitionLogicalOperator,stateMachine/Chart,[((SOC > SOCmin+SOCth) && (RealSpeed < SpeedEDmax)) || ((Fuel<fuelMin+fuelHys) && (SOC >SOCmin+SOCth))],"236",1,decision,0,0
20,Combined-NoCharge,138,TransitionLogicalOperator,stateMachine/Chart,[((SOC > SOCmin+SOCth) && (RealSpeed < SpeedEDmax)) || ((Fuel<fuelMin+fuelHys) && (SOC >SOCmin+SOCth))],"236",1,decision,1,1
21,Regen-Regen,138,TransitionLogicalOperator,stateMachine/Chart,[((SOC > SOCmin+SOCth) && (RealSpeed < SpeedEDmax)) || ((Fuel<fuelMin+fuelHys) && (SOC >SOCmin+SOCth))],"236",1,decision,0,0
22,Regen-DEAD,138,TransitionLogicalOperator,stateMachine/Chart,[((SOC > SOCmin+SOCth) && (RealSpeed < SpeedEDmax)) || ((Fuel<fuelMin+fuelHys) && (SOC >SOCmin+SOCth))],"236",1,decision,0,0
23,Regen-ED,138,TransitionLogicalOperator,stateMachine/Chart,[((SOC > SOCmin+SOCth) && (RealSpeed < SpeedEDmax)) || ((Fuel<fuelMin+fuelHys) && (SOC >SOCmin+SOCth))],"236",1,decision,0,0
24,Regen-NoCharge,138,TransitionLogicalOperator,stateMachine/Chart,[((SOC > SOCmin+SOCth) && (RealSpeed < SpeedEDmax)) || ((Fuel<fuelMin+fuelHys) && (SOC >SOCmin+SOCth))],"236",1,decision,1,1
25,Regen-Combined,138,TransitionLogicalOperator,stateMachine/Chart,[((SOC > SOCmin+SOCth) && (RealSpeed < SpeedEDmax)) || ((Fuel<fuelMin+fuelHys) && (SOC >SOCmin+SOCth))],"236",1,decision,0,0
1,Dead-Dead,139,TransitionLogicalOperator,stateMachine/Chart,[((SOC > SOCmin+SOCth) && (RealSpeed < SpeedEDmax)) || ((Fuel<fuelMin+fuelHys) && (SOC >SOCmin+SOCth))],"236",1,decision,0,0
2,Dead-Regen,139,TransitionLogicalOperator,stateMachine/Chart,[((SOC > SOCmin+SOCth) && (RealSpeed < SpeedEDmax)) || ((Fuel<fuelMin+fuelHys) && (SOC >SOCmin+SOCth))],"236",1,decision,0,0
3,Dead-ED,139,TransitionLogicalOperator,stateMachine/Chart,[((SOC > SOCmin+SOCth) && (RealSpeed < SpeedEDmax)) || ((Fuel<fuelMin+fuelHys) && (SOC >SOCmin+SOCth))],"236",1,decision,0,0
4,Dead-NoCharge,139,TransitionLogicalOperator,stateMachine/Chart,[((SOC > SOCmin+SOCth) && (RealSpeed < SpeedEDmax)) || ((Fuel<fuelMin+fuelHys) && (SOC >SOCmin+SOCth))],"236",1,decision,1,1
5,Dead-Combined,139,TransitionLogicalOperator,stateMachine/Chart,[((SOC > SOCmin+SOCth) && (RealSpeed < SpeedEDmax)) || ((Fuel<fuelMin+fuelHys) && (SOC >SOCmin+SOCth))],"236",1,decision,0,0
6,NoCharge-DEAD,139,TransitionLogicalOperator,stateMachine/Chart,[((SOC > SOCmin+SOCth) && (RealSpeed < SpeedEDmax)) || ((Fuel<fuelMin+fuelHys) && (SOC >SOCmin+SOCth))],"236",1,decision,1,1
7,NoCharge-Regen,139,TransitionLogicalOperator,stateMachine/Chart,[((SOC > SOCmin+SOCth) && (RealSpeed < SpeedEDmax)) || ((Fuel<fuelMin+fuelHys) && (SOC >SOCmin+SOCth))],"236",1,decision,1,1
8,NoCharge-ED,139,TransitionLogicalOperator,stateMachine/Chart,[((SOC > SOCmin+SOCth) && (RealSpeed < SpeedEDmax)) || ((Fuel<fuelMin+fuelHys) && (SOC >SOCmin+SOCth))],"236",1,decision,1,1
9,NoCharge-Combined,139,TransitionLogicalOperator,stateMachine/Chart,[((SOC > SOCmin+SOCth) && (RealSpeed < SpeedEDmax)) || ((Fuel<fuelMin+fuelHys) && (SOC >SOCmin+SOCth))],"236",1,decision,1,1
10,NoCharge-NoCharge,139,TransitionLogicalOperator,stateMachine/Chart,[((SOC > SOCmin+SOCth) && (RealSpeed < SpeedEDmax)) || ((Fuel<fuelMin+fuelHys) && (SOC >SOCmin+SOCth))],"236",1,decision,1,1
11,ED-ED,139,TransitionLogicalOperator,stateMachine/Chart,[((SOC > SOCmin+SOCth) && (RealSpeed < SpeedEDmax)) || ((Fuel<fuelMin+fuelHys) && (SOC >SOCmin+SOCth))],"236",1,decision,0,0
12,ED-Regen,139,TransitionLogicalOperator,stateMachine/Chart,[((SOC > SOCmin+SOCth) && (RealSpeed < SpeedEDmax)) || ((Fuel<fuelMin+fuelHys) && (SOC >SOCmin+SOCth))],"236",1,decision,0,0
13,ED-DEAD,139,TransitionLogicalOperator,stateMachine/Chart,[((SOC > SOCmin+SOCth) && (RealSpeed < SpeedEDmax)) || ((Fuel<fuelMin+fuelHys) && (SOC >SOCmin+SOCth))],"236",1,decision,0,0
14,ED-NoCharge,139,TransitionLogicalOperator,stateMachine/Chart,[((SOC > SOCmin+SOCth) && (RealSpeed < SpeedEDmax)) || ((Fuel<fuelMin+fuelHys) && (SOC >SOCmin+SOCth))],"236",1,decision,1,1
15,ED-Combined,139,TransitionLogicalOperator,stateMachine/Chart,[((SOC > SOCmin+SOCth) && (RealSpeed < SpeedEDmax)) || ((Fuel<fuelMin+fuelHys) && (SOC >SOCmin+SOCth))],"236",1,decision,0,0
16,Combined-Combined,139,TransitionLogicalOperator,stateMachine/Chart,[((SOC > SOCmin+SOCth) && (RealSpeed < SpeedEDmax)) || ((Fuel<fuelMin+fuelHys) && (SOC >SOCmin+SOCth))],"236",1,decision,0,0
17,Combined-Regen,139,TransitionLogicalOperator,stateMachine/Chart,[((SOC > SOCmin+SOCth) && (RealSpeed < SpeedEDmax)) || ((Fuel<fuelMin+fuelHys) && (SOC >SOCmin+SOCth))],"236",1,decision,0,0
18,Combined-DEAD,139,TransitionLogicalOperator,stateMachine/Chart,[((SOC > SOCmin+SOCth) && (RealSpeed < SpeedEDmax)) || ((Fuel<fuelMin+fuelHys) && (SOC >SOCmin+SOCth))],"236",1,decision,0,0
19,Combined-ED,139,TransitionLogicalOperator,stateMachine/Chart,[((SOC > SOCmin+SOCth) && (RealSpeed < SpeedEDmax)) || ((Fuel<fuelMin+fuelHys) && (SOC >SOCmin+SOCth))],"236",1,decision,0,0
20,Combined-NoCharge,139,TransitionLogicalOperator,stateMachine/Chart,[((SOC > SOCmin+SOCth) && (RealSpeed < SpeedEDmax)) || ((Fuel<fuelMin+fuelHys) && (SOC >SOCmin+SOCth))],"236",1,decision,1,1
21,Regen-Regen,139,TransitionLogicalOperator,stateMachine/Chart,[((SOC > SOCmin+SOCth) && (RealSpeed < SpeedEDmax)) || ((Fuel<fuelMin+fuelHys) && (SOC >SOCmin+SOCth))],"236",1,decision,0,0
22,Regen-DEAD,139,TransitionLogicalOperator,stateMachine/Chart,[((SOC > SOCmin+SOCth) && (RealSpeed < SpeedEDmax)) || ((Fuel<fuelMin+fuelHys) && (SOC >SOCmin+SOCth))],"236",1,decision,0,0
23,Regen-ED,139,TransitionLogicalOperator,stateMachine/Chart,[((SOC > SOCmin+SOCth) && (RealSpeed < SpeedEDmax)) || ((Fuel<fuelMin+fuelHys) && (SOC >SOCmin+SOCth))],"236",1,decision,0,0
24,Regen-NoCharge,139,TransitionLogicalOperator,stateMachine/Chart,[((SOC > SOCmin+SOCth) && (RealSpeed < SpeedEDmax)) || ((Fuel<fuelMin+fuelHys) && (SOC >SOCmin+SOCth))],"236",1,decision,1,1
25,Regen-Combined,139,TransitionLogicalOperator,stateMachine/Chart,[((SOC > SOCmin+SOCth) && (RealSpeed < SpeedEDmax)) || ((Fuel<fuelMin+fuelHys) && (SOC >SOCmin+SOCth))],"236",1,decision,0,0
1,Dead-Dead,140,TransitionLogicalOperator,stateMachine/Chart,[(SOC <= SOCmin + SOCth)&&(Fuel>fuelMin+fuelHys)],"238",1,decision,0,0
2,Dead-Regen,140,TransitionLogicalOperator,stateMachine/Chart,[(SOC <= SOCmin + SOCth)&&(Fuel>fuelMin+fuelHys)],"238",1,decision,0,0
3,Dead-ED,140,TransitionLogicalOperator,stateMachine/Chart,[(SOC <= SOCmin + SOCth)&&(Fuel>fuelMin+fuelHys)],"238",1,decision,0,0
4,Dead-NoCharge,140,TransitionLogicalOperator,stateMachine/Chart,[(SOC <= SOCmin + SOCth)&&(Fuel>fuelMin+fuelHys)],"238",1,decision,0,0
5,Dead-Combined,140,TransitionLogicalOperator,stateMachine/Chart,[(SOC <= SOCmin + SOCth)&&(Fuel>fuelMin+fuelHys)],"238",1,decision,1,1
6,NoCharge-DEAD,140,TransitionLogicalOperator,stateMachine/Chart,[(SOC <= SOCmin + SOCth)&&(Fuel>fuelMin+fuelHys)],"238",1,decision,0,0
7,NoCharge-Regen,140,TransitionLogicalOperator,stateMachine/Chart,[(SOC <= SOCmin + SOCth)&&(Fuel>fuelMin+fuelHys)],"238",1,decision,0,0
8,NoCharge-ED,140,TransitionLogicalOperator,stateMachine/Chart,[(SOC <= SOCmin + SOCth)&&(Fuel>fuelMin+fuelHys)],"238",1,decision,0,0
9,NoCharge-Combined,140,TransitionLogicalOperator,stateMachine/Chart,[(SOC <= SOCmin + SOCth)&&(Fuel>fuelMin+fuelHys)],"238",1,decision,1,1
10,NoCharge-NoCharge,140,TransitionLogicalOperator,stateMachine/Chart,[(SOC <= SOCmin + SOCth)&&(Fuel>fuelMin+fuelHys)],"238",1,decision,0,0
11,ED-ED,140,TransitionLogicalOperator,stateMachine/Chart,[(SOC <= SOCmin + SOCth)&&(Fuel>fuelMin+fuelHys)],"238",1,decision,0,0
12,ED-Regen,140,TransitionLogicalOperator,stateMachine/Chart,[(SOC <= SOCmin + SOCth)&&(Fuel>fuelMin+fuelHys)],"238",1,decision,0,0
13,ED-DEAD,140,TransitionLogicalOperator,stateMachine/Chart,[(SOC <= SOCmin + SOCth)&&(Fuel>fuelMin+fuelHys)],"238",1,decision,0,0
14,ED-NoCharge,140,TransitionLogicalOperator,stateMachine/Chart,[(SOC <= SOCmin + SOCth)&&(Fuel>fuelMin+fuelHys)],"238",1,decision,0,0
15,ED-Combined,140,TransitionLogicalOperator,stateMachine/Chart,[(SOC <= SOCmin + SOCth)&&(Fuel>fuelMin+fuelHys)],"238",1,decision,1,1
16,Combined-Combined,140,TransitionLogicalOperator,stateMachine/Chart,[(SOC <= SOCmin + SOCth)&&(Fuel>fuelMin+fuelHys)],"238",1,decision,1,1
17,Combined-Regen,140,TransitionLogicalOperator,stateMachine/Chart,[(SOC <= SOCmin + SOCth)&&(Fuel>fuelMin+fuelHys)],"238",1,decision,1,1
18,Combined-DEAD,140,TransitionLogicalOperator,stateMachine/Chart,[(SOC <= SOCmin + SOCth)&&(Fuel>fuelMin+fuelHys)],"238",1,decision,1,1
19,Combined-ED,140,TransitionLogicalOperator,stateMachine/Chart,[(SOC <= SOCmin + SOCth)&&(Fuel>fuelMin+fuelHys)],"238",1,decision,1,1
20,Combined-NoCharge,140,TransitionLogicalOperator,stateMachine/Chart,[(SOC <= SOCmin + SOCth)&&(Fuel>fuelMin+fuelHys)],"238",1,decision,1,1
21,Regen-Regen,140,TransitionLogicalOperator,stateMachine/Chart,[(SOC <= SOCmin + SOCth)&&(Fuel>fuelMin+fuelHys)],"238",1,decision,0,0
22,Regen-DEAD,140,TransitionLogicalOperator,stateMachine/Chart,[(SOC <= SOCmin + SOCth)&&(Fuel>fuelMin+fuelHys)],"238",1,decision,0,0
23,Regen-ED,140,TransitionLogicalOperator,stateMachine/Chart,[(SOC <= SOCmin + SOCth)&&(Fuel>fuelMin+fuelHys)],"238",1,decision,0,0
24,Regen-NoCharge,140,TransitionLogicalOperator,stateMachine/Chart,[(SOC <= SOCmin + SOCth)&&(Fuel>fuelMin+fuelHys)],"238",1,decision,0,0
25,Regen-Combined,140,TransitionLogicalOperator,stateMachine/Chart,[(SOC <= SOCmin + SOCth)&&(Fuel>fuelMin+fuelHys)],"238",1,decision,1,1
1,Dead-Dead,141,TransitionLogicalOperator,stateMachine/Chart,[(SOC > SOCmin+SOCth) && (Fuel>fuelMin+fuelHys) &&Acc>maxAccICE],"239",1,decision,0,0
2,Dead-Regen,141,TransitionLogicalOperator,stateMachine/Chart,[(SOC > SOCmin+SOCth) && (Fuel>fuelMin+fuelHys) &&Acc>maxAccICE],"239",1,decision,0,0
3,Dead-ED,141,TransitionLogicalOperator,stateMachine/Chart,[(SOC > SOCmin+SOCth) && (Fuel>fuelMin+fuelHys) &&Acc>maxAccICE],"239",1,decision,0,0
4,Dead-NoCharge,141,TransitionLogicalOperator,stateMachine/Chart,[(SOC > SOCmin+SOCth) && (Fuel>fuelMin+fuelHys) &&Acc>maxAccICE],"239",1,decision,1,1
5,Dead-Combined,141,TransitionLogicalOperator,stateMachine/Chart,[(SOC > SOCmin+SOCth) && (Fuel>fuelMin+fuelHys) &&Acc>maxAccICE],"239",1,decision,0,0
6,NoCharge-DEAD,141,TransitionLogicalOperator,stateMachine/Chart,[(SOC > SOCmin+SOCth) && (Fuel>fuelMin+fuelHys) &&Acc>maxAccICE],"239",1,decision,1,1
7,NoCharge-Regen,141,TransitionLogicalOperator,stateMachine/Chart,[(SOC > SOCmin+SOCth) && (Fuel>fuelMin+fuelHys) &&Acc>maxAccICE],"239",1,decision,1,1
8,NoCharge-ED,141,TransitionLogicalOperator,stateMachine/Chart,[(SOC > SOCmin+SOCth) && (Fuel>fuelMin+fuelHys) &&Acc>maxAccICE],"239",1,decision,1,1
9,NoCharge-Combined,141,TransitionLogicalOperator,stateMachine/Chart,[(SOC > SOCmin+SOCth) && (Fuel>fuelMin+fuelHys) &&Acc>maxAccICE],"239",1,decision,1,1
10,NoCharge-NoCharge,141,TransitionLogicalOperator,stateMachine/Chart,[(SOC > SOCmin+SOCth) && (Fuel>fuelMin+fuelHys) &&Acc>maxAccICE],"239",1,decision,1,1
11,ED-ED,141,TransitionLogicalOperator,stateMachine/Chart,[(SOC > SOCmin+SOCth) && (Fuel>fuelMin+fuelHys) &&Acc>maxAccICE],"239",1,decision,0,0
12,ED-Regen,141,TransitionLogicalOperator,stateMachine/Chart,[(SOC > SOCmin+SOCth) && (Fuel>fuelMin+fuelHys) &&Acc>maxAccICE],"239",1,decision,0,0
13,ED-DEAD,141,TransitionLogicalOperator,stateMachine/Chart,[(SOC > SOCmin+SOCth) && (Fuel>fuelMin+fuelHys) &&Acc>maxAccICE],"239",1,decision,0,0
14,ED-NoCharge,141,TransitionLogicalOperator,stateMachine/Chart,[(SOC > SOCmin+SOCth) && (Fuel>fuelMin+fuelHys) &&Acc>maxAccICE],"239",1,decision,1,1
15,ED-Combined,141,TransitionLogicalOperator,stateMachine/Chart,[(SOC > SOCmin+SOCth) && (Fuel>fuelMin+fuelHys) &&Acc>maxAccICE],"239",1,decision,0,0
16,Combined-Combined,141,TransitionLogicalOperator,stateMachine/Chart,[(SOC > SOCmin+SOCth) && (Fuel>fuelMin+fuelHys) &&Acc>maxAccICE],"239",1,decision,0,0
17,Combined-Regen,141,TransitionLogicalOperator,stateMachine/Chart,[(SOC > SOCmin+SOCth) && (Fuel>fuelMin+fuelHys) &&Acc>maxAccICE],"239",1,decision,0,0
18,Combined-DEAD,141,TransitionLogicalOperator,stateMachine/Chart,[(SOC > SOCmin+SOCth) && (Fuel>fuelMin+fuelHys) &&Acc>maxAccICE],"239",1,decision,0,0
19,Combined-ED,141,TransitionLogicalOperator,stateMachine/Chart,[(SOC > SOCmin+SOCth) && (Fuel>fuelMin+fuelHys) &&Acc>maxAccICE],"239",1,decision,0,0
20,Combined-NoCharge,141,TransitionLogicalOperator,stateMachine/Chart,[(SOC > SOCmin+SOCth) && (Fuel>fuelMin+fuelHys) &&Acc>maxAccICE],"239",1,decision,1,1
21,Regen-Regen,141,TransitionLogicalOperator,stateMachine/Chart,[(SOC > SOCmin+SOCth) && (Fuel>fuelMin+fuelHys) &&Acc>maxAccICE],"239",1,decision,0,0
22,Regen-DEAD,141,TransitionLogicalOperator,stateMachine/Chart,[(SOC > SOCmin+SOCth) && (Fuel>fuelMin+fuelHys) &&Acc>maxAccICE],"239",1,decision,0,0
23,Regen-ED,141,TransitionLogicalOperator,stateMachine/Chart,[(SOC > SOCmin+SOCth) && (Fuel>fuelMin+fuelHys) &&Acc>maxAccICE],"239",1,decision,0,0
24,Regen-NoCharge,141,TransitionLogicalOperator,stateMachine/Chart,[(SOC > SOCmin+SOCth) && (Fuel>fuelMin+fuelHys) &&Acc>maxAccICE],"239",1,decision,1,1
25,Regen-Combined,141,TransitionLogicalOperator,stateMachine/Chart,[(SOC > SOCmin+SOCth) && (Fuel>fuelMin+fuelHys) &&Acc>maxAccICE],"239",1,decision,0,0
1,Dead-Dead,142,TransitionLogicalOperator,stateMachine/Chart,[((RealSpeed>=SpeedEDmax)&& (Fuel>fuelMin+fuelHys))|| ((Fuel>fuelMin+fuelHys)  && Acc>maxAccMGU)],"240",1,decision,0,0
2,Dead-Regen,142,TransitionLogicalOperator,stateMachine/Chart,[((RealSpeed>=SpeedEDmax)&& (Fuel>fuelMin+fuelHys))|| ((Fuel>fuelMin+fuelHys)  && Acc>maxAccMGU)],"240",1,decision,0,0
3,Dead-ED,142,TransitionLogicalOperator,stateMachine/Chart,[((RealSpeed>=SpeedEDmax)&& (Fuel>fuelMin+fuelHys))|| ((Fuel>fuelMin+fuelHys)  && Acc>maxAccMGU)],"240",1,decision,1,1
4,Dead-NoCharge,142,TransitionLogicalOperator,stateMachine/Chart,[((RealSpeed>=SpeedEDmax)&& (Fuel>fuelMin+fuelHys))|| ((Fuel>fuelMin+fuelHys)  && Acc>maxAccMGU)],"240",1,decision,0,0
5,Dead-Combined,142,TransitionLogicalOperator,stateMachine/Chart,[((RealSpeed>=SpeedEDmax)&& (Fuel>fuelMin+fuelHys))|| ((Fuel>fuelMin+fuelHys)  && Acc>maxAccMGU)],"240",1,decision,0,0
6,NoCharge-DEAD,142,TransitionLogicalOperator,stateMachine/Chart,[((RealSpeed>=SpeedEDmax)&& (Fuel>fuelMin+fuelHys))|| ((Fuel>fuelMin+fuelHys)  && Acc>maxAccMGU)],"240",1,decision,0,0
7,NoCharge-Regen,142,TransitionLogicalOperator,stateMachine/Chart,[((RealSpeed>=SpeedEDmax)&& (Fuel>fuelMin+fuelHys))|| ((Fuel>fuelMin+fuelHys)  && Acc>maxAccMGU)],"240",1,decision,0,0
8,NoCharge-ED,142,TransitionLogicalOperator,stateMachine/Chart,[((RealSpeed>=SpeedEDmax)&& (Fuel>fuelMin+fuelHys))|| ((Fuel>fuelMin+fuelHys)  && Acc>maxAccMGU)],"240",1,decision,1,1
9,NoCharge-Combined,142,TransitionLogicalOperator,stateMachine/Chart,[((RealSpeed>=SpeedEDmax)&& (Fuel>fuelMin+fuelHys))|| ((Fuel>fuelMin+fuelHys)  && Acc>maxAccMGU)],"240",1,decision,0,0
10,NoCharge-NoCharge,142,TransitionLogicalOperator,stateMachine/Chart,[((RealSpeed>=SpeedEDmax)&& (Fuel>fuelMin+fuelHys))|| ((Fuel>fuelMin+fuelHys)  && Acc>maxAccMGU)],"240",1,decision,0,0
11,ED-ED,142,TransitionLogicalOperator,stateMachine/Chart,[((RealSpeed>=SpeedEDmax)&& (Fuel>fuelMin+fuelHys))|| ((Fuel>fuelMin+fuelHys)  && Acc>maxAccMGU)],"240",1,decision,1,1
12,ED-Regen,142,TransitionLogicalOperator,stateMachine/Chart,[((RealSpeed>=SpeedEDmax)&& (Fuel>fuelMin+fuelHys))|| ((Fuel>fuelMin+fuelHys)  && Acc>maxAccMGU)],"240",1,decision,1,1
13,ED-DEAD,142,TransitionLogicalOperator,stateMachine/Chart,[((RealSpeed>=SpeedEDmax)&& (Fuel>fuelMin+fuelHys))|| ((Fuel>fuelMin+fuelHys)  && Acc>maxAccMGU)],"240",1,decision,1,1
14,ED-NoCharge,142,TransitionLogicalOperator,stateMachine/Chart,[((RealSpeed>=SpeedEDmax)&& (Fuel>fuelMin+fuelHys))|| ((Fuel>fuelMin+fuelHys)  && Acc>maxAccMGU)],"240",1,decision,1,1
15,ED-Combined,142,TransitionLogicalOperator,stateMachine/Chart,[((RealSpeed>=SpeedEDmax)&& (Fuel>fuelMin+fuelHys))|| ((Fuel>fuelMin+fuelHys)  && Acc>maxAccMGU)],"240",1,decision,1,1
16,Combined-Combined,142,TransitionLogicalOperator,stateMachine/Chart,[((RealSpeed>=SpeedEDmax)&& (Fuel>fuelMin+fuelHys))|| ((Fuel>fuelMin+fuelHys)  && Acc>maxAccMGU)],"240",1,decision,0,0
17,Combined-Regen,142,TransitionLogicalOperator,stateMachine/Chart,[((RealSpeed>=SpeedEDmax)&& (Fuel>fuelMin+fuelHys))|| ((Fuel>fuelMin+fuelHys)  && Acc>maxAccMGU)],"240",1,decision,0,0
18,Combined-DEAD,142,TransitionLogicalOperator,stateMachine/Chart,[((RealSpeed>=SpeedEDmax)&& (Fuel>fuelMin+fuelHys))|| ((Fuel>fuelMin+fuelHys)  && Acc>maxAccMGU)],"240",1,decision,0,0
19,Combined-ED,142,TransitionLogicalOperator,stateMachine/Chart,[((RealSpeed>=SpeedEDmax)&& (Fuel>fuelMin+fuelHys))|| ((Fuel>fuelMin+fuelHys)  && Acc>maxAccMGU)],"240",1,decision,1,1
20,Combined-NoCharge,142,TransitionLogicalOperator,stateMachine/Chart,[((RealSpeed>=SpeedEDmax)&& (Fuel>fuelMin+fuelHys))|| ((Fuel>fuelMin+fuelHys)  && Acc>maxAccMGU)],"240",1,decision,0,0
21,Regen-Regen,142,TransitionLogicalOperator,stateMachine/Chart,[((RealSpeed>=SpeedEDmax)&& (Fuel>fuelMin+fuelHys))|| ((Fuel>fuelMin+fuelHys)  && Acc>maxAccMGU)],"240",1,decision,0,0
22,Regen-DEAD,142,TransitionLogicalOperator,stateMachine/Chart,[((RealSpeed>=SpeedEDmax)&& (Fuel>fuelMin+fuelHys))|| ((Fuel>fuelMin+fuelHys)  && Acc>maxAccMGU)],"240",1,decision,0,0
23,Regen-ED,142,TransitionLogicalOperator,stateMachine/Chart,[((RealSpeed>=SpeedEDmax)&& (Fuel>fuelMin+fuelHys))|| ((Fuel>fuelMin+fuelHys)  && Acc>maxAccMGU)],"240",1,decision,1,1
24,Regen-NoCharge,142,TransitionLogicalOperator,stateMachine/Chart,[((RealSpeed>=SpeedEDmax)&& (Fuel>fuelMin+fuelHys))|| ((Fuel>fuelMin+fuelHys)  && Acc>maxAccMGU)],"240",1,decision,0,0
25,Regen-Combined,142,TransitionLogicalOperator,stateMachine/Chart,[((RealSpeed>=SpeedEDmax)&& (Fuel>fuelMin+fuelHys))|| ((Fuel>fuelMin+fuelHys)  && Acc>maxAccMGU)],"240",1,decision,0,0
1,Dead-Dead,143,TransitionLogicalOperator,stateMachine/Chart,[((RealSpeed>=SpeedEDmax)&& (Fuel>fuelMin+fuelHys))|| ((Fuel>fuelMin+fuelHys)  && Acc>maxAccMGU)],"240",1,decision,0,0
2,Dead-Regen,143,TransitionLogicalOperator,stateMachine/Chart,[((RealSpeed>=SpeedEDmax)&& (Fuel>fuelMin+fuelHys))|| ((Fuel>fuelMin+fuelHys)  && Acc>maxAccMGU)],"240",1,decision,0,0
3,Dead-ED,143,TransitionLogicalOperator,stateMachine/Chart,[((RealSpeed>=SpeedEDmax)&& (Fuel>fuelMin+fuelHys))|| ((Fuel>fuelMin+fuelHys)  && Acc>maxAccMGU)],"240",1,decision,1,1
4,Dead-NoCharge,143,TransitionLogicalOperator,stateMachine/Chart,[((RealSpeed>=SpeedEDmax)&& (Fuel>fuelMin+fuelHys))|| ((Fuel>fuelMin+fuelHys)  && Acc>maxAccMGU)],"240",1,decision,0,0
5,Dead-Combined,143,TransitionLogicalOperator,stateMachine/Chart,[((RealSpeed>=SpeedEDmax)&& (Fuel>fuelMin+fuelHys))|| ((Fuel>fuelMin+fuelHys)  && Acc>maxAccMGU)],"240",1,decision,0,0
6,NoCharge-DEAD,143,TransitionLogicalOperator,stateMachine/Chart,[((RealSpeed>=SpeedEDmax)&& (Fuel>fuelMin+fuelHys))|| ((Fuel>fuelMin+fuelHys)  && Acc>maxAccMGU)],"240",1,decision,0,0
7,NoCharge-Regen,143,TransitionLogicalOperator,stateMachine/Chart,[((RealSpeed>=SpeedEDmax)&& (Fuel>fuelMin+fuelHys))|| ((Fuel>fuelMin+fuelHys)  && Acc>maxAccMGU)],"240",1,decision,0,0
8,NoCharge-ED,143,TransitionLogicalOperator,stateMachine/Chart,[((RealSpeed>=SpeedEDmax)&& (Fuel>fuelMin+fuelHys))|| ((Fuel>fuelMin+fuelHys)  && Acc>maxAccMGU)],"240",1,decision,1,1
9,NoCharge-Combined,143,TransitionLogicalOperator,stateMachine/Chart,[((RealSpeed>=SpeedEDmax)&& (Fuel>fuelMin+fuelHys))|| ((Fuel>fuelMin+fuelHys)  && Acc>maxAccMGU)],"240",1,decision,0,0
10,NoCharge-NoCharge,143,TransitionLogicalOperator,stateMachine/Chart,[((RealSpeed>=SpeedEDmax)&& (Fuel>fuelMin+fuelHys))|| ((Fuel>fuelMin+fuelHys)  && Acc>maxAccMGU)],"240",1,decision,0,0
11,ED-ED,143,TransitionLogicalOperator,stateMachine/Chart,[((RealSpeed>=SpeedEDmax)&& (Fuel>fuelMin+fuelHys))|| ((Fuel>fuelMin+fuelHys)  && Acc>maxAccMGU)],"240",1,decision,1,1
12,ED-Regen,143,TransitionLogicalOperator,stateMachine/Chart,[((RealSpeed>=SpeedEDmax)&& (Fuel>fuelMin+fuelHys))|| ((Fuel>fuelMin+fuelHys)  && Acc>maxAccMGU)],"240",1,decision,1,1
13,ED-DEAD,143,TransitionLogicalOperator,stateMachine/Chart,[((RealSpeed>=SpeedEDmax)&& (Fuel>fuelMin+fuelHys))|| ((Fuel>fuelMin+fuelHys)  && Acc>maxAccMGU)],"240",1,decision,1,1
14,ED-NoCharge,143,TransitionLogicalOperator,stateMachine/Chart,[((RealSpeed>=SpeedEDmax)&& (Fuel>fuelMin+fuelHys))|| ((Fuel>fuelMin+fuelHys)  && Acc>maxAccMGU)],"240",1,decision,1,1
15,ED-Combined,143,TransitionLogicalOperator,stateMachine/Chart,[((RealSpeed>=SpeedEDmax)&& (Fuel>fuelMin+fuelHys))|| ((Fuel>fuelMin+fuelHys)  && Acc>maxAccMGU)],"240",1,decision,1,1
16,Combined-Combined,143,TransitionLogicalOperator,stateMachine/Chart,[((RealSpeed>=SpeedEDmax)&& (Fuel>fuelMin+fuelHys))|| ((Fuel>fuelMin+fuelHys)  && Acc>maxAccMGU)],"240",1,decision,0,0
17,Combined-Regen,143,TransitionLogicalOperator,stateMachine/Chart,[((RealSpeed>=SpeedEDmax)&& (Fuel>fuelMin+fuelHys))|| ((Fuel>fuelMin+fuelHys)  && Acc>maxAccMGU)],"240",1,decision,0,0
18,Combined-DEAD,143,TransitionLogicalOperator,stateMachine/Chart,[((RealSpeed>=SpeedEDmax)&& (Fuel>fuelMin+fuelHys))|| ((Fuel>fuelMin+fuelHys)  && Acc>maxAccMGU)],"240",1,decision,0,0
19,Combined-ED,143,TransitionLogicalOperator,stateMachine/Chart,[((RealSpeed>=SpeedEDmax)&& (Fuel>fuelMin+fuelHys))|| ((Fuel>fuelMin+fuelHys)  && Acc>maxAccMGU)],"240",1,decision,1,1
20,Combined-NoCharge,143,TransitionLogicalOperator,stateMachine/Chart,[((RealSpeed>=SpeedEDmax)&& (Fuel>fuelMin+fuelHys))|| ((Fuel>fuelMin+fuelHys)  && Acc>maxAccMGU)],"240",1,decision,0,0
21,Regen-Regen,143,TransitionLogicalOperator,stateMachine/Chart,[((RealSpeed>=SpeedEDmax)&& (Fuel>fuelMin+fuelHys))|| ((Fuel>fuelMin+fuelHys)  && Acc>maxAccMGU)],"240",1,decision,0,0
22,Regen-DEAD,143,TransitionLogicalOperator,stateMachine/Chart,[((RealSpeed>=SpeedEDmax)&& (Fuel>fuelMin+fuelHys))|| ((Fuel>fuelMin+fuelHys)  && Acc>maxAccMGU)],"240",1,decision,0,0
23,Regen-ED,143,TransitionLogicalOperator,stateMachine/Chart,[((RealSpeed>=SpeedEDmax)&& (Fuel>fuelMin+fuelHys))|| ((Fuel>fuelMin+fuelHys)  && Acc>maxAccMGU)],"240",1,decision,1,1
24,Regen-NoCharge,143,TransitionLogicalOperator,stateMachine/Chart,[((RealSpeed>=SpeedEDmax)&& (Fuel>fuelMin+fuelHys))|| ((Fuel>fuelMin+fuelHys)  && Acc>maxAccMGU)],"240",1,decision,0,0
25,Regen-Combined,143,TransitionLogicalOperator,stateMachine/Chart,[((RealSpeed>=SpeedEDmax)&& (Fuel>fuelMin+fuelHys))|| ((Fuel>fuelMin+fuelHys)  && Acc>maxAccMGU)],"240",1,decision,0,0
1,Dead-Dead,144,TransitionLogicalOperator,stateMachine/Chart,[(RealSpeed<SpeedEDmax)&& (SOC >SOCmin+SOCth)&&Acc<maxAccMGU],"241",1,decision,0,0
2,Dead-Regen,144,TransitionLogicalOperator,stateMachine/Chart,[(RealSpeed<SpeedEDmax)&& (SOC >SOCmin+SOCth)&&Acc<maxAccMGU],"241",1,decision,0,0
3,Dead-ED,144,TransitionLogicalOperator,stateMachine/Chart,[(RealSpeed<SpeedEDmax)&& (SOC >SOCmin+SOCth)&&Acc<maxAccMGU],"241",1,decision,0,0
4,Dead-NoCharge,144,TransitionLogicalOperator,stateMachine/Chart,[(RealSpeed<SpeedEDmax)&& (SOC >SOCmin+SOCth)&&Acc<maxAccMGU],"241",1,decision,0,0
5,Dead-Combined,144,TransitionLogicalOperator,stateMachine/Chart,[(RealSpeed<SpeedEDmax)&& (SOC >SOCmin+SOCth)&&Acc<maxAccMGU],"241",1,decision,1,1
6,NoCharge-DEAD,144,TransitionLogicalOperator,stateMachine/Chart,[(RealSpeed<SpeedEDmax)&& (SOC >SOCmin+SOCth)&&Acc<maxAccMGU],"241",1,decision,0,0
7,NoCharge-Regen,144,TransitionLogicalOperator,stateMachine/Chart,[(RealSpeed<SpeedEDmax)&& (SOC >SOCmin+SOCth)&&Acc<maxAccMGU],"241",1,decision,0,0
8,NoCharge-ED,144,TransitionLogicalOperator,stateMachine/Chart,[(RealSpeed<SpeedEDmax)&& (SOC >SOCmin+SOCth)&&Acc<maxAccMGU],"241",1,decision,0,0
9,NoCharge-Combined,144,TransitionLogicalOperator,stateMachine/Chart,[(RealSpeed<SpeedEDmax)&& (SOC >SOCmin+SOCth)&&Acc<maxAccMGU],"241",1,decision,1,1
10,NoCharge-NoCharge,144,TransitionLogicalOperator,stateMachine/Chart,[(RealSpeed<SpeedEDmax)&& (SOC >SOCmin+SOCth)&&Acc<maxAccMGU],"241",1,decision,0,0
11,ED-ED,144,TransitionLogicalOperator,stateMachine/Chart,[(RealSpeed<SpeedEDmax)&& (SOC >SOCmin+SOCth)&&Acc<maxAccMGU],"241",1,decision,0,0
12,ED-Regen,144,TransitionLogicalOperator,stateMachine/Chart,[(RealSpeed<SpeedEDmax)&& (SOC >SOCmin+SOCth)&&Acc<maxAccMGU],"241",1,decision,0,0
13,ED-DEAD,144,TransitionLogicalOperator,stateMachine/Chart,[(RealSpeed<SpeedEDmax)&& (SOC >SOCmin+SOCth)&&Acc<maxAccMGU],"241",1,decision,0,0
14,ED-NoCharge,144,TransitionLogicalOperator,stateMachine/Chart,[(RealSpeed<SpeedEDmax)&& (SOC >SOCmin+SOCth)&&Acc<maxAccMGU],"241",1,decision,0,0
15,ED-Combined,144,TransitionLogicalOperator,stateMachine/Chart,[(RealSpeed<SpeedEDmax)&& (SOC >SOCmin+SOCth)&&Acc<maxAccMGU],"241",1,decision,1,1
16,Combined-Combined,144,TransitionLogicalOperator,stateMachine/Chart,[(RealSpeed<SpeedEDmax)&& (SOC >SOCmin+SOCth)&&Acc<maxAccMGU],"241",1,decision,1,1
17,Combined-Regen,144,TransitionLogicalOperator,stateMachine/Chart,[(RealSpeed<SpeedEDmax)&& (SOC >SOCmin+SOCth)&&Acc<maxAccMGU],"241",1,decision,1,1
18,Combined-DEAD,144,TransitionLogicalOperator,stateMachine/Chart,[(RealSpeed<SpeedEDmax)&& (SOC >SOCmin+SOCth)&&Acc<maxAccMGU],"241",1,decision,1,1
19,Combined-ED,144,TransitionLogicalOperator,stateMachine/Chart,[(RealSpeed<SpeedEDmax)&& (SOC >SOCmin+SOCth)&&Acc<maxAccMGU],"241",1,decision,1,1
20,Combined-NoCharge,144,TransitionLogicalOperator,stateMachine/Chart,[(RealSpeed<SpeedEDmax)&& (SOC >SOCmin+SOCth)&&Acc<maxAccMGU],"241",1,decision,1,1
21,Regen-Regen,144,TransitionLogicalOperator,stateMachine/Chart,[(RealSpeed<SpeedEDmax)&& (SOC >SOCmin+SOCth)&&Acc<maxAccMGU],"241",1,decision,0,0
22,Regen-DEAD,144,TransitionLogicalOperator,stateMachine/Chart,[(RealSpeed<SpeedEDmax)&& (SOC >SOCmin+SOCth)&&Acc<maxAccMGU],"241",1,decision,0,0
23,Regen-ED,144,TransitionLogicalOperator,stateMachine/Chart,[(RealSpeed<SpeedEDmax)&& (SOC >SOCmin+SOCth)&&Acc<maxAccMGU],"241",1,decision,0,0
24,Regen-NoCharge,144,TransitionLogicalOperator,stateMachine/Chart,[(RealSpeed<SpeedEDmax)&& (SOC >SOCmin+SOCth)&&Acc<maxAccMGU],"241",1,decision,0,0
25,Regen-Combined,144,TransitionLogicalOperator,stateMachine/Chart,[(RealSpeed<SpeedEDmax)&& (SOC >SOCmin+SOCth)&&Acc<maxAccMGU],"241",1,decision,1,1
1,Dead-Dead,145,TransitionLogicalOperator,stateMachine/Chart,[(SOC > SOCmin+SOCth) && (RealSpeed<SpeedEDmax)],"242",1,decision,0,0
2,Dead-Regen,145,TransitionLogicalOperator,stateMachine/Chart,[(SOC > SOCmin+SOCth) && (RealSpeed<SpeedEDmax)],"242",1,decision,0,0
3,Dead-ED,145,TransitionLogicalOperator,stateMachine/Chart,[(SOC > SOCmin+SOCth) && (RealSpeed<SpeedEDmax)],"242",1,decision,0,0
4,Dead-NoCharge,145,TransitionLogicalOperator,stateMachine/Chart,[(SOC > SOCmin+SOCth) && (RealSpeed<SpeedEDmax)],"242",1,decision,0,0
5,Dead-Combined,145,TransitionLogicalOperator,stateMachine/Chart,[(SOC > SOCmin+SOCth) && (RealSpeed<SpeedEDmax)],"242",1,decision,0,0
6,NoCharge-DEAD,145,TransitionLogicalOperator,stateMachine/Chart,[(SOC > SOCmin+SOCth) && (RealSpeed<SpeedEDmax)],"242",1,decision,0,0
7,NoCharge-Regen,145,TransitionLogicalOperator,stateMachine/Chart,[(SOC > SOCmin+SOCth) && (RealSpeed<SpeedEDmax)],"242",1,decision,0,0
8,NoCharge-ED,145,TransitionLogicalOperator,stateMachine/Chart,[(SOC > SOCmin+SOCth) && (RealSpeed<SpeedEDmax)],"242",1,decision,0,0
9,NoCharge-Combined,145,TransitionLogicalOperator,stateMachine/Chart,[(SOC > SOCmin+SOCth) && (RealSpeed<SpeedEDmax)],"242",1,decision,0,0
10,NoCharge-NoCharge,145,TransitionLogicalOperator,stateMachine/Chart,[(SOC > SOCmin+SOCth) && (RealSpeed<SpeedEDmax)],"242",1,decision,0,0
11,ED-ED,145,TransitionLogicalOperator,stateMachine/Chart,[(SOC > SOCmin+SOCth) && (RealSpeed<SpeedEDmax)],"242",1,decision,0,0
12,ED-Regen,145,TransitionLogicalOperator,stateMachine/Chart,[(SOC > SOCmin+SOCth) && (RealSpeed<SpeedEDmax)],"242",1,decision,0,0
13,ED-DEAD,145,TransitionLogicalOperator,stateMachine/Chart,[(SOC > SOCmin+SOCth) && (RealSpeed<SpeedEDmax)],"242",1,decision,0,0
14,ED-NoCharge,145,TransitionLogicalOperator,stateMachine/Chart,[(SOC > SOCmin+SOCth) && (RealSpeed<SpeedEDmax)],"242",1,decision,0,0
15,ED-Combined,145,TransitionLogicalOperator,stateMachine/Chart,[(SOC > SOCmin+SOCth) && (RealSpeed<SpeedEDmax)],"242",1,decision,0,0
16,Combined-Combined,145,TransitionLogicalOperator,stateMachine/Chart,[(SOC > SOCmin+SOCth) && (RealSpeed<SpeedEDmax)],"242",1,decision,0,0
17,Combined-Regen,145,TransitionLogicalOperator,stateMachine/Chart,[(SOC > SOCmin+SOCth) && (RealSpeed<SpeedEDmax)],"242",1,decision,0,0
18,Combined-DEAD,145,TransitionLogicalOperator,stateMachine/Chart,[(SOC > SOCmin+SOCth) && (RealSpeed<SpeedEDmax)],"242",1,decision,0,0
19,Combined-ED,145,TransitionLogicalOperator,stateMachine/Chart,[(SOC > SOCmin+SOCth) && (RealSpeed<SpeedEDmax)],"242",1,decision,0,0
20,Combined-NoCharge,145,TransitionLogicalOperator,stateMachine/Chart,[(SOC > SOCmin+SOCth) && (RealSpeed<SpeedEDmax)],"242",1,decision,0,0
21,Regen-Regen,145,TransitionLogicalOperator,stateMachine/Chart,[(SOC > SOCmin+SOCth) && (RealSpeed<SpeedEDmax)],"242",1,decision,0,0
22,Regen-DEAD,145,TransitionLogicalOperator,stateMachine/Chart,[(SOC > SOCmin+SOCth) && (RealSpeed<SpeedEDmax)],"242",1,decision,0,0
23,Regen-ED,145,TransitionLogicalOperator,stateMachine/Chart,[(SOC > SOCmin+SOCth) && (RealSpeed<SpeedEDmax)],"242",1,decision,1,1
24,Regen-NoCharge,145,TransitionLogicalOperator,stateMachine/Chart,[(SOC > SOCmin+SOCth) && (RealSpeed<SpeedEDmax)],"242",1,decision,1,1
25,Regen-Combined,145,TransitionLogicalOperator,stateMachine/Chart,[(SOC > SOCmin+SOCth) && (RealSpeed<SpeedEDmax)],"242",1,decision,1,1
1,Dead-Dead,146,TransitionLogicalOperator,stateMachine/Chart,[(SOC > SOCmin+SOCth) && (RealSpeed>SpeedEDmax) && (Fuel>fuelMin+fuelHys)],"245",1,decision,0,0
2,Dead-Regen,146,TransitionLogicalOperator,stateMachine/Chart,[(SOC > SOCmin+SOCth) && (RealSpeed>SpeedEDmax) && (Fuel>fuelMin+fuelHys)],"245",1,decision,0,0
3,Dead-ED,146,TransitionLogicalOperator,stateMachine/Chart,[(SOC > SOCmin+SOCth) && (RealSpeed>SpeedEDmax) && (Fuel>fuelMin+fuelHys)],"245",1,decision,0,0
4,Dead-NoCharge,146,TransitionLogicalOperator,stateMachine/Chart,[(SOC > SOCmin+SOCth) && (RealSpeed>SpeedEDmax) && (Fuel>fuelMin+fuelHys)],"245",1,decision,0,0
5,Dead-Combined,146,TransitionLogicalOperator,stateMachine/Chart,[(SOC > SOCmin+SOCth) && (RealSpeed>SpeedEDmax) && (Fuel>fuelMin+fuelHys)],"245",1,decision,0,0
6,NoCharge-DEAD,146,TransitionLogicalOperator,stateMachine/Chart,[(SOC > SOCmin+SOCth) && (RealSpeed>SpeedEDmax) && (Fuel>fuelMin+fuelHys)],"245",1,decision,0,0
7,NoCharge-Regen,146,TransitionLogicalOperator,stateMachine/Chart,[(SOC > SOCmin+SOCth) && (RealSpeed>SpeedEDmax) && (Fuel>fuelMin+fuelHys)],"245",1,decision,0,0
8,NoCharge-ED,146,TransitionLogicalOperator,stateMachine/Chart,[(SOC > SOCmin+SOCth) && (RealSpeed>SpeedEDmax) && (Fuel>fuelMin+fuelHys)],"245",1,decision,0,0
9,NoCharge-Combined,146,TransitionLogicalOperator,stateMachine/Chart,[(SOC > SOCmin+SOCth) && (RealSpeed>SpeedEDmax) && (Fuel>fuelMin+fuelHys)],"245",1,decision,0,0
10,NoCharge-NoCharge,146,TransitionLogicalOperator,stateMachine/Chart,[(SOC > SOCmin+SOCth) && (RealSpeed>SpeedEDmax) && (Fuel>fuelMin+fuelHys)],"245",1,decision,0,0
11,ED-ED,146,TransitionLogicalOperator,stateMachine/Chart,[(SOC > SOCmin+SOCth) && (RealSpeed>SpeedEDmax) && (Fuel>fuelMin+fuelHys)],"245",1,decision,0,0
12,ED-Regen,146,TransitionLogicalOperator,stateMachine/Chart,[(SOC > SOCmin+SOCth) && (RealSpeed>SpeedEDmax) && (Fuel>fuelMin+fuelHys)],"245",1,decision,0,0
13,ED-DEAD,146,TransitionLogicalOperator,stateMachine/Chart,[(SOC > SOCmin+SOCth) && (RealSpeed>SpeedEDmax) && (Fuel>fuelMin+fuelHys)],"245",1,decision,0,0
14,ED-NoCharge,146,TransitionLogicalOperator,stateMachine/Chart,[(SOC > SOCmin+SOCth) && (RealSpeed>SpeedEDmax) && (Fuel>fuelMin+fuelHys)],"245",1,decision,0,0
15,ED-Combined,146,TransitionLogicalOperator,stateMachine/Chart,[(SOC > SOCmin+SOCth) && (RealSpeed>SpeedEDmax) && (Fuel>fuelMin+fuelHys)],"245",1,decision,0,0
16,Combined-Combined,146,TransitionLogicalOperator,stateMachine/Chart,[(SOC > SOCmin+SOCth) && (RealSpeed>SpeedEDmax) && (Fuel>fuelMin+fuelHys)],"245",1,decision,0,0
17,Combined-Regen,146,TransitionLogicalOperator,stateMachine/Chart,[(SOC > SOCmin+SOCth) && (RealSpeed>SpeedEDmax) && (Fuel>fuelMin+fuelHys)],"245",1,decision,0,0
18,Combined-DEAD,146,TransitionLogicalOperator,stateMachine/Chart,[(SOC > SOCmin+SOCth) && (RealSpeed>SpeedEDmax) && (Fuel>fuelMin+fuelHys)],"245",1,decision,0,0
19,Combined-ED,146,TransitionLogicalOperator,stateMachine/Chart,[(SOC > SOCmin+SOCth) && (RealSpeed>SpeedEDmax) && (Fuel>fuelMin+fuelHys)],"245",1,decision,0,0
20,Combined-NoCharge,146,TransitionLogicalOperator,stateMachine/Chart,[(SOC > SOCmin+SOCth) && (RealSpeed>SpeedEDmax) && (Fuel>fuelMin+fuelHys)],"245",1,decision,0,0
21,Regen-Regen,146,TransitionLogicalOperator,stateMachine/Chart,[(SOC > SOCmin+SOCth) && (RealSpeed>SpeedEDmax) && (Fuel>fuelMin+fuelHys)],"245",1,decision,0,0
22,Regen-DEAD,146,TransitionLogicalOperator,stateMachine/Chart,[(SOC > SOCmin+SOCth) && (RealSpeed>SpeedEDmax) && (Fuel>fuelMin+fuelHys)],"245",1,decision,0,0
23,Regen-ED,146,TransitionLogicalOperator,stateMachine/Chart,[(SOC > SOCmin+SOCth) && (RealSpeed>SpeedEDmax) && (Fuel>fuelMin+fuelHys)],"245",1,decision,0,0
24,Regen-NoCharge,146,TransitionLogicalOperator,stateMachine/Chart,[(SOC > SOCmin+SOCth) && (RealSpeed>SpeedEDmax) && (Fuel>fuelMin+fuelHys)],"245",1,decision,0,0
25,Regen-Combined,146,TransitionLogicalOperator,stateMachine/Chart,[(SOC > SOCmin+SOCth) && (RealSpeed>SpeedEDmax) && (Fuel>fuelMin+fuelHys)],"245",1,decision,1,1
1,Dead-Dead,147,TransitionMathOperator,stateMachine/Chart,[(SOC < SOCmin+SOCth) && (Fuel<fuelMin+fuelHys) ],"225",1,decision,0,0
2,Dead-Regen,147,TransitionMathOperator,stateMachine/Chart,[(SOC < SOCmin+SOCth) && (Fuel<fuelMin+fuelHys) ],"225",1,decision,0,0
3,Dead-ED,147,TransitionMathOperator,stateMachine/Chart,[(SOC < SOCmin+SOCth) && (Fuel<fuelMin+fuelHys) ],"225",1,decision,0,0
4,Dead-NoCharge,147,TransitionMathOperator,stateMachine/Chart,[(SOC < SOCmin+SOCth) && (Fuel<fuelMin+fuelHys) ],"225",1,decision,0,0
5,Dead-Combined,147,TransitionMathOperator,stateMachine/Chart,[(SOC < SOCmin+SOCth) && (Fuel<fuelMin+fuelHys) ],"225",1,decision,0,0
6,NoCharge-DEAD,147,TransitionMathOperator,stateMachine/Chart,[(SOC < SOCmin+SOCth) && (Fuel<fuelMin+fuelHys) ],"225",1,decision,0,0
7,NoCharge-Regen,147,TransitionMathOperator,stateMachine/Chart,[(SOC < SOCmin+SOCth) && (Fuel<fuelMin+fuelHys) ],"225",1,decision,0,0
8,NoCharge-ED,147,TransitionMathOperator,stateMachine/Chart,[(SOC < SOCmin+SOCth) && (Fuel<fuelMin+fuelHys) ],"225",1,decision,0,0
9,NoCharge-Combined,147,TransitionMathOperator,stateMachine/Chart,[(SOC < SOCmin+SOCth) && (Fuel<fuelMin+fuelHys) ],"225",1,decision,0,0
10,NoCharge-NoCharge,147,TransitionMathOperator,stateMachine/Chart,[(SOC < SOCmin+SOCth) && (Fuel<fuelMin+fuelHys) ],"225",1,decision,0,0
11,ED-ED,147,TransitionMathOperator,stateMachine/Chart,[(SOC < SOCmin+SOCth) && (Fuel<fuelMin+fuelHys) ],"225",1,decision,0,0
12,ED-Regen,147,TransitionMathOperator,stateMachine/Chart,[(SOC < SOCmin+SOCth) && (Fuel<fuelMin+fuelHys) ],"225",1,decision,0,0
13,ED-DEAD,147,TransitionMathOperator,stateMachine/Chart,[(SOC < SOCmin+SOCth) && (Fuel<fuelMin+fuelHys) ],"225",1,decision,0,0
14,ED-NoCharge,147,TransitionMathOperator,stateMachine/Chart,[(SOC < SOCmin+SOCth) && (Fuel<fuelMin+fuelHys) ],"225",1,decision,0,0
15,ED-Combined,147,TransitionMathOperator,stateMachine/Chart,[(SOC < SOCmin+SOCth) && (Fuel<fuelMin+fuelHys) ],"225",1,decision,0,0
16,Combined-Combined,147,TransitionMathOperator,stateMachine/Chart,[(SOC < SOCmin+SOCth) && (Fuel<fuelMin+fuelHys) ],"225",1,decision,0,0
17,Combined-Regen,147,TransitionMathOperator,stateMachine/Chart,[(SOC < SOCmin+SOCth) && (Fuel<fuelMin+fuelHys) ],"225",1,decision,0,0
18,Combined-DEAD,147,TransitionMathOperator,stateMachine/Chart,[(SOC < SOCmin+SOCth) && (Fuel<fuelMin+fuelHys) ],"225",1,decision,0,0
19,Combined-ED,147,TransitionMathOperator,stateMachine/Chart,[(SOC < SOCmin+SOCth) && (Fuel<fuelMin+fuelHys) ],"225",1,decision,0,0
20,Combined-NoCharge,147,TransitionMathOperator,stateMachine/Chart,[(SOC < SOCmin+SOCth) && (Fuel<fuelMin+fuelHys) ],"225",1,decision,0,0
21,Regen-Regen,147,TransitionMathOperator,stateMachine/Chart,[(SOC < SOCmin+SOCth) && (Fuel<fuelMin+fuelHys) ],"225",1,decision,0,0
22,Regen-DEAD,147,TransitionMathOperator,stateMachine/Chart,[(SOC < SOCmin+SOCth) && (Fuel<fuelMin+fuelHys) ],"225",1,decision,1,1
23,Regen-ED,147,TransitionMathOperator,stateMachine/Chart,[(SOC < SOCmin+SOCth) && (Fuel<fuelMin+fuelHys) ],"225",1,decision,1,1
24,Regen-NoCharge,147,TransitionMathOperator,stateMachine/Chart,[(SOC < SOCmin+SOCth) && (Fuel<fuelMin+fuelHys) ],"225",1,decision,1,1
25,Regen-Combined,147,TransitionMathOperator,stateMachine/Chart,[(SOC < SOCmin+SOCth) && (Fuel<fuelMin+fuelHys) ],"225",1,decision,1,1
1,Dead-Dead,148,TransitionMathOperator,stateMachine/Chart,[ (Fuel>fuelMin+fuelHys)],"228",1,decision,1,1
2,Dead-Regen,148,TransitionMathOperator,stateMachine/Chart,[ (Fuel>fuelMin+fuelHys)],"228",1,decision,1,1
3,Dead-ED,148,TransitionMathOperator,stateMachine/Chart,[ (Fuel>fuelMin+fuelHys)],"228",1,decision,0,0
4,Dead-NoCharge,148,TransitionMathOperator,stateMachine/Chart,[ (Fuel>fuelMin+fuelHys)],"228",1,decision,1,1
5,Dead-Combined,148,TransitionMathOperator,stateMachine/Chart,[ (Fuel>fuelMin+fuelHys)],"228",1,decision,0,0
6,NoCharge-DEAD,148,TransitionMathOperator,stateMachine/Chart,[ (Fuel>fuelMin+fuelHys)],"228",1,decision,1,1
7,NoCharge-Regen,148,TransitionMathOperator,stateMachine/Chart,[ (Fuel>fuelMin+fuelHys)],"228",1,decision,1,1
8,NoCharge-ED,148,TransitionMathOperator,stateMachine/Chart,[ (Fuel>fuelMin+fuelHys)],"228",1,decision,1,1
9,NoCharge-Combined,148,TransitionMathOperator,stateMachine/Chart,[ (Fuel>fuelMin+fuelHys)],"228",1,decision,1,1
10,NoCharge-NoCharge,148,TransitionMathOperator,stateMachine/Chart,[ (Fuel>fuelMin+fuelHys)],"228",1,decision,1,1
11,ED-ED,148,TransitionMathOperator,stateMachine/Chart,[ (Fuel>fuelMin+fuelHys)],"228",1,decision,0,0
12,ED-Regen,148,TransitionMathOperator,stateMachine/Chart,[ (Fuel>fuelMin+fuelHys)],"228",1,decision,0,0
13,ED-DEAD,148,TransitionMathOperator,stateMachine/Chart,[ (Fuel>fuelMin+fuelHys)],"228",1,decision,1,1
14,ED-NoCharge,148,TransitionMathOperator,stateMachine/Chart,[ (Fuel>fuelMin+fuelHys)],"228",1,decision,0,0
15,ED-Combined,148,TransitionMathOperator,stateMachine/Chart,[ (Fuel>fuelMin+fuelHys)],"228",1,decision,0,0
16,Combined-Combined,148,TransitionMathOperator,stateMachine/Chart,[ (Fuel>fuelMin+fuelHys)],"228",1,decision,0,0
17,Combined-Regen,148,TransitionMathOperator,stateMachine/Chart,[ (Fuel>fuelMin+fuelHys)],"228",1,decision,0,0
18,Combined-DEAD,148,TransitionMathOperator,stateMachine/Chart,[ (Fuel>fuelMin+fuelHys)],"228",1,decision,1,1
19,Combined-ED,148,TransitionMathOperator,stateMachine/Chart,[ (Fuel>fuelMin+fuelHys)],"228",1,decision,0,0
20,Combined-NoCharge,148,TransitionMathOperator,stateMachine/Chart,[ (Fuel>fuelMin+fuelHys)],"228",1,decision,0,0
21,Regen-Regen,148,TransitionMathOperator,stateMachine/Chart,[ (Fuel>fuelMin+fuelHys)],"228",1,decision,0,0
22,Regen-DEAD,148,TransitionMathOperator,stateMachine/Chart,[ (Fuel>fuelMin+fuelHys)],"228",1,decision,1,1
23,Regen-ED,148,TransitionMathOperator,stateMachine/Chart,[ (Fuel>fuelMin+fuelHys)],"228",1,decision,0,0
24,Regen-NoCharge,148,TransitionMathOperator,stateMachine/Chart,[ (Fuel>fuelMin+fuelHys)],"228",1,decision,0,0
25,Regen-Combined,148,TransitionMathOperator,stateMachine/Chart,[ (Fuel>fuelMin+fuelHys)],"228",1,decision,0,0
1,Dead-Dead,149,TransitionMathOperator,stateMachine/Chart,[(SOC > SOCmin+SOCth)],"229",1,decision,1,1
2,Dead-Regen,149,TransitionMathOperator,stateMachine/Chart,[(SOC > SOCmin+SOCth)],"229",1,decision,1,1
3,Dead-ED,149,TransitionMathOperator,stateMachine/Chart,[(SOC > SOCmin+SOCth)],"229",1,decision,1,1
4,Dead-NoCharge,149,TransitionMathOperator,stateMachine/Chart,[(SOC > SOCmin+SOCth)],"229",1,decision,1,1
5,Dead-Combined,149,TransitionMathOperator,stateMachine/Chart,[(SOC > SOCmin+SOCth)],"229",1,decision,0,0
6,NoCharge-DEAD,149,TransitionMathOperator,stateMachine/Chart,[(SOC > SOCmin+SOCth)],"229",1,decision,1,1
7,NoCharge-Regen,149,TransitionMathOperator,stateMachine/Chart,[(SOC > SOCmin+SOCth)],"229",1,decision,1,1
8,NoCharge-ED,149,TransitionMathOperator,stateMachine/Chart,[(SOC > SOCmin+SOCth)],"229",1,decision,1,1
9,NoCharge-Combined,149,TransitionMathOperator,stateMachine/Chart,[(SOC > SOCmin+SOCth)],"229",1,decision,1,1
10,NoCharge-NoCharge,149,TransitionMathOperator,stateMachine/Chart,[(SOC > SOCmin+SOCth)],"229",1,decision,1,1
11,ED-ED,149,TransitionMathOperator,stateMachine/Chart,[(SOC > SOCmin+SOCth)],"229",1,decision,1,1
12,ED-Regen,149,TransitionMathOperator,stateMachine/Chart,[(SOC > SOCmin+SOCth)],"229",1,decision,1,1
13,ED-DEAD,149,TransitionMathOperator,stateMachine/Chart,[(SOC > SOCmin+SOCth)],"229",1,decision,1,1
14,ED-NoCharge,149,TransitionMathOperator,stateMachine/Chart,[(SOC > SOCmin+SOCth)],"229",1,decision,1,1
15,ED-Combined,149,TransitionMathOperator,stateMachine/Chart,[(SOC > SOCmin+SOCth)],"229",1,decision,1,1
16,Combined-Combined,149,TransitionMathOperator,stateMachine/Chart,[(SOC > SOCmin+SOCth)],"229",1,decision,0,0
17,Combined-Regen,149,TransitionMathOperator,stateMachine/Chart,[(SOC > SOCmin+SOCth)],"229",1,decision,0,0
18,Combined-DEAD,149,TransitionMathOperator,stateMachine/Chart,[(SOC > SOCmin+SOCth)],"229",1,decision,1,1
19,Combined-ED,149,TransitionMathOperator,stateMachine/Chart,[(SOC > SOCmin+SOCth)],"229",1,decision,0,0
20,Combined-NoCharge,149,TransitionMathOperator,stateMachine/Chart,[(SOC > SOCmin+SOCth)],"229",1,decision,0,0
21,Regen-Regen,149,TransitionMathOperator,stateMachine/Chart,[(SOC > SOCmin+SOCth)],"229",1,decision,0,0
22,Regen-DEAD,149,TransitionMathOperator,stateMachine/Chart,[(SOC > SOCmin+SOCth)],"229",1,decision,1,1
23,Regen-ED,149,TransitionMathOperator,stateMachine/Chart,[(SOC > SOCmin+SOCth)],"229",1,decision,0,0
24,Regen-NoCharge,149,TransitionMathOperator,stateMachine/Chart,[(SOC > SOCmin+SOCth)],"229",1,decision,0,0
25,Regen-Combined,149,TransitionMathOperator,stateMachine/Chart,[(SOC > SOCmin+SOCth)],"229",1,decision,0,0
1,Dead-Dead,150,TransitionMathOperator,stateMachine/Chart,[(Fuel<fuelMin+fuelHys) && (SOC <=SOCmin+SOCth)],"230,232",2,decision,0,NaN
2,Dead-Regen,150,TransitionMathOperator,stateMachine/Chart,[(Fuel<fuelMin+fuelHys) && (SOC <=SOCmin+SOCth)],"230,232",2,decision,0,NaN
3,Dead-ED,150,TransitionMathOperator,stateMachine/Chart,[(Fuel<fuelMin+fuelHys) && (SOC <=SOCmin+SOCth)],"230,232",2,decision,0,NaN
4,Dead-NoCharge,150,TransitionMathOperator,stateMachine/Chart,[(Fuel<fuelMin+fuelHys) && (SOC <=SOCmin+SOCth)],"230,232",2,decision,1,NaN
5,Dead-Combined,150,TransitionMathOperator,stateMachine/Chart,[(Fuel<fuelMin+fuelHys) && (SOC <=SOCmin+SOCth)],"230,232",2,decision,1,NaN
6,NoCharge-DEAD,150,TransitionMathOperator,stateMachine/Chart,[(Fuel<fuelMin+fuelHys) && (SOC <=SOCmin+SOCth)],"230,232",2,decision,1,NaN
7,NoCharge-Regen,150,TransitionMathOperator,stateMachine/Chart,[(Fuel<fuelMin+fuelHys) && (SOC <=SOCmin+SOCth)],"230,232",2,decision,1,NaN
8,NoCharge-ED,150,TransitionMathOperator,stateMachine/Chart,[(Fuel<fuelMin+fuelHys) && (SOC <=SOCmin+SOCth)],"230,232",2,decision,1,NaN
9,NoCharge-Combined,150,TransitionMathOperator,stateMachine/Chart,[(Fuel<fuelMin+fuelHys) && (SOC <=SOCmin+SOCth)],"230,232",2,decision,1,NaN
10,NoCharge-NoCharge,150,TransitionMathOperator,stateMachine/Chart,[(Fuel<fuelMin+fuelHys) && (SOC <=SOCmin+SOCth)],"230,232",2,decision,1,NaN
11,ED-ED,150,TransitionMathOperator,stateMachine/Chart,[(Fuel<fuelMin+fuelHys) && (SOC <=SOCmin+SOCth)],"230,232",2,decision,0,NaN
12,ED-Regen,150,TransitionMathOperator,stateMachine/Chart,[(Fuel<fuelMin+fuelHys) && (SOC <=SOCmin+SOCth)],"230,232",2,decision,0,NaN
13,ED-DEAD,150,TransitionMathOperator,stateMachine/Chart,[(Fuel<fuelMin+fuelHys) && (SOC <=SOCmin+SOCth)],"230,232",2,decision,0,NaN
14,ED-NoCharge,150,TransitionMathOperator,stateMachine/Chart,[(Fuel<fuelMin+fuelHys) && (SOC <=SOCmin+SOCth)],"230,232",2,decision,1,NaN
15,ED-Combined,150,TransitionMathOperator,stateMachine/Chart,[(Fuel<fuelMin+fuelHys) && (SOC <=SOCmin+SOCth)],"230,232",2,decision,1,NaN
16,Combined-Combined,150,TransitionMathOperator,stateMachine/Chart,[(Fuel<fuelMin+fuelHys) && (SOC <=SOCmin+SOCth)],"230,232",2,decision,1,NaN
17,Combined-Regen,150,TransitionMathOperator,stateMachine/Chart,[(Fuel<fuelMin+fuelHys) && (SOC <=SOCmin+SOCth)],"230,232",2,decision,1,NaN
18,Combined-DEAD,150,TransitionMathOperator,stateMachine/Chart,[(Fuel<fuelMin+fuelHys) && (SOC <=SOCmin+SOCth)],"230,232",2,decision,1,NaN
19,Combined-ED,150,TransitionMathOperator,stateMachine/Chart,[(Fuel<fuelMin+fuelHys) && (SOC <=SOCmin+SOCth)],"230,232",2,decision,1,NaN
20,Combined-NoCharge,150,TransitionMathOperator,stateMachine/Chart,[(Fuel<fuelMin+fuelHys) && (SOC <=SOCmin+SOCth)],"230,232",2,decision,1,NaN
21,Regen-Regen,150,TransitionMathOperator,stateMachine/Chart,[(Fuel<fuelMin+fuelHys) && (SOC <=SOCmin+SOCth)],"230,232",2,decision,0,NaN
22,Regen-DEAD,150,TransitionMathOperator,stateMachine/Chart,[(Fuel<fuelMin+fuelHys) && (SOC <=SOCmin+SOCth)],"230,232",2,decision,0,NaN
23,Regen-ED,150,TransitionMathOperator,stateMachine/Chart,[(Fuel<fuelMin+fuelHys) && (SOC <=SOCmin+SOCth)],"230,232",2,decision,0,NaN
24,Regen-NoCharge,150,TransitionMathOperator,stateMachine/Chart,[(Fuel<fuelMin+fuelHys) && (SOC <=SOCmin+SOCth)],"230,232",2,decision,1,NaN
25,Regen-Combined,150,TransitionMathOperator,stateMachine/Chart,[(Fuel<fuelMin+fuelHys) && (SOC <=SOCmin+SOCth)],"230,232",2,decision,1,NaN
1,Dead-Dead,151,TransitionMathOperator,stateMachine/Chart,[(SOC<SOCmin+SOCth) && (Fuel<fuelMin+fuelHys) ],"231",1,decision,0,0
2,Dead-Regen,151,TransitionMathOperator,stateMachine/Chart,[(SOC<SOCmin+SOCth) && (Fuel<fuelMin+fuelHys) ],"231",1,decision,0,0
3,Dead-ED,151,TransitionMathOperator,stateMachine/Chart,[(SOC<SOCmin+SOCth) && (Fuel<fuelMin+fuelHys) ],"231",1,decision,1,1
4,Dead-NoCharge,151,TransitionMathOperator,stateMachine/Chart,[(SOC<SOCmin+SOCth) && (Fuel<fuelMin+fuelHys) ],"231",1,decision,0,0
5,Dead-Combined,151,TransitionMathOperator,stateMachine/Chart,[(SOC<SOCmin+SOCth) && (Fuel<fuelMin+fuelHys) ],"231",1,decision,0,0
6,NoCharge-DEAD,151,TransitionMathOperator,stateMachine/Chart,[(SOC<SOCmin+SOCth) && (Fuel<fuelMin+fuelHys) ],"231",1,decision,0,0
7,NoCharge-Regen,151,TransitionMathOperator,stateMachine/Chart,[(SOC<SOCmin+SOCth) && (Fuel<fuelMin+fuelHys) ],"231",1,decision,0,0
8,NoCharge-ED,151,TransitionMathOperator,stateMachine/Chart,[(SOC<SOCmin+SOCth) && (Fuel<fuelMin+fuelHys) ],"231",1,decision,1,1
9,NoCharge-Combined,151,TransitionMathOperator,stateMachine/Chart,[(SOC<SOCmin+SOCth) && (Fuel<fuelMin+fuelHys) ],"231",1,decision,0,0
10,NoCharge-NoCharge,151,TransitionMathOperator,stateMachine/Chart,[(SOC<SOCmin+SOCth) && (Fuel<fuelMin+fuelHys) ],"231",1,decision,0,0
11,ED-ED,151,TransitionMathOperator,stateMachine/Chart,[(SOC<SOCmin+SOCth) && (Fuel<fuelMin+fuelHys) ],"231",1,decision,1,1
12,ED-Regen,151,TransitionMathOperator,stateMachine/Chart,[(SOC<SOCmin+SOCth) && (Fuel<fuelMin+fuelHys) ],"231",1,decision,1,1
13,ED-DEAD,151,TransitionMathOperator,stateMachine/Chart,[(SOC<SOCmin+SOCth) && (Fuel<fuelMin+fuelHys) ],"231",1,decision,1,1
14,ED-NoCharge,151,TransitionMathOperator,stateMachine/Chart,[(SOC<SOCmin+SOCth) && (Fuel<fuelMin+fuelHys) ],"231",1,decision,1,1
15,ED-Combined,151,TransitionMathOperator,stateMachine/Chart,[(SOC<SOCmin+SOCth) && (Fuel<fuelMin+fuelHys) ],"231",1,decision,1,1
16,Combined-Combined,151,TransitionMathOperator,stateMachine/Chart,[(SOC<SOCmin+SOCth) && (Fuel<fuelMin+fuelHys) ],"231",1,decision,0,0
17,Combined-Regen,151,TransitionMathOperator,stateMachine/Chart,[(SOC<SOCmin+SOCth) && (Fuel<fuelMin+fuelHys) ],"231",1,decision,0,0
18,Combined-DEAD,151,TransitionMathOperator,stateMachine/Chart,[(SOC<SOCmin+SOCth) && (Fuel<fuelMin+fuelHys) ],"231",1,decision,0,0
19,Combined-ED,151,TransitionMathOperator,stateMachine/Chart,[(SOC<SOCmin+SOCth) && (Fuel<fuelMin+fuelHys) ],"231",1,decision,1,1
20,Combined-NoCharge,151,TransitionMathOperator,stateMachine/Chart,[(SOC<SOCmin+SOCth) && (Fuel<fuelMin+fuelHys) ],"231",1,decision,0,0
21,Regen-Regen,151,TransitionMathOperator,stateMachine/Chart,[(SOC<SOCmin+SOCth) && (Fuel<fuelMin+fuelHys) ],"231",1,decision,0,0
22,Regen-DEAD,151,TransitionMathOperator,stateMachine/Chart,[(SOC<SOCmin+SOCth) && (Fuel<fuelMin+fuelHys) ],"231",1,decision,0,0
23,Regen-ED,151,TransitionMathOperator,stateMachine/Chart,[(SOC<SOCmin+SOCth) && (Fuel<fuelMin+fuelHys) ],"231",1,decision,1,1
24,Regen-NoCharge,151,TransitionMathOperator,stateMachine/Chart,[(SOC<SOCmin+SOCth) && (Fuel<fuelMin+fuelHys) ],"231",1,decision,0,0
25,Regen-Combined,151,TransitionMathOperator,stateMachine/Chart,[(SOC<SOCmin+SOCth) && (Fuel<fuelMin+fuelHys) ],"231",1,decision,0,0
1,Dead-Dead,152,TransitionMathOperator,stateMachine/Chart,[(Fuel<fuelMin+fuelHys) && (SOC <=SOCmin+SOCth)],"230,232",2,decision,0,NaN
2,Dead-Regen,152,TransitionMathOperator,stateMachine/Chart,[(Fuel<fuelMin+fuelHys) && (SOC <=SOCmin+SOCth)],"230,232",2,decision,0,NaN
3,Dead-ED,152,TransitionMathOperator,stateMachine/Chart,[(Fuel<fuelMin+fuelHys) && (SOC <=SOCmin+SOCth)],"230,232",2,decision,0,NaN
4,Dead-NoCharge,152,TransitionMathOperator,stateMachine/Chart,[(Fuel<fuelMin+fuelHys) && (SOC <=SOCmin+SOCth)],"230,232",2,decision,1,NaN
5,Dead-Combined,152,TransitionMathOperator,stateMachine/Chart,[(Fuel<fuelMin+fuelHys) && (SOC <=SOCmin+SOCth)],"230,232",2,decision,1,NaN
6,NoCharge-DEAD,152,TransitionMathOperator,stateMachine/Chart,[(Fuel<fuelMin+fuelHys) && (SOC <=SOCmin+SOCth)],"230,232",2,decision,1,NaN
7,NoCharge-Regen,152,TransitionMathOperator,stateMachine/Chart,[(Fuel<fuelMin+fuelHys) && (SOC <=SOCmin+SOCth)],"230,232",2,decision,1,NaN
8,NoCharge-ED,152,TransitionMathOperator,stateMachine/Chart,[(Fuel<fuelMin+fuelHys) && (SOC <=SOCmin+SOCth)],"230,232",2,decision,1,NaN
9,NoCharge-Combined,152,TransitionMathOperator,stateMachine/Chart,[(Fuel<fuelMin+fuelHys) && (SOC <=SOCmin+SOCth)],"230,232",2,decision,1,NaN
10,NoCharge-NoCharge,152,TransitionMathOperator,stateMachine/Chart,[(Fuel<fuelMin+fuelHys) && (SOC <=SOCmin+SOCth)],"230,232",2,decision,1,NaN
11,ED-ED,152,TransitionMathOperator,stateMachine/Chart,[(Fuel<fuelMin+fuelHys) && (SOC <=SOCmin+SOCth)],"230,232",2,decision,0,NaN
12,ED-Regen,152,TransitionMathOperator,stateMachine/Chart,[(Fuel<fuelMin+fuelHys) && (SOC <=SOCmin+SOCth)],"230,232",2,decision,0,NaN
13,ED-DEAD,152,TransitionMathOperator,stateMachine/Chart,[(Fuel<fuelMin+fuelHys) && (SOC <=SOCmin+SOCth)],"230,232",2,decision,0,NaN
14,ED-NoCharge,152,TransitionMathOperator,stateMachine/Chart,[(Fuel<fuelMin+fuelHys) && (SOC <=SOCmin+SOCth)],"230,232",2,decision,1,NaN
15,ED-Combined,152,TransitionMathOperator,stateMachine/Chart,[(Fuel<fuelMin+fuelHys) && (SOC <=SOCmin+SOCth)],"230,232",2,decision,1,NaN
16,Combined-Combined,152,TransitionMathOperator,stateMachine/Chart,[(Fuel<fuelMin+fuelHys) && (SOC <=SOCmin+SOCth)],"230,232",2,decision,1,NaN
17,Combined-Regen,152,TransitionMathOperator,stateMachine/Chart,[(Fuel<fuelMin+fuelHys) && (SOC <=SOCmin+SOCth)],"230,232",2,decision,1,NaN
18,Combined-DEAD,152,TransitionMathOperator,stateMachine/Chart,[(Fuel<fuelMin+fuelHys) && (SOC <=SOCmin+SOCth)],"230,232",2,decision,1,NaN
19,Combined-ED,152,TransitionMathOperator,stateMachine/Chart,[(Fuel<fuelMin+fuelHys) && (SOC <=SOCmin+SOCth)],"230,232",2,decision,1,NaN
20,Combined-NoCharge,152,TransitionMathOperator,stateMachine/Chart,[(Fuel<fuelMin+fuelHys) && (SOC <=SOCmin+SOCth)],"230,232",2,decision,1,NaN
21,Regen-Regen,152,TransitionMathOperator,stateMachine/Chart,[(Fuel<fuelMin+fuelHys) && (SOC <=SOCmin+SOCth)],"230,232",2,decision,0,NaN
22,Regen-DEAD,152,TransitionMathOperator,stateMachine/Chart,[(Fuel<fuelMin+fuelHys) && (SOC <=SOCmin+SOCth)],"230,232",2,decision,0,NaN
23,Regen-ED,152,TransitionMathOperator,stateMachine/Chart,[(Fuel<fuelMin+fuelHys) && (SOC <=SOCmin+SOCth)],"230,232",2,decision,0,NaN
24,Regen-NoCharge,152,TransitionMathOperator,stateMachine/Chart,[(Fuel<fuelMin+fuelHys) && (SOC <=SOCmin+SOCth)],"230,232",2,decision,1,NaN
25,Regen-Combined,152,TransitionMathOperator,stateMachine/Chart,[(Fuel<fuelMin+fuelHys) && (SOC <=SOCmin+SOCth)],"230,232",2,decision,1,NaN
1,Dead-Dead,153,TransitionMathOperator,stateMachine/Chart,[(SOC > SOCmin+SOCth) && (Acc>maxAccICE || Acc>maxAccMGU) && (Fuel>fuelMin+fuelHys)],"233",1,decision,1,1
2,Dead-Regen,153,TransitionMathOperator,stateMachine/Chart,[(SOC > SOCmin+SOCth) && (Acc>maxAccICE || Acc>maxAccMGU) && (Fuel>fuelMin+fuelHys)],"233",1,decision,1,1
3,Dead-ED,153,TransitionMathOperator,stateMachine/Chart,[(SOC > SOCmin+SOCth) && (Acc>maxAccICE || Acc>maxAccMGU) && (Fuel>fuelMin+fuelHys)],"233",1,decision,1,1
4,Dead-NoCharge,153,TransitionMathOperator,stateMachine/Chart,[(SOC > SOCmin+SOCth) && (Acc>maxAccICE || Acc>maxAccMGU) && (Fuel>fuelMin+fuelHys)],"233",1,decision,1,1
5,Dead-Combined,153,TransitionMathOperator,stateMachine/Chart,[(SOC > SOCmin+SOCth) && (Acc>maxAccICE || Acc>maxAccMGU) && (Fuel>fuelMin+fuelHys)],"233",1,decision,1,1
6,NoCharge-DEAD,153,TransitionMathOperator,stateMachine/Chart,[(SOC > SOCmin+SOCth) && (Acc>maxAccICE || Acc>maxAccMGU) && (Fuel>fuelMin+fuelHys)],"233",1,decision,1,1
7,NoCharge-Regen,153,TransitionMathOperator,stateMachine/Chart,[(SOC > SOCmin+SOCth) && (Acc>maxAccICE || Acc>maxAccMGU) && (Fuel>fuelMin+fuelHys)],"233",1,decision,1,1
8,NoCharge-ED,153,TransitionMathOperator,stateMachine/Chart,[(SOC > SOCmin+SOCth) && (Acc>maxAccICE || Acc>maxAccMGU) && (Fuel>fuelMin+fuelHys)],"233",1,decision,1,1
9,NoCharge-Combined,153,TransitionMathOperator,stateMachine/Chart,[(SOC > SOCmin+SOCth) && (Acc>maxAccICE || Acc>maxAccMGU) && (Fuel>fuelMin+fuelHys)],"233",1,decision,1,1
10,NoCharge-NoCharge,153,TransitionMathOperator,stateMachine/Chart,[(SOC > SOCmin+SOCth) && (Acc>maxAccICE || Acc>maxAccMGU) && (Fuel>fuelMin+fuelHys)],"233",1,decision,1,1
11,ED-ED,153,TransitionMathOperator,stateMachine/Chart,[(SOC > SOCmin+SOCth) && (Acc>maxAccICE || Acc>maxAccMGU) && (Fuel>fuelMin+fuelHys)],"233",1,decision,1,1
12,ED-Regen,153,TransitionMathOperator,stateMachine/Chart,[(SOC > SOCmin+SOCth) && (Acc>maxAccICE || Acc>maxAccMGU) && (Fuel>fuelMin+fuelHys)],"233",1,decision,1,1
13,ED-DEAD,153,TransitionMathOperator,stateMachine/Chart,[(SOC > SOCmin+SOCth) && (Acc>maxAccICE || Acc>maxAccMGU) && (Fuel>fuelMin+fuelHys)],"233",1,decision,1,1
14,ED-NoCharge,153,TransitionMathOperator,stateMachine/Chart,[(SOC > SOCmin+SOCth) && (Acc>maxAccICE || Acc>maxAccMGU) && (Fuel>fuelMin+fuelHys)],"233",1,decision,1,1
15,ED-Combined,153,TransitionMathOperator,stateMachine/Chart,[(SOC > SOCmin+SOCth) && (Acc>maxAccICE || Acc>maxAccMGU) && (Fuel>fuelMin+fuelHys)],"233",1,decision,1,1
16,Combined-Combined,153,TransitionMathOperator,stateMachine/Chart,[(SOC > SOCmin+SOCth) && (Acc>maxAccICE || Acc>maxAccMGU) && (Fuel>fuelMin+fuelHys)],"233",1,decision,1,1
17,Combined-Regen,153,TransitionMathOperator,stateMachine/Chart,[(SOC > SOCmin+SOCth) && (Acc>maxAccICE || Acc>maxAccMGU) && (Fuel>fuelMin+fuelHys)],"233",1,decision,1,1
18,Combined-DEAD,153,TransitionMathOperator,stateMachine/Chart,[(SOC > SOCmin+SOCth) && (Acc>maxAccICE || Acc>maxAccMGU) && (Fuel>fuelMin+fuelHys)],"233",1,decision,1,1
19,Combined-ED,153,TransitionMathOperator,stateMachine/Chart,[(SOC > SOCmin+SOCth) && (Acc>maxAccICE || Acc>maxAccMGU) && (Fuel>fuelMin+fuelHys)],"233",1,decision,1,1
20,Combined-NoCharge,153,TransitionMathOperator,stateMachine/Chart,[(SOC > SOCmin+SOCth) && (Acc>maxAccICE || Acc>maxAccMGU) && (Fuel>fuelMin+fuelHys)],"233",1,decision,1,1
21,Regen-Regen,153,TransitionMathOperator,stateMachine/Chart,[(SOC > SOCmin+SOCth) && (Acc>maxAccICE || Acc>maxAccMGU) && (Fuel>fuelMin+fuelHys)],"233",1,decision,0,0
22,Regen-DEAD,153,TransitionMathOperator,stateMachine/Chart,[(SOC > SOCmin+SOCth) && (Acc>maxAccICE || Acc>maxAccMGU) && (Fuel>fuelMin+fuelHys)],"233",1,decision,1,1
23,Regen-ED,153,TransitionMathOperator,stateMachine/Chart,[(SOC > SOCmin+SOCth) && (Acc>maxAccICE || Acc>maxAccMGU) && (Fuel>fuelMin+fuelHys)],"233",1,decision,0,0
24,Regen-NoCharge,153,TransitionMathOperator,stateMachine/Chart,[(SOC > SOCmin+SOCth) && (Acc>maxAccICE || Acc>maxAccMGU) && (Fuel>fuelMin+fuelHys)],"233",1,decision,0,0
25,Regen-Combined,153,TransitionMathOperator,stateMachine/Chart,[(SOC > SOCmin+SOCth) && (Acc>maxAccICE || Acc>maxAccMGU) && (Fuel>fuelMin+fuelHys)],"233",1,decision,0,0
1,Dead-Dead,154,TransitionMathOperator,stateMachine/Chart,[(Fuel>fuelMin+fuelHys) && (SOC <=SOCmin+SOCth)],"234",1,decision,0,0
2,Dead-Regen,154,TransitionMathOperator,stateMachine/Chart,[(Fuel>fuelMin+fuelHys) && (SOC <=SOCmin+SOCth)],"234",1,decision,0,0
3,Dead-ED,154,TransitionMathOperator,stateMachine/Chart,[(Fuel>fuelMin+fuelHys) && (SOC <=SOCmin+SOCth)],"234",1,decision,1,1
4,Dead-NoCharge,154,TransitionMathOperator,stateMachine/Chart,[(Fuel>fuelMin+fuelHys) && (SOC <=SOCmin+SOCth)],"234",1,decision,0,0
5,Dead-Combined,154,TransitionMathOperator,stateMachine/Chart,[(Fuel>fuelMin+fuelHys) && (SOC <=SOCmin+SOCth)],"234",1,decision,0,0
6,NoCharge-DEAD,154,TransitionMathOperator,stateMachine/Chart,[(Fuel>fuelMin+fuelHys) && (SOC <=SOCmin+SOCth)],"234",1,decision,0,0
7,NoCharge-Regen,154,TransitionMathOperator,stateMachine/Chart,[(Fuel>fuelMin+fuelHys) && (SOC <=SOCmin+SOCth)],"234",1,decision,0,0
8,NoCharge-ED,154,TransitionMathOperator,stateMachine/Chart,[(Fuel>fuelMin+fuelHys) && (SOC <=SOCmin+SOCth)],"234",1,decision,1,1
9,NoCharge-Combined,154,TransitionMathOperator,stateMachine/Chart,[(Fuel>fuelMin+fuelHys) && (SOC <=SOCmin+SOCth)],"234",1,decision,0,0
10,NoCharge-NoCharge,154,TransitionMathOperator,stateMachine/Chart,[(Fuel>fuelMin+fuelHys) && (SOC <=SOCmin+SOCth)],"234",1,decision,0,0
11,ED-ED,154,TransitionMathOperator,stateMachine/Chart,[(Fuel>fuelMin+fuelHys) && (SOC <=SOCmin+SOCth)],"234",1,decision,1,1
12,ED-Regen,154,TransitionMathOperator,stateMachine/Chart,[(Fuel>fuelMin+fuelHys) && (SOC <=SOCmin+SOCth)],"234",1,decision,1,1
13,ED-DEAD,154,TransitionMathOperator,stateMachine/Chart,[(Fuel>fuelMin+fuelHys) && (SOC <=SOCmin+SOCth)],"234",1,decision,1,1
14,ED-NoCharge,154,TransitionMathOperator,stateMachine/Chart,[(Fuel>fuelMin+fuelHys) && (SOC <=SOCmin+SOCth)],"234",1,decision,1,1
15,ED-Combined,154,TransitionMathOperator,stateMachine/Chart,[(Fuel>fuelMin+fuelHys) && (SOC <=SOCmin+SOCth)],"234",1,decision,1,1
16,Combined-Combined,154,TransitionMathOperator,stateMachine/Chart,[(Fuel>fuelMin+fuelHys) && (SOC <=SOCmin+SOCth)],"234",1,decision,0,0
17,Combined-Regen,154,TransitionMathOperator,stateMachine/Chart,[(Fuel>fuelMin+fuelHys) && (SOC <=SOCmin+SOCth)],"234",1,decision,0,0
18,Combined-DEAD,154,TransitionMathOperator,stateMachine/Chart,[(Fuel>fuelMin+fuelHys) && (SOC <=SOCmin+SOCth)],"234",1,decision,0,0
19,Combined-ED,154,TransitionMathOperator,stateMachine/Chart,[(Fuel>fuelMin+fuelHys) && (SOC <=SOCmin+SOCth)],"234",1,decision,1,1
20,Combined-NoCharge,154,TransitionMathOperator,stateMachine/Chart,[(Fuel>fuelMin+fuelHys) && (SOC <=SOCmin+SOCth)],"234",1,decision,0,0
21,Regen-Regen,154,TransitionMathOperator,stateMachine/Chart,[(Fuel>fuelMin+fuelHys) && (SOC <=SOCmin+SOCth)],"234",1,decision,0,0
22,Regen-DEAD,154,TransitionMathOperator,stateMachine/Chart,[(Fuel>fuelMin+fuelHys) && (SOC <=SOCmin+SOCth)],"234",1,decision,0,0
23,Regen-ED,154,TransitionMathOperator,stateMachine/Chart,[(Fuel>fuelMin+fuelHys) && (SOC <=SOCmin+SOCth)],"234",1,decision,1,1
24,Regen-NoCharge,154,TransitionMathOperator,stateMachine/Chart,[(Fuel>fuelMin+fuelHys) && (SOC <=SOCmin+SOCth)],"234",1,decision,0,0
25,Regen-Combined,154,TransitionMathOperator,stateMachine/Chart,[(Fuel>fuelMin+fuelHys) && (SOC <=SOCmin+SOCth)],"234",1,decision,0,0
1,Dead-Dead,155,TransitionMathOperator,stateMachine/Chart,[ (Fuel>fuelMin+fuelHys)&& (SOC < SOCmin+SOCth)],"235",1,decision,0,0
2,Dead-Regen,155,TransitionMathOperator,stateMachine/Chart,[ (Fuel>fuelMin+fuelHys)&& (SOC < SOCmin+SOCth)],"235",1,decision,0,0
3,Dead-ED,155,TransitionMathOperator,stateMachine/Chart,[ (Fuel>fuelMin+fuelHys)&& (SOC < SOCmin+SOCth)],"235",1,decision,0,0
4,Dead-NoCharge,155,TransitionMathOperator,stateMachine/Chart,[ (Fuel>fuelMin+fuelHys)&& (SOC < SOCmin+SOCth)],"235",1,decision,0,0
5,Dead-Combined,155,TransitionMathOperator,stateMachine/Chart,[ (Fuel>fuelMin+fuelHys)&& (SOC < SOCmin+SOCth)],"235",1,decision,0,0
6,NoCharge-DEAD,155,TransitionMathOperator,stateMachine/Chart,[ (Fuel>fuelMin+fuelHys)&& (SOC < SOCmin+SOCth)],"235",1,decision,0,0
7,NoCharge-Regen,155,TransitionMathOperator,stateMachine/Chart,[ (Fuel>fuelMin+fuelHys)&& (SOC < SOCmin+SOCth)],"235",1,decision,0,0
8,NoCharge-ED,155,TransitionMathOperator,stateMachine/Chart,[ (Fuel>fuelMin+fuelHys)&& (SOC < SOCmin+SOCth)],"235",1,decision,0,0
9,NoCharge-Combined,155,TransitionMathOperator,stateMachine/Chart,[ (Fuel>fuelMin+fuelHys)&& (SOC < SOCmin+SOCth)],"235",1,decision,0,0
10,NoCharge-NoCharge,155,TransitionMathOperator,stateMachine/Chart,[ (Fuel>fuelMin+fuelHys)&& (SOC < SOCmin+SOCth)],"235",1,decision,0,0
11,ED-ED,155,TransitionMathOperator,stateMachine/Chart,[ (Fuel>fuelMin+fuelHys)&& (SOC < SOCmin+SOCth)],"235",1,decision,0,0
12,ED-Regen,155,TransitionMathOperator,stateMachine/Chart,[ (Fuel>fuelMin+fuelHys)&& (SOC < SOCmin+SOCth)],"235",1,decision,0,0
13,ED-DEAD,155,TransitionMathOperator,stateMachine/Chart,[ (Fuel>fuelMin+fuelHys)&& (SOC < SOCmin+SOCth)],"235",1,decision,0,0
14,ED-NoCharge,155,TransitionMathOperator,stateMachine/Chart,[ (Fuel>fuelMin+fuelHys)&& (SOC < SOCmin+SOCth)],"235",1,decision,0,0
15,ED-Combined,155,TransitionMathOperator,stateMachine/Chart,[ (Fuel>fuelMin+fuelHys)&& (SOC < SOCmin+SOCth)],"235",1,decision,0,0
16,Combined-Combined,155,TransitionMathOperator,stateMachine/Chart,[ (Fuel>fuelMin+fuelHys)&& (SOC < SOCmin+SOCth)],"235",1,decision,0,0
17,Combined-Regen,155,TransitionMathOperator,stateMachine/Chart,[ (Fuel>fuelMin+fuelHys)&& (SOC < SOCmin+SOCth)],"235",1,decision,0,0
18,Combined-DEAD,155,TransitionMathOperator,stateMachine/Chart,[ (Fuel>fuelMin+fuelHys)&& (SOC < SOCmin+SOCth)],"235",1,decision,0,0
19,Combined-ED,155,TransitionMathOperator,stateMachine/Chart,[ (Fuel>fuelMin+fuelHys)&& (SOC < SOCmin+SOCth)],"235",1,decision,0,0
20,Combined-NoCharge,155,TransitionMathOperator,stateMachine/Chart,[ (Fuel>fuelMin+fuelHys)&& (SOC < SOCmin+SOCth)],"235",1,decision,0,0
21,Regen-Regen,155,TransitionMathOperator,stateMachine/Chart,[ (Fuel>fuelMin+fuelHys)&& (SOC < SOCmin+SOCth)],"235",1,decision,0,0
22,Regen-DEAD,155,TransitionMathOperator,stateMachine/Chart,[ (Fuel>fuelMin+fuelHys)&& (SOC < SOCmin+SOCth)],"235",1,decision,0,0
23,Regen-ED,155,TransitionMathOperator,stateMachine/Chart,[ (Fuel>fuelMin+fuelHys)&& (SOC < SOCmin+SOCth)],"235",1,decision,0,0
24,Regen-NoCharge,155,TransitionMathOperator,stateMachine/Chart,[ (Fuel>fuelMin+fuelHys)&& (SOC < SOCmin+SOCth)],"235",1,decision,1,1
25,Regen-Combined,155,TransitionMathOperator,stateMachine/Chart,[ (Fuel>fuelMin+fuelHys)&& (SOC < SOCmin+SOCth)],"235",1,decision,1,1
1,Dead-Dead,156,TransitionMathOperator,stateMachine/Chart,[((SOC > SOCmin+SOCth) && (RealSpeed < SpeedEDmax)) || ((Fuel<fuelMin+fuelHys) && (SOC >SOCmin+SOCth))],"236",1,decision,0,0
2,Dead-Regen,156,TransitionMathOperator,stateMachine/Chart,[((SOC > SOCmin+SOCth) && (RealSpeed < SpeedEDmax)) || ((Fuel<fuelMin+fuelHys) && (SOC >SOCmin+SOCth))],"236",1,decision,0,0
3,Dead-ED,156,TransitionMathOperator,stateMachine/Chart,[((SOC > SOCmin+SOCth) && (RealSpeed < SpeedEDmax)) || ((Fuel<fuelMin+fuelHys) && (SOC >SOCmin+SOCth))],"236",1,decision,0,0
4,Dead-NoCharge,156,TransitionMathOperator,stateMachine/Chart,[((SOC > SOCmin+SOCth) && (RealSpeed < SpeedEDmax)) || ((Fuel<fuelMin+fuelHys) && (SOC >SOCmin+SOCth))],"236",1,decision,1,1
5,Dead-Combined,156,TransitionMathOperator,stateMachine/Chart,[((SOC > SOCmin+SOCth) && (RealSpeed < SpeedEDmax)) || ((Fuel<fuelMin+fuelHys) && (SOC >SOCmin+SOCth))],"236",1,decision,0,0
6,NoCharge-DEAD,156,TransitionMathOperator,stateMachine/Chart,[((SOC > SOCmin+SOCth) && (RealSpeed < SpeedEDmax)) || ((Fuel<fuelMin+fuelHys) && (SOC >SOCmin+SOCth))],"236",1,decision,1,1
7,NoCharge-Regen,156,TransitionMathOperator,stateMachine/Chart,[((SOC > SOCmin+SOCth) && (RealSpeed < SpeedEDmax)) || ((Fuel<fuelMin+fuelHys) && (SOC >SOCmin+SOCth))],"236",1,decision,1,1
8,NoCharge-ED,156,TransitionMathOperator,stateMachine/Chart,[((SOC > SOCmin+SOCth) && (RealSpeed < SpeedEDmax)) || ((Fuel<fuelMin+fuelHys) && (SOC >SOCmin+SOCth))],"236",1,decision,1,1
9,NoCharge-Combined,156,TransitionMathOperator,stateMachine/Chart,[((SOC > SOCmin+SOCth) && (RealSpeed < SpeedEDmax)) || ((Fuel<fuelMin+fuelHys) && (SOC >SOCmin+SOCth))],"236",1,decision,1,1
10,NoCharge-NoCharge,156,TransitionMathOperator,stateMachine/Chart,[((SOC > SOCmin+SOCth) && (RealSpeed < SpeedEDmax)) || ((Fuel<fuelMin+fuelHys) && (SOC >SOCmin+SOCth))],"236",1,decision,1,1
11,ED-ED,156,TransitionMathOperator,stateMachine/Chart,[((SOC > SOCmin+SOCth) && (RealSpeed < SpeedEDmax)) || ((Fuel<fuelMin+fuelHys) && (SOC >SOCmin+SOCth))],"236",1,decision,0,0
12,ED-Regen,156,TransitionMathOperator,stateMachine/Chart,[((SOC > SOCmin+SOCth) && (RealSpeed < SpeedEDmax)) || ((Fuel<fuelMin+fuelHys) && (SOC >SOCmin+SOCth))],"236",1,decision,0,0
13,ED-DEAD,156,TransitionMathOperator,stateMachine/Chart,[((SOC > SOCmin+SOCth) && (RealSpeed < SpeedEDmax)) || ((Fuel<fuelMin+fuelHys) && (SOC >SOCmin+SOCth))],"236",1,decision,0,0
14,ED-NoCharge,156,TransitionMathOperator,stateMachine/Chart,[((SOC > SOCmin+SOCth) && (RealSpeed < SpeedEDmax)) || ((Fuel<fuelMin+fuelHys) && (SOC >SOCmin+SOCth))],"236",1,decision,1,1
15,ED-Combined,156,TransitionMathOperator,stateMachine/Chart,[((SOC > SOCmin+SOCth) && (RealSpeed < SpeedEDmax)) || ((Fuel<fuelMin+fuelHys) && (SOC >SOCmin+SOCth))],"236",1,decision,0,0
16,Combined-Combined,156,TransitionMathOperator,stateMachine/Chart,[((SOC > SOCmin+SOCth) && (RealSpeed < SpeedEDmax)) || ((Fuel<fuelMin+fuelHys) && (SOC >SOCmin+SOCth))],"236",1,decision,0,0
17,Combined-Regen,156,TransitionMathOperator,stateMachine/Chart,[((SOC > SOCmin+SOCth) && (RealSpeed < SpeedEDmax)) || ((Fuel<fuelMin+fuelHys) && (SOC >SOCmin+SOCth))],"236",1,decision,0,0
18,Combined-DEAD,156,TransitionMathOperator,stateMachine/Chart,[((SOC > SOCmin+SOCth) && (RealSpeed < SpeedEDmax)) || ((Fuel<fuelMin+fuelHys) && (SOC >SOCmin+SOCth))],"236",1,decision,0,0
19,Combined-ED,156,TransitionMathOperator,stateMachine/Chart,[((SOC > SOCmin+SOCth) && (RealSpeed < SpeedEDmax)) || ((Fuel<fuelMin+fuelHys) && (SOC >SOCmin+SOCth))],"236",1,decision,0,0
20,Combined-NoCharge,156,TransitionMathOperator,stateMachine/Chart,[((SOC > SOCmin+SOCth) && (RealSpeed < SpeedEDmax)) || ((Fuel<fuelMin+fuelHys) && (SOC >SOCmin+SOCth))],"236",1,decision,1,1
21,Regen-Regen,156,TransitionMathOperator,stateMachine/Chart,[((SOC > SOCmin+SOCth) && (RealSpeed < SpeedEDmax)) || ((Fuel<fuelMin+fuelHys) && (SOC >SOCmin+SOCth))],"236",1,decision,0,0
22,Regen-DEAD,156,TransitionMathOperator,stateMachine/Chart,[((SOC > SOCmin+SOCth) && (RealSpeed < SpeedEDmax)) || ((Fuel<fuelMin+fuelHys) && (SOC >SOCmin+SOCth))],"236",1,decision,0,0
23,Regen-ED,156,TransitionMathOperator,stateMachine/Chart,[((SOC > SOCmin+SOCth) && (RealSpeed < SpeedEDmax)) || ((Fuel<fuelMin+fuelHys) && (SOC >SOCmin+SOCth))],"236",1,decision,0,0
24,Regen-NoCharge,156,TransitionMathOperator,stateMachine/Chart,[((SOC > SOCmin+SOCth) && (RealSpeed < SpeedEDmax)) || ((Fuel<fuelMin+fuelHys) && (SOC >SOCmin+SOCth))],"236",1,decision,1,1
25,Regen-Combined,156,TransitionMathOperator,stateMachine/Chart,[((SOC > SOCmin+SOCth) && (RealSpeed < SpeedEDmax)) || ((Fuel<fuelMin+fuelHys) && (SOC >SOCmin+SOCth))],"236",1,decision,0,0
1,Dead-Dead,157,TransitionMathOperator,stateMachine/Chart,[(SOC <= SOCmin + SOCth)&&(Fuel>fuelMin+fuelHys)],"238",1,decision,0,0
2,Dead-Regen,157,TransitionMathOperator,stateMachine/Chart,[(SOC <= SOCmin + SOCth)&&(Fuel>fuelMin+fuelHys)],"238",1,decision,0,0
3,Dead-ED,157,TransitionMathOperator,stateMachine/Chart,[(SOC <= SOCmin + SOCth)&&(Fuel>fuelMin+fuelHys)],"238",1,decision,0,0
4,Dead-NoCharge,157,TransitionMathOperator,stateMachine/Chart,[(SOC <= SOCmin + SOCth)&&(Fuel>fuelMin+fuelHys)],"238",1,decision,0,0
5,Dead-Combined,157,TransitionMathOperator,stateMachine/Chart,[(SOC <= SOCmin + SOCth)&&(Fuel>fuelMin+fuelHys)],"238",1,decision,1,1
6,NoCharge-DEAD,157,TransitionMathOperator,stateMachine/Chart,[(SOC <= SOCmin + SOCth)&&(Fuel>fuelMin+fuelHys)],"238",1,decision,0,0
7,NoCharge-Regen,157,TransitionMathOperator,stateMachine/Chart,[(SOC <= SOCmin + SOCth)&&(Fuel>fuelMin+fuelHys)],"238",1,decision,0,0
8,NoCharge-ED,157,TransitionMathOperator,stateMachine/Chart,[(SOC <= SOCmin + SOCth)&&(Fuel>fuelMin+fuelHys)],"238",1,decision,0,0
9,NoCharge-Combined,157,TransitionMathOperator,stateMachine/Chart,[(SOC <= SOCmin + SOCth)&&(Fuel>fuelMin+fuelHys)],"238",1,decision,1,1
10,NoCharge-NoCharge,157,TransitionMathOperator,stateMachine/Chart,[(SOC <= SOCmin + SOCth)&&(Fuel>fuelMin+fuelHys)],"238",1,decision,0,0
11,ED-ED,157,TransitionMathOperator,stateMachine/Chart,[(SOC <= SOCmin + SOCth)&&(Fuel>fuelMin+fuelHys)],"238",1,decision,0,0
12,ED-Regen,157,TransitionMathOperator,stateMachine/Chart,[(SOC <= SOCmin + SOCth)&&(Fuel>fuelMin+fuelHys)],"238",1,decision,0,0
13,ED-DEAD,157,TransitionMathOperator,stateMachine/Chart,[(SOC <= SOCmin + SOCth)&&(Fuel>fuelMin+fuelHys)],"238",1,decision,0,0
14,ED-NoCharge,157,TransitionMathOperator,stateMachine/Chart,[(SOC <= SOCmin + SOCth)&&(Fuel>fuelMin+fuelHys)],"238",1,decision,0,0
15,ED-Combined,157,TransitionMathOperator,stateMachine/Chart,[(SOC <= SOCmin + SOCth)&&(Fuel>fuelMin+fuelHys)],"238",1,decision,1,1
16,Combined-Combined,157,TransitionMathOperator,stateMachine/Chart,[(SOC <= SOCmin + SOCth)&&(Fuel>fuelMin+fuelHys)],"238",1,decision,1,1
17,Combined-Regen,157,TransitionMathOperator,stateMachine/Chart,[(SOC <= SOCmin + SOCth)&&(Fuel>fuelMin+fuelHys)],"238",1,decision,1,1
18,Combined-DEAD,157,TransitionMathOperator,stateMachine/Chart,[(SOC <= SOCmin + SOCth)&&(Fuel>fuelMin+fuelHys)],"238",1,decision,1,1
19,Combined-ED,157,TransitionMathOperator,stateMachine/Chart,[(SOC <= SOCmin + SOCth)&&(Fuel>fuelMin+fuelHys)],"238",1,decision,1,1
20,Combined-NoCharge,157,TransitionMathOperator,stateMachine/Chart,[(SOC <= SOCmin + SOCth)&&(Fuel>fuelMin+fuelHys)],"238",1,decision,1,1
21,Regen-Regen,157,TransitionMathOperator,stateMachine/Chart,[(SOC <= SOCmin + SOCth)&&(Fuel>fuelMin+fuelHys)],"238",1,decision,0,0
22,Regen-DEAD,157,TransitionMathOperator,stateMachine/Chart,[(SOC <= SOCmin + SOCth)&&(Fuel>fuelMin+fuelHys)],"238",1,decision,0,0
23,Regen-ED,157,TransitionMathOperator,stateMachine/Chart,[(SOC <= SOCmin + SOCth)&&(Fuel>fuelMin+fuelHys)],"238",1,decision,0,0
24,Regen-NoCharge,157,TransitionMathOperator,stateMachine/Chart,[(SOC <= SOCmin + SOCth)&&(Fuel>fuelMin+fuelHys)],"238",1,decision,0,0
25,Regen-Combined,157,TransitionMathOperator,stateMachine/Chart,[(SOC <= SOCmin + SOCth)&&(Fuel>fuelMin+fuelHys)],"238",1,decision,1,1
1,Dead-Dead,158,TransitionMathOperator,stateMachine/Chart,[(SOC > SOCmin+SOCth) && (Fuel>fuelMin+fuelHys) &&Acc>maxAccICE],"239",1,decision,0,0
2,Dead-Regen,158,TransitionMathOperator,stateMachine/Chart,[(SOC > SOCmin+SOCth) && (Fuel>fuelMin+fuelHys) &&Acc>maxAccICE],"239",1,decision,0,0
3,Dead-ED,158,TransitionMathOperator,stateMachine/Chart,[(SOC > SOCmin+SOCth) && (Fuel>fuelMin+fuelHys) &&Acc>maxAccICE],"239",1,decision,0,0
4,Dead-NoCharge,158,TransitionMathOperator,stateMachine/Chart,[(SOC > SOCmin+SOCth) && (Fuel>fuelMin+fuelHys) &&Acc>maxAccICE],"239",1,decision,1,1
5,Dead-Combined,158,TransitionMathOperator,stateMachine/Chart,[(SOC > SOCmin+SOCth) && (Fuel>fuelMin+fuelHys) &&Acc>maxAccICE],"239",1,decision,0,0
6,NoCharge-DEAD,158,TransitionMathOperator,stateMachine/Chart,[(SOC > SOCmin+SOCth) && (Fuel>fuelMin+fuelHys) &&Acc>maxAccICE],"239",1,decision,1,1
7,NoCharge-Regen,158,TransitionMathOperator,stateMachine/Chart,[(SOC > SOCmin+SOCth) && (Fuel>fuelMin+fuelHys) &&Acc>maxAccICE],"239",1,decision,1,1
8,NoCharge-ED,158,TransitionMathOperator,stateMachine/Chart,[(SOC > SOCmin+SOCth) && (Fuel>fuelMin+fuelHys) &&Acc>maxAccICE],"239",1,decision,1,1
9,NoCharge-Combined,158,TransitionMathOperator,stateMachine/Chart,[(SOC > SOCmin+SOCth) && (Fuel>fuelMin+fuelHys) &&Acc>maxAccICE],"239",1,decision,1,1
10,NoCharge-NoCharge,158,TransitionMathOperator,stateMachine/Chart,[(SOC > SOCmin+SOCth) && (Fuel>fuelMin+fuelHys) &&Acc>maxAccICE],"239",1,decision,1,1
11,ED-ED,158,TransitionMathOperator,stateMachine/Chart,[(SOC > SOCmin+SOCth) && (Fuel>fuelMin+fuelHys) &&Acc>maxAccICE],"239",1,decision,0,0
12,ED-Regen,158,TransitionMathOperator,stateMachine/Chart,[(SOC > SOCmin+SOCth) && (Fuel>fuelMin+fuelHys) &&Acc>maxAccICE],"239",1,decision,0,0
13,ED-DEAD,158,TransitionMathOperator,stateMachine/Chart,[(SOC > SOCmin+SOCth) && (Fuel>fuelMin+fuelHys) &&Acc>maxAccICE],"239",1,decision,0,0
14,ED-NoCharge,158,TransitionMathOperator,stateMachine/Chart,[(SOC > SOCmin+SOCth) && (Fuel>fuelMin+fuelHys) &&Acc>maxAccICE],"239",1,decision,1,1
15,ED-Combined,158,TransitionMathOperator,stateMachine/Chart,[(SOC > SOCmin+SOCth) && (Fuel>fuelMin+fuelHys) &&Acc>maxAccICE],"239",1,decision,0,0
16,Combined-Combined,158,TransitionMathOperator,stateMachine/Chart,[(SOC > SOCmin+SOCth) && (Fuel>fuelMin+fuelHys) &&Acc>maxAccICE],"239",1,decision,0,0
17,Combined-Regen,158,TransitionMathOperator,stateMachine/Chart,[(SOC > SOCmin+SOCth) && (Fuel>fuelMin+fuelHys) &&Acc>maxAccICE],"239",1,decision,0,0
18,Combined-DEAD,158,TransitionMathOperator,stateMachine/Chart,[(SOC > SOCmin+SOCth) && (Fuel>fuelMin+fuelHys) &&Acc>maxAccICE],"239",1,decision,0,0
19,Combined-ED,158,TransitionMathOperator,stateMachine/Chart,[(SOC > SOCmin+SOCth) && (Fuel>fuelMin+fuelHys) &&Acc>maxAccICE],"239",1,decision,0,0
20,Combined-NoCharge,158,TransitionMathOperator,stateMachine/Chart,[(SOC > SOCmin+SOCth) && (Fuel>fuelMin+fuelHys) &&Acc>maxAccICE],"239",1,decision,1,1
21,Regen-Regen,158,TransitionMathOperator,stateMachine/Chart,[(SOC > SOCmin+SOCth) && (Fuel>fuelMin+fuelHys) &&Acc>maxAccICE],"239",1,decision,0,0
22,Regen-DEAD,158,TransitionMathOperator,stateMachine/Chart,[(SOC > SOCmin+SOCth) && (Fuel>fuelMin+fuelHys) &&Acc>maxAccICE],"239",1,decision,0,0
23,Regen-ED,158,TransitionMathOperator,stateMachine/Chart,[(SOC > SOCmin+SOCth) && (Fuel>fuelMin+fuelHys) &&Acc>maxAccICE],"239",1,decision,0,0
24,Regen-NoCharge,158,TransitionMathOperator,stateMachine/Chart,[(SOC > SOCmin+SOCth) && (Fuel>fuelMin+fuelHys) &&Acc>maxAccICE],"239",1,decision,1,1
25,Regen-Combined,158,TransitionMathOperator,stateMachine/Chart,[(SOC > SOCmin+SOCth) && (Fuel>fuelMin+fuelHys) &&Acc>maxAccICE],"239",1,decision,0,0
1,Dead-Dead,159,TransitionMathOperator,stateMachine/Chart,[((RealSpeed>=SpeedEDmax)&& (Fuel>fuelMin+fuelHys))|| ((Fuel>fuelMin+fuelHys)  && Acc>maxAccMGU)],"240",1,decision,0,0
2,Dead-Regen,159,TransitionMathOperator,stateMachine/Chart,[((RealSpeed>=SpeedEDmax)&& (Fuel>fuelMin+fuelHys))|| ((Fuel>fuelMin+fuelHys)  && Acc>maxAccMGU)],"240",1,decision,0,0
3,Dead-ED,159,TransitionMathOperator,stateMachine/Chart,[((RealSpeed>=SpeedEDmax)&& (Fuel>fuelMin+fuelHys))|| ((Fuel>fuelMin+fuelHys)  && Acc>maxAccMGU)],"240",1,decision,1,1
4,Dead-NoCharge,159,TransitionMathOperator,stateMachine/Chart,[((RealSpeed>=SpeedEDmax)&& (Fuel>fuelMin+fuelHys))|| ((Fuel>fuelMin+fuelHys)  && Acc>maxAccMGU)],"240",1,decision,0,0
5,Dead-Combined,159,TransitionMathOperator,stateMachine/Chart,[((RealSpeed>=SpeedEDmax)&& (Fuel>fuelMin+fuelHys))|| ((Fuel>fuelMin+fuelHys)  && Acc>maxAccMGU)],"240",1,decision,0,0
6,NoCharge-DEAD,159,TransitionMathOperator,stateMachine/Chart,[((RealSpeed>=SpeedEDmax)&& (Fuel>fuelMin+fuelHys))|| ((Fuel>fuelMin+fuelHys)  && Acc>maxAccMGU)],"240",1,decision,0,0
7,NoCharge-Regen,159,TransitionMathOperator,stateMachine/Chart,[((RealSpeed>=SpeedEDmax)&& (Fuel>fuelMin+fuelHys))|| ((Fuel>fuelMin+fuelHys)  && Acc>maxAccMGU)],"240",1,decision,0,0
8,NoCharge-ED,159,TransitionMathOperator,stateMachine/Chart,[((RealSpeed>=SpeedEDmax)&& (Fuel>fuelMin+fuelHys))|| ((Fuel>fuelMin+fuelHys)  && Acc>maxAccMGU)],"240",1,decision,1,1
9,NoCharge-Combined,159,TransitionMathOperator,stateMachine/Chart,[((RealSpeed>=SpeedEDmax)&& (Fuel>fuelMin+fuelHys))|| ((Fuel>fuelMin+fuelHys)  && Acc>maxAccMGU)],"240",1,decision,0,0
10,NoCharge-NoCharge,159,TransitionMathOperator,stateMachine/Chart,[((RealSpeed>=SpeedEDmax)&& (Fuel>fuelMin+fuelHys))|| ((Fuel>fuelMin+fuelHys)  && Acc>maxAccMGU)],"240",1,decision,0,0
11,ED-ED,159,TransitionMathOperator,stateMachine/Chart,[((RealSpeed>=SpeedEDmax)&& (Fuel>fuelMin+fuelHys))|| ((Fuel>fuelMin+fuelHys)  && Acc>maxAccMGU)],"240",1,decision,1,1
12,ED-Regen,159,TransitionMathOperator,stateMachine/Chart,[((RealSpeed>=SpeedEDmax)&& (Fuel>fuelMin+fuelHys))|| ((Fuel>fuelMin+fuelHys)  && Acc>maxAccMGU)],"240",1,decision,1,1
13,ED-DEAD,159,TransitionMathOperator,stateMachine/Chart,[((RealSpeed>=SpeedEDmax)&& (Fuel>fuelMin+fuelHys))|| ((Fuel>fuelMin+fuelHys)  && Acc>maxAccMGU)],"240",1,decision,1,1
14,ED-NoCharge,159,TransitionMathOperator,stateMachine/Chart,[((RealSpeed>=SpeedEDmax)&& (Fuel>fuelMin+fuelHys))|| ((Fuel>fuelMin+fuelHys)  && Acc>maxAccMGU)],"240",1,decision,1,1
15,ED-Combined,159,TransitionMathOperator,stateMachine/Chart,[((RealSpeed>=SpeedEDmax)&& (Fuel>fuelMin+fuelHys))|| ((Fuel>fuelMin+fuelHys)  && Acc>maxAccMGU)],"240",1,decision,1,1
16,Combined-Combined,159,TransitionMathOperator,stateMachine/Chart,[((RealSpeed>=SpeedEDmax)&& (Fuel>fuelMin+fuelHys))|| ((Fuel>fuelMin+fuelHys)  && Acc>maxAccMGU)],"240",1,decision,0,0
17,Combined-Regen,159,TransitionMathOperator,stateMachine/Chart,[((RealSpeed>=SpeedEDmax)&& (Fuel>fuelMin+fuelHys))|| ((Fuel>fuelMin+fuelHys)  && Acc>maxAccMGU)],"240",1,decision,0,0
18,Combined-DEAD,159,TransitionMathOperator,stateMachine/Chart,[((RealSpeed>=SpeedEDmax)&& (Fuel>fuelMin+fuelHys))|| ((Fuel>fuelMin+fuelHys)  && Acc>maxAccMGU)],"240",1,decision,0,0
19,Combined-ED,159,TransitionMathOperator,stateMachine/Chart,[((RealSpeed>=SpeedEDmax)&& (Fuel>fuelMin+fuelHys))|| ((Fuel>fuelMin+fuelHys)  && Acc>maxAccMGU)],"240",1,decision,1,1
20,Combined-NoCharge,159,TransitionMathOperator,stateMachine/Chart,[((RealSpeed>=SpeedEDmax)&& (Fuel>fuelMin+fuelHys))|| ((Fuel>fuelMin+fuelHys)  && Acc>maxAccMGU)],"240",1,decision,0,0
21,Regen-Regen,159,TransitionMathOperator,stateMachine/Chart,[((RealSpeed>=SpeedEDmax)&& (Fuel>fuelMin+fuelHys))|| ((Fuel>fuelMin+fuelHys)  && Acc>maxAccMGU)],"240",1,decision,0,0
22,Regen-DEAD,159,TransitionMathOperator,stateMachine/Chart,[((RealSpeed>=SpeedEDmax)&& (Fuel>fuelMin+fuelHys))|| ((Fuel>fuelMin+fuelHys)  && Acc>maxAccMGU)],"240",1,decision,0,0
23,Regen-ED,159,TransitionMathOperator,stateMachine/Chart,[((RealSpeed>=SpeedEDmax)&& (Fuel>fuelMin+fuelHys))|| ((Fuel>fuelMin+fuelHys)  && Acc>maxAccMGU)],"240",1,decision,1,1
24,Regen-NoCharge,159,TransitionMathOperator,stateMachine/Chart,[((RealSpeed>=SpeedEDmax)&& (Fuel>fuelMin+fuelHys))|| ((Fuel>fuelMin+fuelHys)  && Acc>maxAccMGU)],"240",1,decision,0,0
25,Regen-Combined,159,TransitionMathOperator,stateMachine/Chart,[((RealSpeed>=SpeedEDmax)&& (Fuel>fuelMin+fuelHys))|| ((Fuel>fuelMin+fuelHys)  && Acc>maxAccMGU)],"240",1,decision,0,0
1,Dead-Dead,160,TransitionMathOperator,stateMachine/Chart,[(RealSpeed<SpeedEDmax)&& (SOC >SOCmin+SOCth)&&Acc<maxAccMGU],"241",1,decision,0,0
2,Dead-Regen,160,TransitionMathOperator,stateMachine/Chart,[(RealSpeed<SpeedEDmax)&& (SOC >SOCmin+SOCth)&&Acc<maxAccMGU],"241",1,decision,0,0
3,Dead-ED,160,TransitionMathOperator,stateMachine/Chart,[(RealSpeed<SpeedEDmax)&& (SOC >SOCmin+SOCth)&&Acc<maxAccMGU],"241",1,decision,0,0
4,Dead-NoCharge,160,TransitionMathOperator,stateMachine/Chart,[(RealSpeed<SpeedEDmax)&& (SOC >SOCmin+SOCth)&&Acc<maxAccMGU],"241",1,decision,0,0
5,Dead-Combined,160,TransitionMathOperator,stateMachine/Chart,[(RealSpeed<SpeedEDmax)&& (SOC >SOCmin+SOCth)&&Acc<maxAccMGU],"241",1,decision,1,1
6,NoCharge-DEAD,160,TransitionMathOperator,stateMachine/Chart,[(RealSpeed<SpeedEDmax)&& (SOC >SOCmin+SOCth)&&Acc<maxAccMGU],"241",1,decision,0,0
7,NoCharge-Regen,160,TransitionMathOperator,stateMachine/Chart,[(RealSpeed<SpeedEDmax)&& (SOC >SOCmin+SOCth)&&Acc<maxAccMGU],"241",1,decision,0,0
8,NoCharge-ED,160,TransitionMathOperator,stateMachine/Chart,[(RealSpeed<SpeedEDmax)&& (SOC >SOCmin+SOCth)&&Acc<maxAccMGU],"241",1,decision,0,0
9,NoCharge-Combined,160,TransitionMathOperator,stateMachine/Chart,[(RealSpeed<SpeedEDmax)&& (SOC >SOCmin+SOCth)&&Acc<maxAccMGU],"241",1,decision,1,1
10,NoCharge-NoCharge,160,TransitionMathOperator,stateMachine/Chart,[(RealSpeed<SpeedEDmax)&& (SOC >SOCmin+SOCth)&&Acc<maxAccMGU],"241",1,decision,0,0
11,ED-ED,160,TransitionMathOperator,stateMachine/Chart,[(RealSpeed<SpeedEDmax)&& (SOC >SOCmin+SOCth)&&Acc<maxAccMGU],"241",1,decision,0,0
12,ED-Regen,160,TransitionMathOperator,stateMachine/Chart,[(RealSpeed<SpeedEDmax)&& (SOC >SOCmin+SOCth)&&Acc<maxAccMGU],"241",1,decision,0,0
13,ED-DEAD,160,TransitionMathOperator,stateMachine/Chart,[(RealSpeed<SpeedEDmax)&& (SOC >SOCmin+SOCth)&&Acc<maxAccMGU],"241",1,decision,0,0
14,ED-NoCharge,160,TransitionMathOperator,stateMachine/Chart,[(RealSpeed<SpeedEDmax)&& (SOC >SOCmin+SOCth)&&Acc<maxAccMGU],"241",1,decision,0,0
15,ED-Combined,160,TransitionMathOperator,stateMachine/Chart,[(RealSpeed<SpeedEDmax)&& (SOC >SOCmin+SOCth)&&Acc<maxAccMGU],"241",1,decision,1,1
16,Combined-Combined,160,TransitionMathOperator,stateMachine/Chart,[(RealSpeed<SpeedEDmax)&& (SOC >SOCmin+SOCth)&&Acc<maxAccMGU],"241",1,decision,1,1
17,Combined-Regen,160,TransitionMathOperator,stateMachine/Chart,[(RealSpeed<SpeedEDmax)&& (SOC >SOCmin+SOCth)&&Acc<maxAccMGU],"241",1,decision,1,1
18,Combined-DEAD,160,TransitionMathOperator,stateMachine/Chart,[(RealSpeed<SpeedEDmax)&& (SOC >SOCmin+SOCth)&&Acc<maxAccMGU],"241",1,decision,1,1
19,Combined-ED,160,TransitionMathOperator,stateMachine/Chart,[(RealSpeed<SpeedEDmax)&& (SOC >SOCmin+SOCth)&&Acc<maxAccMGU],"241",1,decision,1,1
20,Combined-NoCharge,160,TransitionMathOperator,stateMachine/Chart,[(RealSpeed<SpeedEDmax)&& (SOC >SOCmin+SOCth)&&Acc<maxAccMGU],"241",1,decision,1,1
21,Regen-Regen,160,TransitionMathOperator,stateMachine/Chart,[(RealSpeed<SpeedEDmax)&& (SOC >SOCmin+SOCth)&&Acc<maxAccMGU],"241",1,decision,0,0
22,Regen-DEAD,160,TransitionMathOperator,stateMachine/Chart,[(RealSpeed<SpeedEDmax)&& (SOC >SOCmin+SOCth)&&Acc<maxAccMGU],"241",1,decision,0,0
23,Regen-ED,160,TransitionMathOperator,stateMachine/Chart,[(RealSpeed<SpeedEDmax)&& (SOC >SOCmin+SOCth)&&Acc<maxAccMGU],"241",1,decision,0,0
24,Regen-NoCharge,160,TransitionMathOperator,stateMachine/Chart,[(RealSpeed<SpeedEDmax)&& (SOC >SOCmin+SOCth)&&Acc<maxAccMGU],"241",1,decision,0,0
25,Regen-Combined,160,TransitionMathOperator,stateMachine/Chart,[(RealSpeed<SpeedEDmax)&& (SOC >SOCmin+SOCth)&&Acc<maxAccMGU],"241",1,decision,1,1
1,Dead-Dead,161,TransitionMathOperator,stateMachine/Chart,[(SOC > SOCmin+SOCth) && (RealSpeed<SpeedEDmax)],"242",1,decision,0,0
2,Dead-Regen,161,TransitionMathOperator,stateMachine/Chart,[(SOC > SOCmin+SOCth) && (RealSpeed<SpeedEDmax)],"242",1,decision,0,0
3,Dead-ED,161,TransitionMathOperator,stateMachine/Chart,[(SOC > SOCmin+SOCth) && (RealSpeed<SpeedEDmax)],"242",1,decision,0,0
4,Dead-NoCharge,161,TransitionMathOperator,stateMachine/Chart,[(SOC > SOCmin+SOCth) && (RealSpeed<SpeedEDmax)],"242",1,decision,0,0
5,Dead-Combined,161,TransitionMathOperator,stateMachine/Chart,[(SOC > SOCmin+SOCth) && (RealSpeed<SpeedEDmax)],"242",1,decision,0,0
6,NoCharge-DEAD,161,TransitionMathOperator,stateMachine/Chart,[(SOC > SOCmin+SOCth) && (RealSpeed<SpeedEDmax)],"242",1,decision,0,0
7,NoCharge-Regen,161,TransitionMathOperator,stateMachine/Chart,[(SOC > SOCmin+SOCth) && (RealSpeed<SpeedEDmax)],"242",1,decision,0,0
8,NoCharge-ED,161,TransitionMathOperator,stateMachine/Chart,[(SOC > SOCmin+SOCth) && (RealSpeed<SpeedEDmax)],"242",1,decision,0,0
9,NoCharge-Combined,161,TransitionMathOperator,stateMachine/Chart,[(SOC > SOCmin+SOCth) && (RealSpeed<SpeedEDmax)],"242",1,decision,0,0
10,NoCharge-NoCharge,161,TransitionMathOperator,stateMachine/Chart,[(SOC > SOCmin+SOCth) && (RealSpeed<SpeedEDmax)],"242",1,decision,0,0
11,ED-ED,161,TransitionMathOperator,stateMachine/Chart,[(SOC > SOCmin+SOCth) && (RealSpeed<SpeedEDmax)],"242",1,decision,0,0
12,ED-Regen,161,TransitionMathOperator,stateMachine/Chart,[(SOC > SOCmin+SOCth) && (RealSpeed<SpeedEDmax)],"242",1,decision,0,0
13,ED-DEAD,161,TransitionMathOperator,stateMachine/Chart,[(SOC > SOCmin+SOCth) && (RealSpeed<SpeedEDmax)],"242",1,decision,0,0
14,ED-NoCharge,161,TransitionMathOperator,stateMachine/Chart,[(SOC > SOCmin+SOCth) && (RealSpeed<SpeedEDmax)],"242",1,decision,0,0
15,ED-Combined,161,TransitionMathOperator,stateMachine/Chart,[(SOC > SOCmin+SOCth) && (RealSpeed<SpeedEDmax)],"242",1,decision,0,0
16,Combined-Combined,161,TransitionMathOperator,stateMachine/Chart,[(SOC > SOCmin+SOCth) && (RealSpeed<SpeedEDmax)],"242",1,decision,0,0
17,Combined-Regen,161,TransitionMathOperator,stateMachine/Chart,[(SOC > SOCmin+SOCth) && (RealSpeed<SpeedEDmax)],"242",1,decision,0,0
18,Combined-DEAD,161,TransitionMathOperator,stateMachine/Chart,[(SOC > SOCmin+SOCth) && (RealSpeed<SpeedEDmax)],"242",1,decision,0,0
19,Combined-ED,161,TransitionMathOperator,stateMachine/Chart,[(SOC > SOCmin+SOCth) && (RealSpeed<SpeedEDmax)],"242",1,decision,0,0
20,Combined-NoCharge,161,TransitionMathOperator,stateMachine/Chart,[(SOC > SOCmin+SOCth) && (RealSpeed<SpeedEDmax)],"242",1,decision,0,0
21,Regen-Regen,161,TransitionMathOperator,stateMachine/Chart,[(SOC > SOCmin+SOCth) && (RealSpeed<SpeedEDmax)],"242",1,decision,0,0
22,Regen-DEAD,161,TransitionMathOperator,stateMachine/Chart,[(SOC > SOCmin+SOCth) && (RealSpeed<SpeedEDmax)],"242",1,decision,0,0
23,Regen-ED,161,TransitionMathOperator,stateMachine/Chart,[(SOC > SOCmin+SOCth) && (RealSpeed<SpeedEDmax)],"242",1,decision,1,1
24,Regen-NoCharge,161,TransitionMathOperator,stateMachine/Chart,[(SOC > SOCmin+SOCth) && (RealSpeed<SpeedEDmax)],"242",1,decision,1,1
25,Regen-Combined,161,TransitionMathOperator,stateMachine/Chart,[(SOC > SOCmin+SOCth) && (RealSpeed<SpeedEDmax)],"242",1,decision,1,1
1,Dead-Dead,162,TransitionMathOperator,stateMachine/Chart,[(SOC > SOCmin+SOCth) && (RealSpeed>SpeedEDmax) && (Fuel>fuelMin+fuelHys)],"245",1,decision,0,0
2,Dead-Regen,162,TransitionMathOperator,stateMachine/Chart,[(SOC > SOCmin+SOCth) && (RealSpeed>SpeedEDmax) && (Fuel>fuelMin+fuelHys)],"245",1,decision,0,0
3,Dead-ED,162,TransitionMathOperator,stateMachine/Chart,[(SOC > SOCmin+SOCth) && (RealSpeed>SpeedEDmax) && (Fuel>fuelMin+fuelHys)],"245",1,decision,0,0
4,Dead-NoCharge,162,TransitionMathOperator,stateMachine/Chart,[(SOC > SOCmin+SOCth) && (RealSpeed>SpeedEDmax) && (Fuel>fuelMin+fuelHys)],"245",1,decision,0,0
5,Dead-Combined,162,TransitionMathOperator,stateMachine/Chart,[(SOC > SOCmin+SOCth) && (RealSpeed>SpeedEDmax) && (Fuel>fuelMin+fuelHys)],"245",1,decision,0,0
6,NoCharge-DEAD,162,TransitionMathOperator,stateMachine/Chart,[(SOC > SOCmin+SOCth) && (RealSpeed>SpeedEDmax) && (Fuel>fuelMin+fuelHys)],"245",1,decision,0,0
7,NoCharge-Regen,162,TransitionMathOperator,stateMachine/Chart,[(SOC > SOCmin+SOCth) && (RealSpeed>SpeedEDmax) && (Fuel>fuelMin+fuelHys)],"245",1,decision,0,0
8,NoCharge-ED,162,TransitionMathOperator,stateMachine/Chart,[(SOC > SOCmin+SOCth) && (RealSpeed>SpeedEDmax) && (Fuel>fuelMin+fuelHys)],"245",1,decision,0,0
9,NoCharge-Combined,162,TransitionMathOperator,stateMachine/Chart,[(SOC > SOCmin+SOCth) && (RealSpeed>SpeedEDmax) && (Fuel>fuelMin+fuelHys)],"245",1,decision,0,0
10,NoCharge-NoCharge,162,TransitionMathOperator,stateMachine/Chart,[(SOC > SOCmin+SOCth) && (RealSpeed>SpeedEDmax) && (Fuel>fuelMin+fuelHys)],"245",1,decision,0,0
11,ED-ED,162,TransitionMathOperator,stateMachine/Chart,[(SOC > SOCmin+SOCth) && (RealSpeed>SpeedEDmax) && (Fuel>fuelMin+fuelHys)],"245",1,decision,0,0
12,ED-Regen,162,TransitionMathOperator,stateMachine/Chart,[(SOC > SOCmin+SOCth) && (RealSpeed>SpeedEDmax) && (Fuel>fuelMin+fuelHys)],"245",1,decision,0,0
13,ED-DEAD,162,TransitionMathOperator,stateMachine/Chart,[(SOC > SOCmin+SOCth) && (RealSpeed>SpeedEDmax) && (Fuel>fuelMin+fuelHys)],"245",1,decision,0,0
14,ED-NoCharge,162,TransitionMathOperator,stateMachine/Chart,[(SOC > SOCmin+SOCth) && (RealSpeed>SpeedEDmax) && (Fuel>fuelMin+fuelHys)],"245",1,decision,0,0
15,ED-Combined,162,TransitionMathOperator,stateMachine/Chart,[(SOC > SOCmin+SOCth) && (RealSpeed>SpeedEDmax) && (Fuel>fuelMin+fuelHys)],"245",1,decision,0,0
16,Combined-Combined,162,TransitionMathOperator,stateMachine/Chart,[(SOC > SOCmin+SOCth) && (RealSpeed>SpeedEDmax) && (Fuel>fuelMin+fuelHys)],"245",1,decision,0,0
17,Combined-Regen,162,TransitionMathOperator,stateMachine/Chart,[(SOC > SOCmin+SOCth) && (RealSpeed>SpeedEDmax) && (Fuel>fuelMin+fuelHys)],"245",1,decision,0,0
18,Combined-DEAD,162,TransitionMathOperator,stateMachine/Chart,[(SOC > SOCmin+SOCth) && (RealSpeed>SpeedEDmax) && (Fuel>fuelMin+fuelHys)],"245",1,decision,0,0
19,Combined-ED,162,TransitionMathOperator,stateMachine/Chart,[(SOC > SOCmin+SOCth) && (RealSpeed>SpeedEDmax) && (Fuel>fuelMin+fuelHys)],"245",1,decision,0,0
20,Combined-NoCharge,162,TransitionMathOperator,stateMachine/Chart,[(SOC > SOCmin+SOCth) && (RealSpeed>SpeedEDmax) && (Fuel>fuelMin+fuelHys)],"245",1,decision,0,0
21,Regen-Regen,162,TransitionMathOperator,stateMachine/Chart,[(SOC > SOCmin+SOCth) && (RealSpeed>SpeedEDmax) && (Fuel>fuelMin+fuelHys)],"245",1,decision,0,0
22,Regen-DEAD,162,TransitionMathOperator,stateMachine/Chart,[(SOC > SOCmin+SOCth) && (RealSpeed>SpeedEDmax) && (Fuel>fuelMin+fuelHys)],"245",1,decision,0,0
23,Regen-ED,162,TransitionMathOperator,stateMachine/Chart,[(SOC > SOCmin+SOCth) && (RealSpeed>SpeedEDmax) && (Fuel>fuelMin+fuelHys)],"245",1,decision,0,0
24,Regen-NoCharge,162,TransitionMathOperator,stateMachine/Chart,[(SOC > SOCmin+SOCth) && (RealSpeed>SpeedEDmax) && (Fuel>fuelMin+fuelHys)],"245",1,decision,0,0
25,Regen-Combined,162,TransitionMathOperator,stateMachine/Chart,[(SOC > SOCmin+SOCth) && (RealSpeed>SpeedEDmax) && (Fuel>fuelMin+fuelHys)],"245",1,decision,1,1
1,Dead-Dead,163,TransitionNotOperator,stateMachine/Chart,[(SOC < SOCmin+SOCth) && (Fuel<fuelMin+fuelHys) ],"225",1,decision,0,0
2,Dead-Regen,163,TransitionNotOperator,stateMachine/Chart,[(SOC < SOCmin+SOCth) && (Fuel<fuelMin+fuelHys) ],"225",1,decision,0,0
3,Dead-ED,163,TransitionNotOperator,stateMachine/Chart,[(SOC < SOCmin+SOCth) && (Fuel<fuelMin+fuelHys) ],"225",1,decision,0,0
4,Dead-NoCharge,163,TransitionNotOperator,stateMachine/Chart,[(SOC < SOCmin+SOCth) && (Fuel<fuelMin+fuelHys) ],"225",1,decision,0,0
5,Dead-Combined,163,TransitionNotOperator,stateMachine/Chart,[(SOC < SOCmin+SOCth) && (Fuel<fuelMin+fuelHys) ],"225",1,decision,0,0
6,NoCharge-DEAD,163,TransitionNotOperator,stateMachine/Chart,[(SOC < SOCmin+SOCth) && (Fuel<fuelMin+fuelHys) ],"225",1,decision,0,0
7,NoCharge-Regen,163,TransitionNotOperator,stateMachine/Chart,[(SOC < SOCmin+SOCth) && (Fuel<fuelMin+fuelHys) ],"225",1,decision,0,0
8,NoCharge-ED,163,TransitionNotOperator,stateMachine/Chart,[(SOC < SOCmin+SOCth) && (Fuel<fuelMin+fuelHys) ],"225",1,decision,0,0
9,NoCharge-Combined,163,TransitionNotOperator,stateMachine/Chart,[(SOC < SOCmin+SOCth) && (Fuel<fuelMin+fuelHys) ],"225",1,decision,0,0
10,NoCharge-NoCharge,163,TransitionNotOperator,stateMachine/Chart,[(SOC < SOCmin+SOCth) && (Fuel<fuelMin+fuelHys) ],"225",1,decision,0,0
11,ED-ED,163,TransitionNotOperator,stateMachine/Chart,[(SOC < SOCmin+SOCth) && (Fuel<fuelMin+fuelHys) ],"225",1,decision,0,0
12,ED-Regen,163,TransitionNotOperator,stateMachine/Chart,[(SOC < SOCmin+SOCth) && (Fuel<fuelMin+fuelHys) ],"225",1,decision,0,0
13,ED-DEAD,163,TransitionNotOperator,stateMachine/Chart,[(SOC < SOCmin+SOCth) && (Fuel<fuelMin+fuelHys) ],"225",1,decision,0,0
14,ED-NoCharge,163,TransitionNotOperator,stateMachine/Chart,[(SOC < SOCmin+SOCth) && (Fuel<fuelMin+fuelHys) ],"225",1,decision,0,0
15,ED-Combined,163,TransitionNotOperator,stateMachine/Chart,[(SOC < SOCmin+SOCth) && (Fuel<fuelMin+fuelHys) ],"225",1,decision,0,0
16,Combined-Combined,163,TransitionNotOperator,stateMachine/Chart,[(SOC < SOCmin+SOCth) && (Fuel<fuelMin+fuelHys) ],"225",1,decision,0,0
17,Combined-Regen,163,TransitionNotOperator,stateMachine/Chart,[(SOC < SOCmin+SOCth) && (Fuel<fuelMin+fuelHys) ],"225",1,decision,0,0
18,Combined-DEAD,163,TransitionNotOperator,stateMachine/Chart,[(SOC < SOCmin+SOCth) && (Fuel<fuelMin+fuelHys) ],"225",1,decision,0,0
19,Combined-ED,163,TransitionNotOperator,stateMachine/Chart,[(SOC < SOCmin+SOCth) && (Fuel<fuelMin+fuelHys) ],"225",1,decision,0,0
20,Combined-NoCharge,163,TransitionNotOperator,stateMachine/Chart,[(SOC < SOCmin+SOCth) && (Fuel<fuelMin+fuelHys) ],"225",1,decision,0,0
21,Regen-Regen,163,TransitionNotOperator,stateMachine/Chart,[(SOC < SOCmin+SOCth) && (Fuel<fuelMin+fuelHys) ],"225",1,decision,0,0
22,Regen-DEAD,163,TransitionNotOperator,stateMachine/Chart,[(SOC < SOCmin+SOCth) && (Fuel<fuelMin+fuelHys) ],"225",1,decision,1,1
23,Regen-ED,163,TransitionNotOperator,stateMachine/Chart,[(SOC < SOCmin+SOCth) && (Fuel<fuelMin+fuelHys) ],"225",1,decision,1,1
24,Regen-NoCharge,163,TransitionNotOperator,stateMachine/Chart,[(SOC < SOCmin+SOCth) && (Fuel<fuelMin+fuelHys) ],"225",1,decision,1,1
25,Regen-Combined,163,TransitionNotOperator,stateMachine/Chart,[(SOC < SOCmin+SOCth) && (Fuel<fuelMin+fuelHys) ],"225",1,decision,1,1
1,Dead-Dead,164,TransitionNotOperator,stateMachine/Chart,[Acc<0],"227,237,243,246",4,decision,1,NaN
2,Dead-Regen,164,TransitionNotOperator,stateMachine/Chart,[Acc<0],"227,237,243,246",4,decision,1,NaN
3,Dead-ED,164,TransitionNotOperator,stateMachine/Chart,[Acc<0],"227,237,243,246",4,decision,1,NaN
4,Dead-NoCharge,164,TransitionNotOperator,stateMachine/Chart,[Acc<0],"227,237,243,246",4,decision,1,NaN
5,Dead-Combined,164,TransitionNotOperator,stateMachine/Chart,[Acc<0],"227,237,243,246",4,decision,1,NaN
6,NoCharge-DEAD,164,TransitionNotOperator,stateMachine/Chart,[Acc<0],"227,237,243,246",4,decision,1,NaN
7,NoCharge-Regen,164,TransitionNotOperator,stateMachine/Chart,[Acc<0],"227,237,243,246",4,decision,1,NaN
8,NoCharge-ED,164,TransitionNotOperator,stateMachine/Chart,[Acc<0],"227,237,243,246",4,decision,1,NaN
9,NoCharge-Combined,164,TransitionNotOperator,stateMachine/Chart,[Acc<0],"227,237,243,246",4,decision,1,NaN
10,NoCharge-NoCharge,164,TransitionNotOperator,stateMachine/Chart,[Acc<0],"227,237,243,246",4,decision,1,NaN
11,ED-ED,164,TransitionNotOperator,stateMachine/Chart,[Acc<0],"227,237,243,246",4,decision,1,NaN
12,ED-Regen,164,TransitionNotOperator,stateMachine/Chart,[Acc<0],"227,237,243,246",4,decision,1,NaN
13,ED-DEAD,164,TransitionNotOperator,stateMachine/Chart,[Acc<0],"227,237,243,246",4,decision,1,NaN
14,ED-NoCharge,164,TransitionNotOperator,stateMachine/Chart,[Acc<0],"227,237,243,246",4,decision,1,NaN
15,ED-Combined,164,TransitionNotOperator,stateMachine/Chart,[Acc<0],"227,237,243,246",4,decision,1,NaN
16,Combined-Combined,164,TransitionNotOperator,stateMachine/Chart,[Acc<0],"227,237,243,246",4,decision,1,NaN
17,Combined-Regen,164,TransitionNotOperator,stateMachine/Chart,[Acc<0],"227,237,243,246",4,decision,1,NaN
18,Combined-DEAD,164,TransitionNotOperator,stateMachine/Chart,[Acc<0],"227,237,243,246",4,decision,1,NaN
19,Combined-ED,164,TransitionNotOperator,stateMachine/Chart,[Acc<0],"227,237,243,246",4,decision,1,NaN
20,Combined-NoCharge,164,TransitionNotOperator,stateMachine/Chart,[Acc<0],"227,237,243,246",4,decision,1,NaN
21,Regen-Regen,164,TransitionNotOperator,stateMachine/Chart,[Acc<0],"227,237,243,246",4,decision,1,NaN
22,Regen-DEAD,164,TransitionNotOperator,stateMachine/Chart,[Acc<0],"227,237,243,246",4,decision,1,NaN
23,Regen-ED,164,TransitionNotOperator,stateMachine/Chart,[Acc<0],"227,237,243,246",4,decision,1,NaN
24,Regen-NoCharge,164,TransitionNotOperator,stateMachine/Chart,[Acc<0],"227,237,243,246",4,decision,1,NaN
25,Regen-Combined,164,TransitionNotOperator,stateMachine/Chart,[Acc<0],"227,237,243,246",4,decision,1,NaN
1,Dead-Dead,165,TransitionNotOperator,stateMachine/Chart,[ (Fuel>fuelMin+fuelHys)],"228",1,decision,1,1
2,Dead-Regen,165,TransitionNotOperator,stateMachine/Chart,[ (Fuel>fuelMin+fuelHys)],"228",1,decision,1,1
3,Dead-ED,165,TransitionNotOperator,stateMachine/Chart,[ (Fuel>fuelMin+fuelHys)],"228",1,decision,0,0
4,Dead-NoCharge,165,TransitionNotOperator,stateMachine/Chart,[ (Fuel>fuelMin+fuelHys)],"228",1,decision,1,1
5,Dead-Combined,165,TransitionNotOperator,stateMachine/Chart,[ (Fuel>fuelMin+fuelHys)],"228",1,decision,0,0
6,NoCharge-DEAD,165,TransitionNotOperator,stateMachine/Chart,[ (Fuel>fuelMin+fuelHys)],"228",1,decision,1,1
7,NoCharge-Regen,165,TransitionNotOperator,stateMachine/Chart,[ (Fuel>fuelMin+fuelHys)],"228",1,decision,1,1
8,NoCharge-ED,165,TransitionNotOperator,stateMachine/Chart,[ (Fuel>fuelMin+fuelHys)],"228",1,decision,1,1
9,NoCharge-Combined,165,TransitionNotOperator,stateMachine/Chart,[ (Fuel>fuelMin+fuelHys)],"228",1,decision,1,1
10,NoCharge-NoCharge,165,TransitionNotOperator,stateMachine/Chart,[ (Fuel>fuelMin+fuelHys)],"228",1,decision,1,1
11,ED-ED,165,TransitionNotOperator,stateMachine/Chart,[ (Fuel>fuelMin+fuelHys)],"228",1,decision,0,0
12,ED-Regen,165,TransitionNotOperator,stateMachine/Chart,[ (Fuel>fuelMin+fuelHys)],"228",1,decision,0,0
13,ED-DEAD,165,TransitionNotOperator,stateMachine/Chart,[ (Fuel>fuelMin+fuelHys)],"228",1,decision,1,1
14,ED-NoCharge,165,TransitionNotOperator,stateMachine/Chart,[ (Fuel>fuelMin+fuelHys)],"228",1,decision,0,0
15,ED-Combined,165,TransitionNotOperator,stateMachine/Chart,[ (Fuel>fuelMin+fuelHys)],"228",1,decision,0,0
16,Combined-Combined,165,TransitionNotOperator,stateMachine/Chart,[ (Fuel>fuelMin+fuelHys)],"228",1,decision,0,0
17,Combined-Regen,165,TransitionNotOperator,stateMachine/Chart,[ (Fuel>fuelMin+fuelHys)],"228",1,decision,0,0
18,Combined-DEAD,165,TransitionNotOperator,stateMachine/Chart,[ (Fuel>fuelMin+fuelHys)],"228",1,decision,1,1
19,Combined-ED,165,TransitionNotOperator,stateMachine/Chart,[ (Fuel>fuelMin+fuelHys)],"228",1,decision,0,0
20,Combined-NoCharge,165,TransitionNotOperator,stateMachine/Chart,[ (Fuel>fuelMin+fuelHys)],"228",1,decision,0,0
21,Regen-Regen,165,TransitionNotOperator,stateMachine/Chart,[ (Fuel>fuelMin+fuelHys)],"228",1,decision,0,0
22,Regen-DEAD,165,TransitionNotOperator,stateMachine/Chart,[ (Fuel>fuelMin+fuelHys)],"228",1,decision,1,1
23,Regen-ED,165,TransitionNotOperator,stateMachine/Chart,[ (Fuel>fuelMin+fuelHys)],"228",1,decision,0,0
24,Regen-NoCharge,165,TransitionNotOperator,stateMachine/Chart,[ (Fuel>fuelMin+fuelHys)],"228",1,decision,0,0
25,Regen-Combined,165,TransitionNotOperator,stateMachine/Chart,[ (Fuel>fuelMin+fuelHys)],"228",1,decision,0,0
1,Dead-Dead,166,TransitionNotOperator,stateMachine/Chart,[(SOC > SOCmin+SOCth)],"229",1,decision,1,1
2,Dead-Regen,166,TransitionNotOperator,stateMachine/Chart,[(SOC > SOCmin+SOCth)],"229",1,decision,1,1
3,Dead-ED,166,TransitionNotOperator,stateMachine/Chart,[(SOC > SOCmin+SOCth)],"229",1,decision,1,1
4,Dead-NoCharge,166,TransitionNotOperator,stateMachine/Chart,[(SOC > SOCmin+SOCth)],"229",1,decision,1,1
5,Dead-Combined,166,TransitionNotOperator,stateMachine/Chart,[(SOC > SOCmin+SOCth)],"229",1,decision,0,0
6,NoCharge-DEAD,166,TransitionNotOperator,stateMachine/Chart,[(SOC > SOCmin+SOCth)],"229",1,decision,1,1
7,NoCharge-Regen,166,TransitionNotOperator,stateMachine/Chart,[(SOC > SOCmin+SOCth)],"229",1,decision,1,1
8,NoCharge-ED,166,TransitionNotOperator,stateMachine/Chart,[(SOC > SOCmin+SOCth)],"229",1,decision,1,1
9,NoCharge-Combined,166,TransitionNotOperator,stateMachine/Chart,[(SOC > SOCmin+SOCth)],"229",1,decision,1,1
10,NoCharge-NoCharge,166,TransitionNotOperator,stateMachine/Chart,[(SOC > SOCmin+SOCth)],"229",1,decision,1,1
11,ED-ED,166,TransitionNotOperator,stateMachine/Chart,[(SOC > SOCmin+SOCth)],"229",1,decision,1,1
12,ED-Regen,166,TransitionNotOperator,stateMachine/Chart,[(SOC > SOCmin+SOCth)],"229",1,decision,1,1
13,ED-DEAD,166,TransitionNotOperator,stateMachine/Chart,[(SOC > SOCmin+SOCth)],"229",1,decision,1,1
14,ED-NoCharge,166,TransitionNotOperator,stateMachine/Chart,[(SOC > SOCmin+SOCth)],"229",1,decision,1,1
15,ED-Combined,166,TransitionNotOperator,stateMachine/Chart,[(SOC > SOCmin+SOCth)],"229",1,decision,1,1
16,Combined-Combined,166,TransitionNotOperator,stateMachine/Chart,[(SOC > SOCmin+SOCth)],"229",1,decision,0,0
17,Combined-Regen,166,TransitionNotOperator,stateMachine/Chart,[(SOC > SOCmin+SOCth)],"229",1,decision,0,0
18,Combined-DEAD,166,TransitionNotOperator,stateMachine/Chart,[(SOC > SOCmin+SOCth)],"229",1,decision,1,1
19,Combined-ED,166,TransitionNotOperator,stateMachine/Chart,[(SOC > SOCmin+SOCth)],"229",1,decision,0,0
20,Combined-NoCharge,166,TransitionNotOperator,stateMachine/Chart,[(SOC > SOCmin+SOCth)],"229",1,decision,0,0
21,Regen-Regen,166,TransitionNotOperator,stateMachine/Chart,[(SOC > SOCmin+SOCth)],"229",1,decision,0,0
22,Regen-DEAD,166,TransitionNotOperator,stateMachine/Chart,[(SOC > SOCmin+SOCth)],"229",1,decision,1,1
23,Regen-ED,166,TransitionNotOperator,stateMachine/Chart,[(SOC > SOCmin+SOCth)],"229",1,decision,0,0
24,Regen-NoCharge,166,TransitionNotOperator,stateMachine/Chart,[(SOC > SOCmin+SOCth)],"229",1,decision,0,0
25,Regen-Combined,166,TransitionNotOperator,stateMachine/Chart,[(SOC > SOCmin+SOCth)],"229",1,decision,0,0
1,Dead-Dead,167,TransitionNotOperator,stateMachine/Chart,[(Fuel<fuelMin+fuelHys) && (SOC <=SOCmin+SOCth)],"230,232",2,decision,0,NaN
2,Dead-Regen,167,TransitionNotOperator,stateMachine/Chart,[(Fuel<fuelMin+fuelHys) && (SOC <=SOCmin+SOCth)],"230,232",2,decision,0,NaN
3,Dead-ED,167,TransitionNotOperator,stateMachine/Chart,[(Fuel<fuelMin+fuelHys) && (SOC <=SOCmin+SOCth)],"230,232",2,decision,0,NaN
4,Dead-NoCharge,167,TransitionNotOperator,stateMachine/Chart,[(Fuel<fuelMin+fuelHys) && (SOC <=SOCmin+SOCth)],"230,232",2,decision,1,NaN
5,Dead-Combined,167,TransitionNotOperator,stateMachine/Chart,[(Fuel<fuelMin+fuelHys) && (SOC <=SOCmin+SOCth)],"230,232",2,decision,1,NaN
6,NoCharge-DEAD,167,TransitionNotOperator,stateMachine/Chart,[(Fuel<fuelMin+fuelHys) && (SOC <=SOCmin+SOCth)],"230,232",2,decision,1,NaN
7,NoCharge-Regen,167,TransitionNotOperator,stateMachine/Chart,[(Fuel<fuelMin+fuelHys) && (SOC <=SOCmin+SOCth)],"230,232",2,decision,1,NaN
8,NoCharge-ED,167,TransitionNotOperator,stateMachine/Chart,[(Fuel<fuelMin+fuelHys) && (SOC <=SOCmin+SOCth)],"230,232",2,decision,1,NaN
9,NoCharge-Combined,167,TransitionNotOperator,stateMachine/Chart,[(Fuel<fuelMin+fuelHys) && (SOC <=SOCmin+SOCth)],"230,232",2,decision,1,NaN
10,NoCharge-NoCharge,167,TransitionNotOperator,stateMachine/Chart,[(Fuel<fuelMin+fuelHys) && (SOC <=SOCmin+SOCth)],"230,232",2,decision,1,NaN
11,ED-ED,167,TransitionNotOperator,stateMachine/Chart,[(Fuel<fuelMin+fuelHys) && (SOC <=SOCmin+SOCth)],"230,232",2,decision,0,NaN
12,ED-Regen,167,TransitionNotOperator,stateMachine/Chart,[(Fuel<fuelMin+fuelHys) && (SOC <=SOCmin+SOCth)],"230,232",2,decision,0,NaN
13,ED-DEAD,167,TransitionNotOperator,stateMachine/Chart,[(Fuel<fuelMin+fuelHys) && (SOC <=SOCmin+SOCth)],"230,232",2,decision,0,NaN
14,ED-NoCharge,167,TransitionNotOperator,stateMachine/Chart,[(Fuel<fuelMin+fuelHys) && (SOC <=SOCmin+SOCth)],"230,232",2,decision,1,NaN
15,ED-Combined,167,TransitionNotOperator,stateMachine/Chart,[(Fuel<fuelMin+fuelHys) && (SOC <=SOCmin+SOCth)],"230,232",2,decision,1,NaN
16,Combined-Combined,167,TransitionNotOperator,stateMachine/Chart,[(Fuel<fuelMin+fuelHys) && (SOC <=SOCmin+SOCth)],"230,232",2,decision,1,NaN
17,Combined-Regen,167,TransitionNotOperator,stateMachine/Chart,[(Fuel<fuelMin+fuelHys) && (SOC <=SOCmin+SOCth)],"230,232",2,decision,1,NaN
18,Combined-DEAD,167,TransitionNotOperator,stateMachine/Chart,[(Fuel<fuelMin+fuelHys) && (SOC <=SOCmin+SOCth)],"230,232",2,decision,1,NaN
19,Combined-ED,167,TransitionNotOperator,stateMachine/Chart,[(Fuel<fuelMin+fuelHys) && (SOC <=SOCmin+SOCth)],"230,232",2,decision,1,NaN
20,Combined-NoCharge,167,TransitionNotOperator,stateMachine/Chart,[(Fuel<fuelMin+fuelHys) && (SOC <=SOCmin+SOCth)],"230,232",2,decision,1,NaN
21,Regen-Regen,167,TransitionNotOperator,stateMachine/Chart,[(Fuel<fuelMin+fuelHys) && (SOC <=SOCmin+SOCth)],"230,232",2,decision,0,NaN
22,Regen-DEAD,167,TransitionNotOperator,stateMachine/Chart,[(Fuel<fuelMin+fuelHys) && (SOC <=SOCmin+SOCth)],"230,232",2,decision,0,NaN
23,Regen-ED,167,TransitionNotOperator,stateMachine/Chart,[(Fuel<fuelMin+fuelHys) && (SOC <=SOCmin+SOCth)],"230,232",2,decision,0,NaN
24,Regen-NoCharge,167,TransitionNotOperator,stateMachine/Chart,[(Fuel<fuelMin+fuelHys) && (SOC <=SOCmin+SOCth)],"230,232",2,decision,1,NaN
25,Regen-Combined,167,TransitionNotOperator,stateMachine/Chart,[(Fuel<fuelMin+fuelHys) && (SOC <=SOCmin+SOCth)],"230,232",2,decision,1,NaN
1,Dead-Dead,168,TransitionNotOperator,stateMachine/Chart,[(SOC<SOCmin+SOCth) && (Fuel<fuelMin+fuelHys) ],"231",1,decision,0,0
2,Dead-Regen,168,TransitionNotOperator,stateMachine/Chart,[(SOC<SOCmin+SOCth) && (Fuel<fuelMin+fuelHys) ],"231",1,decision,0,0
3,Dead-ED,168,TransitionNotOperator,stateMachine/Chart,[(SOC<SOCmin+SOCth) && (Fuel<fuelMin+fuelHys) ],"231",1,decision,1,1
4,Dead-NoCharge,168,TransitionNotOperator,stateMachine/Chart,[(SOC<SOCmin+SOCth) && (Fuel<fuelMin+fuelHys) ],"231",1,decision,0,0
5,Dead-Combined,168,TransitionNotOperator,stateMachine/Chart,[(SOC<SOCmin+SOCth) && (Fuel<fuelMin+fuelHys) ],"231",1,decision,0,0
6,NoCharge-DEAD,168,TransitionNotOperator,stateMachine/Chart,[(SOC<SOCmin+SOCth) && (Fuel<fuelMin+fuelHys) ],"231",1,decision,0,0
7,NoCharge-Regen,168,TransitionNotOperator,stateMachine/Chart,[(SOC<SOCmin+SOCth) && (Fuel<fuelMin+fuelHys) ],"231",1,decision,0,0
8,NoCharge-ED,168,TransitionNotOperator,stateMachine/Chart,[(SOC<SOCmin+SOCth) && (Fuel<fuelMin+fuelHys) ],"231",1,decision,1,1
9,NoCharge-Combined,168,TransitionNotOperator,stateMachine/Chart,[(SOC<SOCmin+SOCth) && (Fuel<fuelMin+fuelHys) ],"231",1,decision,0,0
10,NoCharge-NoCharge,168,TransitionNotOperator,stateMachine/Chart,[(SOC<SOCmin+SOCth) && (Fuel<fuelMin+fuelHys) ],"231",1,decision,0,0
11,ED-ED,168,TransitionNotOperator,stateMachine/Chart,[(SOC<SOCmin+SOCth) && (Fuel<fuelMin+fuelHys) ],"231",1,decision,1,1
12,ED-Regen,168,TransitionNotOperator,stateMachine/Chart,[(SOC<SOCmin+SOCth) && (Fuel<fuelMin+fuelHys) ],"231",1,decision,1,1
13,ED-DEAD,168,TransitionNotOperator,stateMachine/Chart,[(SOC<SOCmin+SOCth) && (Fuel<fuelMin+fuelHys) ],"231",1,decision,1,1
14,ED-NoCharge,168,TransitionNotOperator,stateMachine/Chart,[(SOC<SOCmin+SOCth) && (Fuel<fuelMin+fuelHys) ],"231",1,decision,1,1
15,ED-Combined,168,TransitionNotOperator,stateMachine/Chart,[(SOC<SOCmin+SOCth) && (Fuel<fuelMin+fuelHys) ],"231",1,decision,1,1
16,Combined-Combined,168,TransitionNotOperator,stateMachine/Chart,[(SOC<SOCmin+SOCth) && (Fuel<fuelMin+fuelHys) ],"231",1,decision,0,0
17,Combined-Regen,168,TransitionNotOperator,stateMachine/Chart,[(SOC<SOCmin+SOCth) && (Fuel<fuelMin+fuelHys) ],"231",1,decision,0,0
18,Combined-DEAD,168,TransitionNotOperator,stateMachine/Chart,[(SOC<SOCmin+SOCth) && (Fuel<fuelMin+fuelHys) ],"231",1,decision,0,0
19,Combined-ED,168,TransitionNotOperator,stateMachine/Chart,[(SOC<SOCmin+SOCth) && (Fuel<fuelMin+fuelHys) ],"231",1,decision,1,1
20,Combined-NoCharge,168,TransitionNotOperator,stateMachine/Chart,[(SOC<SOCmin+SOCth) && (Fuel<fuelMin+fuelHys) ],"231",1,decision,0,0
21,Regen-Regen,168,TransitionNotOperator,stateMachine/Chart,[(SOC<SOCmin+SOCth) && (Fuel<fuelMin+fuelHys) ],"231",1,decision,0,0
22,Regen-DEAD,168,TransitionNotOperator,stateMachine/Chart,[(SOC<SOCmin+SOCth) && (Fuel<fuelMin+fuelHys) ],"231",1,decision,0,0
23,Regen-ED,168,TransitionNotOperator,stateMachine/Chart,[(SOC<SOCmin+SOCth) && (Fuel<fuelMin+fuelHys) ],"231",1,decision,1,1
24,Regen-NoCharge,168,TransitionNotOperator,stateMachine/Chart,[(SOC<SOCmin+SOCth) && (Fuel<fuelMin+fuelHys) ],"231",1,decision,0,0
25,Regen-Combined,168,TransitionNotOperator,stateMachine/Chart,[(SOC<SOCmin+SOCth) && (Fuel<fuelMin+fuelHys) ],"231",1,decision,0,0
1,Dead-Dead,169,TransitionNotOperator,stateMachine/Chart,[(Fuel<fuelMin+fuelHys) && (SOC <=SOCmin+SOCth)],"230,232",2,decision,0,NaN
2,Dead-Regen,169,TransitionNotOperator,stateMachine/Chart,[(Fuel<fuelMin+fuelHys) && (SOC <=SOCmin+SOCth)],"230,232",2,decision,0,NaN
3,Dead-ED,169,TransitionNotOperator,stateMachine/Chart,[(Fuel<fuelMin+fuelHys) && (SOC <=SOCmin+SOCth)],"230,232",2,decision,0,NaN
4,Dead-NoCharge,169,TransitionNotOperator,stateMachine/Chart,[(Fuel<fuelMin+fuelHys) && (SOC <=SOCmin+SOCth)],"230,232",2,decision,1,NaN
5,Dead-Combined,169,TransitionNotOperator,stateMachine/Chart,[(Fuel<fuelMin+fuelHys) && (SOC <=SOCmin+SOCth)],"230,232",2,decision,1,NaN
6,NoCharge-DEAD,169,TransitionNotOperator,stateMachine/Chart,[(Fuel<fuelMin+fuelHys) && (SOC <=SOCmin+SOCth)],"230,232",2,decision,1,NaN
7,NoCharge-Regen,169,TransitionNotOperator,stateMachine/Chart,[(Fuel<fuelMin+fuelHys) && (SOC <=SOCmin+SOCth)],"230,232",2,decision,1,NaN
8,NoCharge-ED,169,TransitionNotOperator,stateMachine/Chart,[(Fuel<fuelMin+fuelHys) && (SOC <=SOCmin+SOCth)],"230,232",2,decision,1,NaN
9,NoCharge-Combined,169,TransitionNotOperator,stateMachine/Chart,[(Fuel<fuelMin+fuelHys) && (SOC <=SOCmin+SOCth)],"230,232",2,decision,1,NaN
10,NoCharge-NoCharge,169,TransitionNotOperator,stateMachine/Chart,[(Fuel<fuelMin+fuelHys) && (SOC <=SOCmin+SOCth)],"230,232",2,decision,1,NaN
11,ED-ED,169,TransitionNotOperator,stateMachine/Chart,[(Fuel<fuelMin+fuelHys) && (SOC <=SOCmin+SOCth)],"230,232",2,decision,0,NaN
12,ED-Regen,169,TransitionNotOperator,stateMachine/Chart,[(Fuel<fuelMin+fuelHys) && (SOC <=SOCmin+SOCth)],"230,232",2,decision,0,NaN
13,ED-DEAD,169,TransitionNotOperator,stateMachine/Chart,[(Fuel<fuelMin+fuelHys) && (SOC <=SOCmin+SOCth)],"230,232",2,decision,0,NaN
14,ED-NoCharge,169,TransitionNotOperator,stateMachine/Chart,[(Fuel<fuelMin+fuelHys) && (SOC <=SOCmin+SOCth)],"230,232",2,decision,1,NaN
15,ED-Combined,169,TransitionNotOperator,stateMachine/Chart,[(Fuel<fuelMin+fuelHys) && (SOC <=SOCmin+SOCth)],"230,232",2,decision,1,NaN
16,Combined-Combined,169,TransitionNotOperator,stateMachine/Chart,[(Fuel<fuelMin+fuelHys) && (SOC <=SOCmin+SOCth)],"230,232",2,decision,1,NaN
17,Combined-Regen,169,TransitionNotOperator,stateMachine/Chart,[(Fuel<fuelMin+fuelHys) && (SOC <=SOCmin+SOCth)],"230,232",2,decision,1,NaN
18,Combined-DEAD,169,TransitionNotOperator,stateMachine/Chart,[(Fuel<fuelMin+fuelHys) && (SOC <=SOCmin+SOCth)],"230,232",2,decision,1,NaN
19,Combined-ED,169,TransitionNotOperator,stateMachine/Chart,[(Fuel<fuelMin+fuelHys) && (SOC <=SOCmin+SOCth)],"230,232",2,decision,1,NaN
20,Combined-NoCharge,169,TransitionNotOperator,stateMachine/Chart,[(Fuel<fuelMin+fuelHys) && (SOC <=SOCmin+SOCth)],"230,232",2,decision,1,NaN
21,Regen-Regen,169,TransitionNotOperator,stateMachine/Chart,[(Fuel<fuelMin+fuelHys) && (SOC <=SOCmin+SOCth)],"230,232",2,decision,0,NaN
22,Regen-DEAD,169,TransitionNotOperator,stateMachine/Chart,[(Fuel<fuelMin+fuelHys) && (SOC <=SOCmin+SOCth)],"230,232",2,decision,0,NaN
23,Regen-ED,169,TransitionNotOperator,stateMachine/Chart,[(Fuel<fuelMin+fuelHys) && (SOC <=SOCmin+SOCth)],"230,232",2,decision,0,NaN
24,Regen-NoCharge,169,TransitionNotOperator,stateMachine/Chart,[(Fuel<fuelMin+fuelHys) && (SOC <=SOCmin+SOCth)],"230,232",2,decision,1,NaN
25,Regen-Combined,169,TransitionNotOperator,stateMachine/Chart,[(Fuel<fuelMin+fuelHys) && (SOC <=SOCmin+SOCth)],"230,232",2,decision,1,NaN
1,Dead-Dead,170,TransitionNotOperator,stateMachine/Chart,[(SOC > SOCmin+SOCth) && (Acc>maxAccICE || Acc>maxAccMGU) && (Fuel>fuelMin+fuelHys)],"233",1,decision,1,1
2,Dead-Regen,170,TransitionNotOperator,stateMachine/Chart,[(SOC > SOCmin+SOCth) && (Acc>maxAccICE || Acc>maxAccMGU) && (Fuel>fuelMin+fuelHys)],"233",1,decision,1,1
3,Dead-ED,170,TransitionNotOperator,stateMachine/Chart,[(SOC > SOCmin+SOCth) && (Acc>maxAccICE || Acc>maxAccMGU) && (Fuel>fuelMin+fuelHys)],"233",1,decision,1,1
4,Dead-NoCharge,170,TransitionNotOperator,stateMachine/Chart,[(SOC > SOCmin+SOCth) && (Acc>maxAccICE || Acc>maxAccMGU) && (Fuel>fuelMin+fuelHys)],"233",1,decision,1,1
5,Dead-Combined,170,TransitionNotOperator,stateMachine/Chart,[(SOC > SOCmin+SOCth) && (Acc>maxAccICE || Acc>maxAccMGU) && (Fuel>fuelMin+fuelHys)],"233",1,decision,1,1
6,NoCharge-DEAD,170,TransitionNotOperator,stateMachine/Chart,[(SOC > SOCmin+SOCth) && (Acc>maxAccICE || Acc>maxAccMGU) && (Fuel>fuelMin+fuelHys)],"233",1,decision,1,1
7,NoCharge-Regen,170,TransitionNotOperator,stateMachine/Chart,[(SOC > SOCmin+SOCth) && (Acc>maxAccICE || Acc>maxAccMGU) && (Fuel>fuelMin+fuelHys)],"233",1,decision,1,1
8,NoCharge-ED,170,TransitionNotOperator,stateMachine/Chart,[(SOC > SOCmin+SOCth) && (Acc>maxAccICE || Acc>maxAccMGU) && (Fuel>fuelMin+fuelHys)],"233",1,decision,1,1
9,NoCharge-Combined,170,TransitionNotOperator,stateMachine/Chart,[(SOC > SOCmin+SOCth) && (Acc>maxAccICE || Acc>maxAccMGU) && (Fuel>fuelMin+fuelHys)],"233",1,decision,1,1
10,NoCharge-NoCharge,170,TransitionNotOperator,stateMachine/Chart,[(SOC > SOCmin+SOCth) && (Acc>maxAccICE || Acc>maxAccMGU) && (Fuel>fuelMin+fuelHys)],"233",1,decision,1,1
11,ED-ED,170,TransitionNotOperator,stateMachine/Chart,[(SOC > SOCmin+SOCth) && (Acc>maxAccICE || Acc>maxAccMGU) && (Fuel>fuelMin+fuelHys)],"233",1,decision,1,1
12,ED-Regen,170,TransitionNotOperator,stateMachine/Chart,[(SOC > SOCmin+SOCth) && (Acc>maxAccICE || Acc>maxAccMGU) && (Fuel>fuelMin+fuelHys)],"233",1,decision,1,1
13,ED-DEAD,170,TransitionNotOperator,stateMachine/Chart,[(SOC > SOCmin+SOCth) && (Acc>maxAccICE || Acc>maxAccMGU) && (Fuel>fuelMin+fuelHys)],"233",1,decision,1,1
14,ED-NoCharge,170,TransitionNotOperator,stateMachine/Chart,[(SOC > SOCmin+SOCth) && (Acc>maxAccICE || Acc>maxAccMGU) && (Fuel>fuelMin+fuelHys)],"233",1,decision,1,1
15,ED-Combined,170,TransitionNotOperator,stateMachine/Chart,[(SOC > SOCmin+SOCth) && (Acc>maxAccICE || Acc>maxAccMGU) && (Fuel>fuelMin+fuelHys)],"233",1,decision,1,1
16,Combined-Combined,170,TransitionNotOperator,stateMachine/Chart,[(SOC > SOCmin+SOCth) && (Acc>maxAccICE || Acc>maxAccMGU) && (Fuel>fuelMin+fuelHys)],"233",1,decision,1,1
17,Combined-Regen,170,TransitionNotOperator,stateMachine/Chart,[(SOC > SOCmin+SOCth) && (Acc>maxAccICE || Acc>maxAccMGU) && (Fuel>fuelMin+fuelHys)],"233",1,decision,1,1
18,Combined-DEAD,170,TransitionNotOperator,stateMachine/Chart,[(SOC > SOCmin+SOCth) && (Acc>maxAccICE || Acc>maxAccMGU) && (Fuel>fuelMin+fuelHys)],"233",1,decision,1,1
19,Combined-ED,170,TransitionNotOperator,stateMachine/Chart,[(SOC > SOCmin+SOCth) && (Acc>maxAccICE || Acc>maxAccMGU) && (Fuel>fuelMin+fuelHys)],"233",1,decision,1,1
20,Combined-NoCharge,170,TransitionNotOperator,stateMachine/Chart,[(SOC > SOCmin+SOCth) && (Acc>maxAccICE || Acc>maxAccMGU) && (Fuel>fuelMin+fuelHys)],"233",1,decision,1,1
21,Regen-Regen,170,TransitionNotOperator,stateMachine/Chart,[(SOC > SOCmin+SOCth) && (Acc>maxAccICE || Acc>maxAccMGU) && (Fuel>fuelMin+fuelHys)],"233",1,decision,0,0
22,Regen-DEAD,170,TransitionNotOperator,stateMachine/Chart,[(SOC > SOCmin+SOCth) && (Acc>maxAccICE || Acc>maxAccMGU) && (Fuel>fuelMin+fuelHys)],"233",1,decision,1,1
23,Regen-ED,170,TransitionNotOperator,stateMachine/Chart,[(SOC > SOCmin+SOCth) && (Acc>maxAccICE || Acc>maxAccMGU) && (Fuel>fuelMin+fuelHys)],"233",1,decision,0,0
24,Regen-NoCharge,170,TransitionNotOperator,stateMachine/Chart,[(SOC > SOCmin+SOCth) && (Acc>maxAccICE || Acc>maxAccMGU) && (Fuel>fuelMin+fuelHys)],"233",1,decision,0,0
25,Regen-Combined,170,TransitionNotOperator,stateMachine/Chart,[(SOC > SOCmin+SOCth) && (Acc>maxAccICE || Acc>maxAccMGU) && (Fuel>fuelMin+fuelHys)],"233",1,decision,0,0
1,Dead-Dead,171,TransitionNotOperator,stateMachine/Chart,[(Fuel>fuelMin+fuelHys) && (SOC <=SOCmin+SOCth)],"234",1,decision,0,0
2,Dead-Regen,171,TransitionNotOperator,stateMachine/Chart,[(Fuel>fuelMin+fuelHys) && (SOC <=SOCmin+SOCth)],"234",1,decision,0,0
3,Dead-ED,171,TransitionNotOperator,stateMachine/Chart,[(Fuel>fuelMin+fuelHys) && (SOC <=SOCmin+SOCth)],"234",1,decision,1,1
4,Dead-NoCharge,171,TransitionNotOperator,stateMachine/Chart,[(Fuel>fuelMin+fuelHys) && (SOC <=SOCmin+SOCth)],"234",1,decision,0,0
5,Dead-Combined,171,TransitionNotOperator,stateMachine/Chart,[(Fuel>fuelMin+fuelHys) && (SOC <=SOCmin+SOCth)],"234",1,decision,0,0
6,NoCharge-DEAD,171,TransitionNotOperator,stateMachine/Chart,[(Fuel>fuelMin+fuelHys) && (SOC <=SOCmin+SOCth)],"234",1,decision,0,0
7,NoCharge-Regen,171,TransitionNotOperator,stateMachine/Chart,[(Fuel>fuelMin+fuelHys) && (SOC <=SOCmin+SOCth)],"234",1,decision,0,0
8,NoCharge-ED,171,TransitionNotOperator,stateMachine/Chart,[(Fuel>fuelMin+fuelHys) && (SOC <=SOCmin+SOCth)],"234",1,decision,1,1
9,NoCharge-Combined,171,TransitionNotOperator,stateMachine/Chart,[(Fuel>fuelMin+fuelHys) && (SOC <=SOCmin+SOCth)],"234",1,decision,0,0
10,NoCharge-NoCharge,171,TransitionNotOperator,stateMachine/Chart,[(Fuel>fuelMin+fuelHys) && (SOC <=SOCmin+SOCth)],"234",1,decision,0,0
11,ED-ED,171,TransitionNotOperator,stateMachine/Chart,[(Fuel>fuelMin+fuelHys) && (SOC <=SOCmin+SOCth)],"234",1,decision,1,1
12,ED-Regen,171,TransitionNotOperator,stateMachine/Chart,[(Fuel>fuelMin+fuelHys) && (SOC <=SOCmin+SOCth)],"234",1,decision,1,1
13,ED-DEAD,171,TransitionNotOperator,stateMachine/Chart,[(Fuel>fuelMin+fuelHys) && (SOC <=SOCmin+SOCth)],"234",1,decision,1,1
14,ED-NoCharge,171,TransitionNotOperator,stateMachine/Chart,[(Fuel>fuelMin+fuelHys) && (SOC <=SOCmin+SOCth)],"234",1,decision,1,1
15,ED-Combined,171,TransitionNotOperator,stateMachine/Chart,[(Fuel>fuelMin+fuelHys) && (SOC <=SOCmin+SOCth)],"234",1,decision,1,1
16,Combined-Combined,171,TransitionNotOperator,stateMachine/Chart,[(Fuel>fuelMin+fuelHys) && (SOC <=SOCmin+SOCth)],"234",1,decision,0,0
17,Combined-Regen,171,TransitionNotOperator,stateMachine/Chart,[(Fuel>fuelMin+fuelHys) && (SOC <=SOCmin+SOCth)],"234",1,decision,0,0
18,Combined-DEAD,171,TransitionNotOperator,stateMachine/Chart,[(Fuel>fuelMin+fuelHys) && (SOC <=SOCmin+SOCth)],"234",1,decision,0,0
19,Combined-ED,171,TransitionNotOperator,stateMachine/Chart,[(Fuel>fuelMin+fuelHys) && (SOC <=SOCmin+SOCth)],"234",1,decision,1,1
20,Combined-NoCharge,171,TransitionNotOperator,stateMachine/Chart,[(Fuel>fuelMin+fuelHys) && (SOC <=SOCmin+SOCth)],"234",1,decision,0,0
21,Regen-Regen,171,TransitionNotOperator,stateMachine/Chart,[(Fuel>fuelMin+fuelHys) && (SOC <=SOCmin+SOCth)],"234",1,decision,0,0
22,Regen-DEAD,171,TransitionNotOperator,stateMachine/Chart,[(Fuel>fuelMin+fuelHys) && (SOC <=SOCmin+SOCth)],"234",1,decision,0,0
23,Regen-ED,171,TransitionNotOperator,stateMachine/Chart,[(Fuel>fuelMin+fuelHys) && (SOC <=SOCmin+SOCth)],"234",1,decision,1,1
24,Regen-NoCharge,171,TransitionNotOperator,stateMachine/Chart,[(Fuel>fuelMin+fuelHys) && (SOC <=SOCmin+SOCth)],"234",1,decision,0,0
25,Regen-Combined,171,TransitionNotOperator,stateMachine/Chart,[(Fuel>fuelMin+fuelHys) && (SOC <=SOCmin+SOCth)],"234",1,decision,0,0
1,Dead-Dead,172,TransitionNotOperator,stateMachine/Chart,[ (Fuel>fuelMin+fuelHys)&& (SOC < SOCmin+SOCth)],"235",1,decision,0,0
2,Dead-Regen,172,TransitionNotOperator,stateMachine/Chart,[ (Fuel>fuelMin+fuelHys)&& (SOC < SOCmin+SOCth)],"235",1,decision,0,0
3,Dead-ED,172,TransitionNotOperator,stateMachine/Chart,[ (Fuel>fuelMin+fuelHys)&& (SOC < SOCmin+SOCth)],"235",1,decision,0,0
4,Dead-NoCharge,172,TransitionNotOperator,stateMachine/Chart,[ (Fuel>fuelMin+fuelHys)&& (SOC < SOCmin+SOCth)],"235",1,decision,0,0
5,Dead-Combined,172,TransitionNotOperator,stateMachine/Chart,[ (Fuel>fuelMin+fuelHys)&& (SOC < SOCmin+SOCth)],"235",1,decision,0,0
6,NoCharge-DEAD,172,TransitionNotOperator,stateMachine/Chart,[ (Fuel>fuelMin+fuelHys)&& (SOC < SOCmin+SOCth)],"235",1,decision,0,0
7,NoCharge-Regen,172,TransitionNotOperator,stateMachine/Chart,[ (Fuel>fuelMin+fuelHys)&& (SOC < SOCmin+SOCth)],"235",1,decision,0,0
8,NoCharge-ED,172,TransitionNotOperator,stateMachine/Chart,[ (Fuel>fuelMin+fuelHys)&& (SOC < SOCmin+SOCth)],"235",1,decision,0,0
9,NoCharge-Combined,172,TransitionNotOperator,stateMachine/Chart,[ (Fuel>fuelMin+fuelHys)&& (SOC < SOCmin+SOCth)],"235",1,decision,0,0
10,NoCharge-NoCharge,172,TransitionNotOperator,stateMachine/Chart,[ (Fuel>fuelMin+fuelHys)&& (SOC < SOCmin+SOCth)],"235",1,decision,0,0
11,ED-ED,172,TransitionNotOperator,stateMachine/Chart,[ (Fuel>fuelMin+fuelHys)&& (SOC < SOCmin+SOCth)],"235",1,decision,0,0
12,ED-Regen,172,TransitionNotOperator,stateMachine/Chart,[ (Fuel>fuelMin+fuelHys)&& (SOC < SOCmin+SOCth)],"235",1,decision,0,0
13,ED-DEAD,172,TransitionNotOperator,stateMachine/Chart,[ (Fuel>fuelMin+fuelHys)&& (SOC < SOCmin+SOCth)],"235",1,decision,0,0
14,ED-NoCharge,172,TransitionNotOperator,stateMachine/Chart,[ (Fuel>fuelMin+fuelHys)&& (SOC < SOCmin+SOCth)],"235",1,decision,0,0
15,ED-Combined,172,TransitionNotOperator,stateMachine/Chart,[ (Fuel>fuelMin+fuelHys)&& (SOC < SOCmin+SOCth)],"235",1,decision,0,0
16,Combined-Combined,172,TransitionNotOperator,stateMachine/Chart,[ (Fuel>fuelMin+fuelHys)&& (SOC < SOCmin+SOCth)],"235",1,decision,0,0
17,Combined-Regen,172,TransitionNotOperator,stateMachine/Chart,[ (Fuel>fuelMin+fuelHys)&& (SOC < SOCmin+SOCth)],"235",1,decision,0,0
18,Combined-DEAD,172,TransitionNotOperator,stateMachine/Chart,[ (Fuel>fuelMin+fuelHys)&& (SOC < SOCmin+SOCth)],"235",1,decision,0,0
19,Combined-ED,172,TransitionNotOperator,stateMachine/Chart,[ (Fuel>fuelMin+fuelHys)&& (SOC < SOCmin+SOCth)],"235",1,decision,0,0
20,Combined-NoCharge,172,TransitionNotOperator,stateMachine/Chart,[ (Fuel>fuelMin+fuelHys)&& (SOC < SOCmin+SOCth)],"235",1,decision,0,0
21,Regen-Regen,172,TransitionNotOperator,stateMachine/Chart,[ (Fuel>fuelMin+fuelHys)&& (SOC < SOCmin+SOCth)],"235",1,decision,0,0
22,Regen-DEAD,172,TransitionNotOperator,stateMachine/Chart,[ (Fuel>fuelMin+fuelHys)&& (SOC < SOCmin+SOCth)],"235",1,decision,0,0
23,Regen-ED,172,TransitionNotOperator,stateMachine/Chart,[ (Fuel>fuelMin+fuelHys)&& (SOC < SOCmin+SOCth)],"235",1,decision,0,0
24,Regen-NoCharge,172,TransitionNotOperator,stateMachine/Chart,[ (Fuel>fuelMin+fuelHys)&& (SOC < SOCmin+SOCth)],"235",1,decision,1,1
25,Regen-Combined,172,TransitionNotOperator,stateMachine/Chart,[ (Fuel>fuelMin+fuelHys)&& (SOC < SOCmin+SOCth)],"235",1,decision,1,1
1,Dead-Dead,173,TransitionNotOperator,stateMachine/Chart,[((SOC > SOCmin+SOCth) && (RealSpeed < SpeedEDmax)) || ((Fuel<fuelMin+fuelHys) && (SOC >SOCmin+SOCth))],"236",1,decision,0,0
2,Dead-Regen,173,TransitionNotOperator,stateMachine/Chart,[((SOC > SOCmin+SOCth) && (RealSpeed < SpeedEDmax)) || ((Fuel<fuelMin+fuelHys) && (SOC >SOCmin+SOCth))],"236",1,decision,0,0
3,Dead-ED,173,TransitionNotOperator,stateMachine/Chart,[((SOC > SOCmin+SOCth) && (RealSpeed < SpeedEDmax)) || ((Fuel<fuelMin+fuelHys) && (SOC >SOCmin+SOCth))],"236",1,decision,0,0
4,Dead-NoCharge,173,TransitionNotOperator,stateMachine/Chart,[((SOC > SOCmin+SOCth) && (RealSpeed < SpeedEDmax)) || ((Fuel<fuelMin+fuelHys) && (SOC >SOCmin+SOCth))],"236",1,decision,1,1
5,Dead-Combined,173,TransitionNotOperator,stateMachine/Chart,[((SOC > SOCmin+SOCth) && (RealSpeed < SpeedEDmax)) || ((Fuel<fuelMin+fuelHys) && (SOC >SOCmin+SOCth))],"236",1,decision,0,0
6,NoCharge-DEAD,173,TransitionNotOperator,stateMachine/Chart,[((SOC > SOCmin+SOCth) && (RealSpeed < SpeedEDmax)) || ((Fuel<fuelMin+fuelHys) && (SOC >SOCmin+SOCth))],"236",1,decision,1,1
7,NoCharge-Regen,173,TransitionNotOperator,stateMachine/Chart,[((SOC > SOCmin+SOCth) && (RealSpeed < SpeedEDmax)) || ((Fuel<fuelMin+fuelHys) && (SOC >SOCmin+SOCth))],"236",1,decision,1,1
8,NoCharge-ED,173,TransitionNotOperator,stateMachine/Chart,[((SOC > SOCmin+SOCth) && (RealSpeed < SpeedEDmax)) || ((Fuel<fuelMin+fuelHys) && (SOC >SOCmin+SOCth))],"236",1,decision,1,1
9,NoCharge-Combined,173,TransitionNotOperator,stateMachine/Chart,[((SOC > SOCmin+SOCth) && (RealSpeed < SpeedEDmax)) || ((Fuel<fuelMin+fuelHys) && (SOC >SOCmin+SOCth))],"236",1,decision,1,1
10,NoCharge-NoCharge,173,TransitionNotOperator,stateMachine/Chart,[((SOC > SOCmin+SOCth) && (RealSpeed < SpeedEDmax)) || ((Fuel<fuelMin+fuelHys) && (SOC >SOCmin+SOCth))],"236",1,decision,1,1
11,ED-ED,173,TransitionNotOperator,stateMachine/Chart,[((SOC > SOCmin+SOCth) && (RealSpeed < SpeedEDmax)) || ((Fuel<fuelMin+fuelHys) && (SOC >SOCmin+SOCth))],"236",1,decision,0,0
12,ED-Regen,173,TransitionNotOperator,stateMachine/Chart,[((SOC > SOCmin+SOCth) && (RealSpeed < SpeedEDmax)) || ((Fuel<fuelMin+fuelHys) && (SOC >SOCmin+SOCth))],"236",1,decision,0,0
13,ED-DEAD,173,TransitionNotOperator,stateMachine/Chart,[((SOC > SOCmin+SOCth) && (RealSpeed < SpeedEDmax)) || ((Fuel<fuelMin+fuelHys) && (SOC >SOCmin+SOCth))],"236",1,decision,0,0
14,ED-NoCharge,173,TransitionNotOperator,stateMachine/Chart,[((SOC > SOCmin+SOCth) && (RealSpeed < SpeedEDmax)) || ((Fuel<fuelMin+fuelHys) && (SOC >SOCmin+SOCth))],"236",1,decision,1,1
15,ED-Combined,173,TransitionNotOperator,stateMachine/Chart,[((SOC > SOCmin+SOCth) && (RealSpeed < SpeedEDmax)) || ((Fuel<fuelMin+fuelHys) && (SOC >SOCmin+SOCth))],"236",1,decision,0,0
16,Combined-Combined,173,TransitionNotOperator,stateMachine/Chart,[((SOC > SOCmin+SOCth) && (RealSpeed < SpeedEDmax)) || ((Fuel<fuelMin+fuelHys) && (SOC >SOCmin+SOCth))],"236",1,decision,0,0
17,Combined-Regen,173,TransitionNotOperator,stateMachine/Chart,[((SOC > SOCmin+SOCth) && (RealSpeed < SpeedEDmax)) || ((Fuel<fuelMin+fuelHys) && (SOC >SOCmin+SOCth))],"236",1,decision,0,0
18,Combined-DEAD,173,TransitionNotOperator,stateMachine/Chart,[((SOC > SOCmin+SOCth) && (RealSpeed < SpeedEDmax)) || ((Fuel<fuelMin+fuelHys) && (SOC >SOCmin+SOCth))],"236",1,decision,0,0
19,Combined-ED,173,TransitionNotOperator,stateMachine/Chart,[((SOC > SOCmin+SOCth) && (RealSpeed < SpeedEDmax)) || ((Fuel<fuelMin+fuelHys) && (SOC >SOCmin+SOCth))],"236",1,decision,0,0
20,Combined-NoCharge,173,TransitionNotOperator,stateMachine/Chart,[((SOC > SOCmin+SOCth) && (RealSpeed < SpeedEDmax)) || ((Fuel<fuelMin+fuelHys) && (SOC >SOCmin+SOCth))],"236",1,decision,1,1
21,Regen-Regen,173,TransitionNotOperator,stateMachine/Chart,[((SOC > SOCmin+SOCth) && (RealSpeed < SpeedEDmax)) || ((Fuel<fuelMin+fuelHys) && (SOC >SOCmin+SOCth))],"236",1,decision,0,0
22,Regen-DEAD,173,TransitionNotOperator,stateMachine/Chart,[((SOC > SOCmin+SOCth) && (RealSpeed < SpeedEDmax)) || ((Fuel<fuelMin+fuelHys) && (SOC >SOCmin+SOCth))],"236",1,decision,0,0
23,Regen-ED,173,TransitionNotOperator,stateMachine/Chart,[((SOC > SOCmin+SOCth) && (RealSpeed < SpeedEDmax)) || ((Fuel<fuelMin+fuelHys) && (SOC >SOCmin+SOCth))],"236",1,decision,0,0
24,Regen-NoCharge,173,TransitionNotOperator,stateMachine/Chart,[((SOC > SOCmin+SOCth) && (RealSpeed < SpeedEDmax)) || ((Fuel<fuelMin+fuelHys) && (SOC >SOCmin+SOCth))],"236",1,decision,1,1
25,Regen-Combined,173,TransitionNotOperator,stateMachine/Chart,[((SOC > SOCmin+SOCth) && (RealSpeed < SpeedEDmax)) || ((Fuel<fuelMin+fuelHys) && (SOC >SOCmin+SOCth))],"236",1,decision,0,0
1,Dead-Dead,174,TransitionNotOperator,stateMachine/Chart,[Acc<0],"227,237,243,246",4,decision,1,NaN
2,Dead-Regen,174,TransitionNotOperator,stateMachine/Chart,[Acc<0],"227,237,243,246",4,decision,1,NaN
3,Dead-ED,174,TransitionNotOperator,stateMachine/Chart,[Acc<0],"227,237,243,246",4,decision,1,NaN
4,Dead-NoCharge,174,TransitionNotOperator,stateMachine/Chart,[Acc<0],"227,237,243,246",4,decision,1,NaN
5,Dead-Combined,174,TransitionNotOperator,stateMachine/Chart,[Acc<0],"227,237,243,246",4,decision,1,NaN
6,NoCharge-DEAD,174,TransitionNotOperator,stateMachine/Chart,[Acc<0],"227,237,243,246",4,decision,1,NaN
7,NoCharge-Regen,174,TransitionNotOperator,stateMachine/Chart,[Acc<0],"227,237,243,246",4,decision,1,NaN
8,NoCharge-ED,174,TransitionNotOperator,stateMachine/Chart,[Acc<0],"227,237,243,246",4,decision,1,NaN
9,NoCharge-Combined,174,TransitionNotOperator,stateMachine/Chart,[Acc<0],"227,237,243,246",4,decision,1,NaN
10,NoCharge-NoCharge,174,TransitionNotOperator,stateMachine/Chart,[Acc<0],"227,237,243,246",4,decision,1,NaN
11,ED-ED,174,TransitionNotOperator,stateMachine/Chart,[Acc<0],"227,237,243,246",4,decision,1,NaN
12,ED-Regen,174,TransitionNotOperator,stateMachine/Chart,[Acc<0],"227,237,243,246",4,decision,1,NaN
13,ED-DEAD,174,TransitionNotOperator,stateMachine/Chart,[Acc<0],"227,237,243,246",4,decision,1,NaN
14,ED-NoCharge,174,TransitionNotOperator,stateMachine/Chart,[Acc<0],"227,237,243,246",4,decision,1,NaN
15,ED-Combined,174,TransitionNotOperator,stateMachine/Chart,[Acc<0],"227,237,243,246",4,decision,1,NaN
16,Combined-Combined,174,TransitionNotOperator,stateMachine/Chart,[Acc<0],"227,237,243,246",4,decision,1,NaN
17,Combined-Regen,174,TransitionNotOperator,stateMachine/Chart,[Acc<0],"227,237,243,246",4,decision,1,NaN
18,Combined-DEAD,174,TransitionNotOperator,stateMachine/Chart,[Acc<0],"227,237,243,246",4,decision,1,NaN
19,Combined-ED,174,TransitionNotOperator,stateMachine/Chart,[Acc<0],"227,237,243,246",4,decision,1,NaN
20,Combined-NoCharge,174,TransitionNotOperator,stateMachine/Chart,[Acc<0],"227,237,243,246",4,decision,1,NaN
21,Regen-Regen,174,TransitionNotOperator,stateMachine/Chart,[Acc<0],"227,237,243,246",4,decision,1,NaN
22,Regen-DEAD,174,TransitionNotOperator,stateMachine/Chart,[Acc<0],"227,237,243,246",4,decision,1,NaN
23,Regen-ED,174,TransitionNotOperator,stateMachine/Chart,[Acc<0],"227,237,243,246",4,decision,1,NaN
24,Regen-NoCharge,174,TransitionNotOperator,stateMachine/Chart,[Acc<0],"227,237,243,246",4,decision,1,NaN
25,Regen-Combined,174,TransitionNotOperator,stateMachine/Chart,[Acc<0],"227,237,243,246",4,decision,1,NaN
1,Dead-Dead,175,TransitionNotOperator,stateMachine/Chart,[(SOC <= SOCmin + SOCth)&&(Fuel>fuelMin+fuelHys)],"238",1,decision,0,0
2,Dead-Regen,175,TransitionNotOperator,stateMachine/Chart,[(SOC <= SOCmin + SOCth)&&(Fuel>fuelMin+fuelHys)],"238",1,decision,0,0
3,Dead-ED,175,TransitionNotOperator,stateMachine/Chart,[(SOC <= SOCmin + SOCth)&&(Fuel>fuelMin+fuelHys)],"238",1,decision,0,0
4,Dead-NoCharge,175,TransitionNotOperator,stateMachine/Chart,[(SOC <= SOCmin + SOCth)&&(Fuel>fuelMin+fuelHys)],"238",1,decision,0,0
5,Dead-Combined,175,TransitionNotOperator,stateMachine/Chart,[(SOC <= SOCmin + SOCth)&&(Fuel>fuelMin+fuelHys)],"238",1,decision,1,1
6,NoCharge-DEAD,175,TransitionNotOperator,stateMachine/Chart,[(SOC <= SOCmin + SOCth)&&(Fuel>fuelMin+fuelHys)],"238",1,decision,0,0
7,NoCharge-Regen,175,TransitionNotOperator,stateMachine/Chart,[(SOC <= SOCmin + SOCth)&&(Fuel>fuelMin+fuelHys)],"238",1,decision,0,0
8,NoCharge-ED,175,TransitionNotOperator,stateMachine/Chart,[(SOC <= SOCmin + SOCth)&&(Fuel>fuelMin+fuelHys)],"238",1,decision,0,0
9,NoCharge-Combined,175,TransitionNotOperator,stateMachine/Chart,[(SOC <= SOCmin + SOCth)&&(Fuel>fuelMin+fuelHys)],"238",1,decision,1,1
10,NoCharge-NoCharge,175,TransitionNotOperator,stateMachine/Chart,[(SOC <= SOCmin + SOCth)&&(Fuel>fuelMin+fuelHys)],"238",1,decision,0,0
11,ED-ED,175,TransitionNotOperator,stateMachine/Chart,[(SOC <= SOCmin + SOCth)&&(Fuel>fuelMin+fuelHys)],"238",1,decision,0,0
12,ED-Regen,175,TransitionNotOperator,stateMachine/Chart,[(SOC <= SOCmin + SOCth)&&(Fuel>fuelMin+fuelHys)],"238",1,decision,0,0
13,ED-DEAD,175,TransitionNotOperator,stateMachine/Chart,[(SOC <= SOCmin + SOCth)&&(Fuel>fuelMin+fuelHys)],"238",1,decision,0,0
14,ED-NoCharge,175,TransitionNotOperator,stateMachine/Chart,[(SOC <= SOCmin + SOCth)&&(Fuel>fuelMin+fuelHys)],"238",1,decision,0,0
15,ED-Combined,175,TransitionNotOperator,stateMachine/Chart,[(SOC <= SOCmin + SOCth)&&(Fuel>fuelMin+fuelHys)],"238",1,decision,1,1
16,Combined-Combined,175,TransitionNotOperator,stateMachine/Chart,[(SOC <= SOCmin + SOCth)&&(Fuel>fuelMin+fuelHys)],"238",1,decision,1,1
17,Combined-Regen,175,TransitionNotOperator,stateMachine/Chart,[(SOC <= SOCmin + SOCth)&&(Fuel>fuelMin+fuelHys)],"238",1,decision,1,1
18,Combined-DEAD,175,TransitionNotOperator,stateMachine/Chart,[(SOC <= SOCmin + SOCth)&&(Fuel>fuelMin+fuelHys)],"238",1,decision,1,1
19,Combined-ED,175,TransitionNotOperator,stateMachine/Chart,[(SOC <= SOCmin + SOCth)&&(Fuel>fuelMin+fuelHys)],"238",1,decision,1,1
20,Combined-NoCharge,175,TransitionNotOperator,stateMachine/Chart,[(SOC <= SOCmin + SOCth)&&(Fuel>fuelMin+fuelHys)],"238",1,decision,1,1
21,Regen-Regen,175,TransitionNotOperator,stateMachine/Chart,[(SOC <= SOCmin + SOCth)&&(Fuel>fuelMin+fuelHys)],"238",1,decision,0,0
22,Regen-DEAD,175,TransitionNotOperator,stateMachine/Chart,[(SOC <= SOCmin + SOCth)&&(Fuel>fuelMin+fuelHys)],"238",1,decision,0,0
23,Regen-ED,175,TransitionNotOperator,stateMachine/Chart,[(SOC <= SOCmin + SOCth)&&(Fuel>fuelMin+fuelHys)],"238",1,decision,0,0
24,Regen-NoCharge,175,TransitionNotOperator,stateMachine/Chart,[(SOC <= SOCmin + SOCth)&&(Fuel>fuelMin+fuelHys)],"238",1,decision,0,0
25,Regen-Combined,175,TransitionNotOperator,stateMachine/Chart,[(SOC <= SOCmin + SOCth)&&(Fuel>fuelMin+fuelHys)],"238",1,decision,1,1
1,Dead-Dead,176,TransitionNotOperator,stateMachine/Chart,[(SOC > SOCmin+SOCth) && (Fuel>fuelMin+fuelHys) &&Acc>maxAccICE],"239",1,decision,0,0
2,Dead-Regen,176,TransitionNotOperator,stateMachine/Chart,[(SOC > SOCmin+SOCth) && (Fuel>fuelMin+fuelHys) &&Acc>maxAccICE],"239",1,decision,0,0
3,Dead-ED,176,TransitionNotOperator,stateMachine/Chart,[(SOC > SOCmin+SOCth) && (Fuel>fuelMin+fuelHys) &&Acc>maxAccICE],"239",1,decision,0,0
4,Dead-NoCharge,176,TransitionNotOperator,stateMachine/Chart,[(SOC > SOCmin+SOCth) && (Fuel>fuelMin+fuelHys) &&Acc>maxAccICE],"239",1,decision,1,1
5,Dead-Combined,176,TransitionNotOperator,stateMachine/Chart,[(SOC > SOCmin+SOCth) && (Fuel>fuelMin+fuelHys) &&Acc>maxAccICE],"239",1,decision,0,0
6,NoCharge-DEAD,176,TransitionNotOperator,stateMachine/Chart,[(SOC > SOCmin+SOCth) && (Fuel>fuelMin+fuelHys) &&Acc>maxAccICE],"239",1,decision,1,1
7,NoCharge-Regen,176,TransitionNotOperator,stateMachine/Chart,[(SOC > SOCmin+SOCth) && (Fuel>fuelMin+fuelHys) &&Acc>maxAccICE],"239",1,decision,1,1
8,NoCharge-ED,176,TransitionNotOperator,stateMachine/Chart,[(SOC > SOCmin+SOCth) && (Fuel>fuelMin+fuelHys) &&Acc>maxAccICE],"239",1,decision,1,1
9,NoCharge-Combined,176,TransitionNotOperator,stateMachine/Chart,[(SOC > SOCmin+SOCth) && (Fuel>fuelMin+fuelHys) &&Acc>maxAccICE],"239",1,decision,1,1
10,NoCharge-NoCharge,176,TransitionNotOperator,stateMachine/Chart,[(SOC > SOCmin+SOCth) && (Fuel>fuelMin+fuelHys) &&Acc>maxAccICE],"239",1,decision,1,1
11,ED-ED,176,TransitionNotOperator,stateMachine/Chart,[(SOC > SOCmin+SOCth) && (Fuel>fuelMin+fuelHys) &&Acc>maxAccICE],"239",1,decision,0,0
12,ED-Regen,176,TransitionNotOperator,stateMachine/Chart,[(SOC > SOCmin+SOCth) && (Fuel>fuelMin+fuelHys) &&Acc>maxAccICE],"239",1,decision,0,0
13,ED-DEAD,176,TransitionNotOperator,stateMachine/Chart,[(SOC > SOCmin+SOCth) && (Fuel>fuelMin+fuelHys) &&Acc>maxAccICE],"239",1,decision,0,0
14,ED-NoCharge,176,TransitionNotOperator,stateMachine/Chart,[(SOC > SOCmin+SOCth) && (Fuel>fuelMin+fuelHys) &&Acc>maxAccICE],"239",1,decision,1,1
15,ED-Combined,176,TransitionNotOperator,stateMachine/Chart,[(SOC > SOCmin+SOCth) && (Fuel>fuelMin+fuelHys) &&Acc>maxAccICE],"239",1,decision,0,0
16,Combined-Combined,176,TransitionNotOperator,stateMachine/Chart,[(SOC > SOCmin+SOCth) && (Fuel>fuelMin+fuelHys) &&Acc>maxAccICE],"239",1,decision,0,0
17,Combined-Regen,176,TransitionNotOperator,stateMachine/Chart,[(SOC > SOCmin+SOCth) && (Fuel>fuelMin+fuelHys) &&Acc>maxAccICE],"239",1,decision,0,0
18,Combined-DEAD,176,TransitionNotOperator,stateMachine/Chart,[(SOC > SOCmin+SOCth) && (Fuel>fuelMin+fuelHys) &&Acc>maxAccICE],"239",1,decision,0,0
19,Combined-ED,176,TransitionNotOperator,stateMachine/Chart,[(SOC > SOCmin+SOCth) && (Fuel>fuelMin+fuelHys) &&Acc>maxAccICE],"239",1,decision,0,0
20,Combined-NoCharge,176,TransitionNotOperator,stateMachine/Chart,[(SOC > SOCmin+SOCth) && (Fuel>fuelMin+fuelHys) &&Acc>maxAccICE],"239",1,decision,1,1
21,Regen-Regen,176,TransitionNotOperator,stateMachine/Chart,[(SOC > SOCmin+SOCth) && (Fuel>fuelMin+fuelHys) &&Acc>maxAccICE],"239",1,decision,0,0
22,Regen-DEAD,176,TransitionNotOperator,stateMachine/Chart,[(SOC > SOCmin+SOCth) && (Fuel>fuelMin+fuelHys) &&Acc>maxAccICE],"239",1,decision,0,0
23,Regen-ED,176,TransitionNotOperator,stateMachine/Chart,[(SOC > SOCmin+SOCth) && (Fuel>fuelMin+fuelHys) &&Acc>maxAccICE],"239",1,decision,0,0
24,Regen-NoCharge,176,TransitionNotOperator,stateMachine/Chart,[(SOC > SOCmin+SOCth) && (Fuel>fuelMin+fuelHys) &&Acc>maxAccICE],"239",1,decision,1,1
25,Regen-Combined,176,TransitionNotOperator,stateMachine/Chart,[(SOC > SOCmin+SOCth) && (Fuel>fuelMin+fuelHys) &&Acc>maxAccICE],"239",1,decision,0,0
1,Dead-Dead,177,TransitionNotOperator,stateMachine/Chart,[((RealSpeed>=SpeedEDmax)&& (Fuel>fuelMin+fuelHys))|| ((Fuel>fuelMin+fuelHys)  && Acc>maxAccMGU)],"240",1,decision,0,0
2,Dead-Regen,177,TransitionNotOperator,stateMachine/Chart,[((RealSpeed>=SpeedEDmax)&& (Fuel>fuelMin+fuelHys))|| ((Fuel>fuelMin+fuelHys)  && Acc>maxAccMGU)],"240",1,decision,0,0
3,Dead-ED,177,TransitionNotOperator,stateMachine/Chart,[((RealSpeed>=SpeedEDmax)&& (Fuel>fuelMin+fuelHys))|| ((Fuel>fuelMin+fuelHys)  && Acc>maxAccMGU)],"240",1,decision,1,1
4,Dead-NoCharge,177,TransitionNotOperator,stateMachine/Chart,[((RealSpeed>=SpeedEDmax)&& (Fuel>fuelMin+fuelHys))|| ((Fuel>fuelMin+fuelHys)  && Acc>maxAccMGU)],"240",1,decision,0,0
5,Dead-Combined,177,TransitionNotOperator,stateMachine/Chart,[((RealSpeed>=SpeedEDmax)&& (Fuel>fuelMin+fuelHys))|| ((Fuel>fuelMin+fuelHys)  && Acc>maxAccMGU)],"240",1,decision,0,0
6,NoCharge-DEAD,177,TransitionNotOperator,stateMachine/Chart,[((RealSpeed>=SpeedEDmax)&& (Fuel>fuelMin+fuelHys))|| ((Fuel>fuelMin+fuelHys)  && Acc>maxAccMGU)],"240",1,decision,0,0
7,NoCharge-Regen,177,TransitionNotOperator,stateMachine/Chart,[((RealSpeed>=SpeedEDmax)&& (Fuel>fuelMin+fuelHys))|| ((Fuel>fuelMin+fuelHys)  && Acc>maxAccMGU)],"240",1,decision,0,0
8,NoCharge-ED,177,TransitionNotOperator,stateMachine/Chart,[((RealSpeed>=SpeedEDmax)&& (Fuel>fuelMin+fuelHys))|| ((Fuel>fuelMin+fuelHys)  && Acc>maxAccMGU)],"240",1,decision,1,1
9,NoCharge-Combined,177,TransitionNotOperator,stateMachine/Chart,[((RealSpeed>=SpeedEDmax)&& (Fuel>fuelMin+fuelHys))|| ((Fuel>fuelMin+fuelHys)  && Acc>maxAccMGU)],"240",1,decision,0,0
10,NoCharge-NoCharge,177,TransitionNotOperator,stateMachine/Chart,[((RealSpeed>=SpeedEDmax)&& (Fuel>fuelMin+fuelHys))|| ((Fuel>fuelMin+fuelHys)  && Acc>maxAccMGU)],"240",1,decision,0,0
11,ED-ED,177,TransitionNotOperator,stateMachine/Chart,[((RealSpeed>=SpeedEDmax)&& (Fuel>fuelMin+fuelHys))|| ((Fuel>fuelMin+fuelHys)  && Acc>maxAccMGU)],"240",1,decision,1,1
12,ED-Regen,177,TransitionNotOperator,stateMachine/Chart,[((RealSpeed>=SpeedEDmax)&& (Fuel>fuelMin+fuelHys))|| ((Fuel>fuelMin+fuelHys)  && Acc>maxAccMGU)],"240",1,decision,1,1
13,ED-DEAD,177,TransitionNotOperator,stateMachine/Chart,[((RealSpeed>=SpeedEDmax)&& (Fuel>fuelMin+fuelHys))|| ((Fuel>fuelMin+fuelHys)  && Acc>maxAccMGU)],"240",1,decision,1,1
14,ED-NoCharge,177,TransitionNotOperator,stateMachine/Chart,[((RealSpeed>=SpeedEDmax)&& (Fuel>fuelMin+fuelHys))|| ((Fuel>fuelMin+fuelHys)  && Acc>maxAccMGU)],"240",1,decision,1,1
15,ED-Combined,177,TransitionNotOperator,stateMachine/Chart,[((RealSpeed>=SpeedEDmax)&& (Fuel>fuelMin+fuelHys))|| ((Fuel>fuelMin+fuelHys)  && Acc>maxAccMGU)],"240",1,decision,1,1
16,Combined-Combined,177,TransitionNotOperator,stateMachine/Chart,[((RealSpeed>=SpeedEDmax)&& (Fuel>fuelMin+fuelHys))|| ((Fuel>fuelMin+fuelHys)  && Acc>maxAccMGU)],"240",1,decision,0,0
17,Combined-Regen,177,TransitionNotOperator,stateMachine/Chart,[((RealSpeed>=SpeedEDmax)&& (Fuel>fuelMin+fuelHys))|| ((Fuel>fuelMin+fuelHys)  && Acc>maxAccMGU)],"240",1,decision,0,0
18,Combined-DEAD,177,TransitionNotOperator,stateMachine/Chart,[((RealSpeed>=SpeedEDmax)&& (Fuel>fuelMin+fuelHys))|| ((Fuel>fuelMin+fuelHys)  && Acc>maxAccMGU)],"240",1,decision,0,0
19,Combined-ED,177,TransitionNotOperator,stateMachine/Chart,[((RealSpeed>=SpeedEDmax)&& (Fuel>fuelMin+fuelHys))|| ((Fuel>fuelMin+fuelHys)  && Acc>maxAccMGU)],"240",1,decision,1,1
20,Combined-NoCharge,177,TransitionNotOperator,stateMachine/Chart,[((RealSpeed>=SpeedEDmax)&& (Fuel>fuelMin+fuelHys))|| ((Fuel>fuelMin+fuelHys)  && Acc>maxAccMGU)],"240",1,decision,0,0
21,Regen-Regen,177,TransitionNotOperator,stateMachine/Chart,[((RealSpeed>=SpeedEDmax)&& (Fuel>fuelMin+fuelHys))|| ((Fuel>fuelMin+fuelHys)  && Acc>maxAccMGU)],"240",1,decision,0,0
22,Regen-DEAD,177,TransitionNotOperator,stateMachine/Chart,[((RealSpeed>=SpeedEDmax)&& (Fuel>fuelMin+fuelHys))|| ((Fuel>fuelMin+fuelHys)  && Acc>maxAccMGU)],"240",1,decision,0,0
23,Regen-ED,177,TransitionNotOperator,stateMachine/Chart,[((RealSpeed>=SpeedEDmax)&& (Fuel>fuelMin+fuelHys))|| ((Fuel>fuelMin+fuelHys)  && Acc>maxAccMGU)],"240",1,decision,1,1
24,Regen-NoCharge,177,TransitionNotOperator,stateMachine/Chart,[((RealSpeed>=SpeedEDmax)&& (Fuel>fuelMin+fuelHys))|| ((Fuel>fuelMin+fuelHys)  && Acc>maxAccMGU)],"240",1,decision,0,0
25,Regen-Combined,177,TransitionNotOperator,stateMachine/Chart,[((RealSpeed>=SpeedEDmax)&& (Fuel>fuelMin+fuelHys))|| ((Fuel>fuelMin+fuelHys)  && Acc>maxAccMGU)],"240",1,decision,0,0
1,Dead-Dead,178,TransitionNotOperator,stateMachine/Chart,[(RealSpeed<SpeedEDmax)&& (SOC >SOCmin+SOCth)&&Acc<maxAccMGU],"241",1,decision,0,0
2,Dead-Regen,178,TransitionNotOperator,stateMachine/Chart,[(RealSpeed<SpeedEDmax)&& (SOC >SOCmin+SOCth)&&Acc<maxAccMGU],"241",1,decision,0,0
3,Dead-ED,178,TransitionNotOperator,stateMachine/Chart,[(RealSpeed<SpeedEDmax)&& (SOC >SOCmin+SOCth)&&Acc<maxAccMGU],"241",1,decision,0,0
4,Dead-NoCharge,178,TransitionNotOperator,stateMachine/Chart,[(RealSpeed<SpeedEDmax)&& (SOC >SOCmin+SOCth)&&Acc<maxAccMGU],"241",1,decision,0,0
5,Dead-Combined,178,TransitionNotOperator,stateMachine/Chart,[(RealSpeed<SpeedEDmax)&& (SOC >SOCmin+SOCth)&&Acc<maxAccMGU],"241",1,decision,1,1
6,NoCharge-DEAD,178,TransitionNotOperator,stateMachine/Chart,[(RealSpeed<SpeedEDmax)&& (SOC >SOCmin+SOCth)&&Acc<maxAccMGU],"241",1,decision,0,0
7,NoCharge-Regen,178,TransitionNotOperator,stateMachine/Chart,[(RealSpeed<SpeedEDmax)&& (SOC >SOCmin+SOCth)&&Acc<maxAccMGU],"241",1,decision,0,0
8,NoCharge-ED,178,TransitionNotOperator,stateMachine/Chart,[(RealSpeed<SpeedEDmax)&& (SOC >SOCmin+SOCth)&&Acc<maxAccMGU],"241",1,decision,0,0
9,NoCharge-Combined,178,TransitionNotOperator,stateMachine/Chart,[(RealSpeed<SpeedEDmax)&& (SOC >SOCmin+SOCth)&&Acc<maxAccMGU],"241",1,decision,1,1
10,NoCharge-NoCharge,178,TransitionNotOperator,stateMachine/Chart,[(RealSpeed<SpeedEDmax)&& (SOC >SOCmin+SOCth)&&Acc<maxAccMGU],"241",1,decision,0,0
11,ED-ED,178,TransitionNotOperator,stateMachine/Chart,[(RealSpeed<SpeedEDmax)&& (SOC >SOCmin+SOCth)&&Acc<maxAccMGU],"241",1,decision,0,0
12,ED-Regen,178,TransitionNotOperator,stateMachine/Chart,[(RealSpeed<SpeedEDmax)&& (SOC >SOCmin+SOCth)&&Acc<maxAccMGU],"241",1,decision,0,0
13,ED-DEAD,178,TransitionNotOperator,stateMachine/Chart,[(RealSpeed<SpeedEDmax)&& (SOC >SOCmin+SOCth)&&Acc<maxAccMGU],"241",1,decision,0,0
14,ED-NoCharge,178,TransitionNotOperator,stateMachine/Chart,[(RealSpeed<SpeedEDmax)&& (SOC >SOCmin+SOCth)&&Acc<maxAccMGU],"241",1,decision,0,0
15,ED-Combined,178,TransitionNotOperator,stateMachine/Chart,[(RealSpeed<SpeedEDmax)&& (SOC >SOCmin+SOCth)&&Acc<maxAccMGU],"241",1,decision,1,1
16,Combined-Combined,178,TransitionNotOperator,stateMachine/Chart,[(RealSpeed<SpeedEDmax)&& (SOC >SOCmin+SOCth)&&Acc<maxAccMGU],"241",1,decision,1,1
17,Combined-Regen,178,TransitionNotOperator,stateMachine/Chart,[(RealSpeed<SpeedEDmax)&& (SOC >SOCmin+SOCth)&&Acc<maxAccMGU],"241",1,decision,1,1
18,Combined-DEAD,178,TransitionNotOperator,stateMachine/Chart,[(RealSpeed<SpeedEDmax)&& (SOC >SOCmin+SOCth)&&Acc<maxAccMGU],"241",1,decision,1,1
19,Combined-ED,178,TransitionNotOperator,stateMachine/Chart,[(RealSpeed<SpeedEDmax)&& (SOC >SOCmin+SOCth)&&Acc<maxAccMGU],"241",1,decision,1,1
20,Combined-NoCharge,178,TransitionNotOperator,stateMachine/Chart,[(RealSpeed<SpeedEDmax)&& (SOC >SOCmin+SOCth)&&Acc<maxAccMGU],"241",1,decision,1,1
21,Regen-Regen,178,TransitionNotOperator,stateMachine/Chart,[(RealSpeed<SpeedEDmax)&& (SOC >SOCmin+SOCth)&&Acc<maxAccMGU],"241",1,decision,0,0
22,Regen-DEAD,178,TransitionNotOperator,stateMachine/Chart,[(RealSpeed<SpeedEDmax)&& (SOC >SOCmin+SOCth)&&Acc<maxAccMGU],"241",1,decision,0,0
23,Regen-ED,178,TransitionNotOperator,stateMachine/Chart,[(RealSpeed<SpeedEDmax)&& (SOC >SOCmin+SOCth)&&Acc<maxAccMGU],"241",1,decision,0,0
24,Regen-NoCharge,178,TransitionNotOperator,stateMachine/Chart,[(RealSpeed<SpeedEDmax)&& (SOC >SOCmin+SOCth)&&Acc<maxAccMGU],"241",1,decision,0,0
25,Regen-Combined,178,TransitionNotOperator,stateMachine/Chart,[(RealSpeed<SpeedEDmax)&& (SOC >SOCmin+SOCth)&&Acc<maxAccMGU],"241",1,decision,1,1
1,Dead-Dead,179,TransitionNotOperator,stateMachine/Chart,[(SOC > SOCmin+SOCth) && (RealSpeed<SpeedEDmax)],"242",1,decision,0,0
2,Dead-Regen,179,TransitionNotOperator,stateMachine/Chart,[(SOC > SOCmin+SOCth) && (RealSpeed<SpeedEDmax)],"242",1,decision,0,0
3,Dead-ED,179,TransitionNotOperator,stateMachine/Chart,[(SOC > SOCmin+SOCth) && (RealSpeed<SpeedEDmax)],"242",1,decision,0,0
4,Dead-NoCharge,179,TransitionNotOperator,stateMachine/Chart,[(SOC > SOCmin+SOCth) && (RealSpeed<SpeedEDmax)],"242",1,decision,0,0
5,Dead-Combined,179,TransitionNotOperator,stateMachine/Chart,[(SOC > SOCmin+SOCth) && (RealSpeed<SpeedEDmax)],"242",1,decision,0,0
6,NoCharge-DEAD,179,TransitionNotOperator,stateMachine/Chart,[(SOC > SOCmin+SOCth) && (RealSpeed<SpeedEDmax)],"242",1,decision,0,0
7,NoCharge-Regen,179,TransitionNotOperator,stateMachine/Chart,[(SOC > SOCmin+SOCth) && (RealSpeed<SpeedEDmax)],"242",1,decision,0,0
8,NoCharge-ED,179,TransitionNotOperator,stateMachine/Chart,[(SOC > SOCmin+SOCth) && (RealSpeed<SpeedEDmax)],"242",1,decision,0,0
9,NoCharge-Combined,179,TransitionNotOperator,stateMachine/Chart,[(SOC > SOCmin+SOCth) && (RealSpeed<SpeedEDmax)],"242",1,decision,0,0
10,NoCharge-NoCharge,179,TransitionNotOperator,stateMachine/Chart,[(SOC > SOCmin+SOCth) && (RealSpeed<SpeedEDmax)],"242",1,decision,0,0
11,ED-ED,179,TransitionNotOperator,stateMachine/Chart,[(SOC > SOCmin+SOCth) && (RealSpeed<SpeedEDmax)],"242",1,decision,0,0
12,ED-Regen,179,TransitionNotOperator,stateMachine/Chart,[(SOC > SOCmin+SOCth) && (RealSpeed<SpeedEDmax)],"242",1,decision,0,0
13,ED-DEAD,179,TransitionNotOperator,stateMachine/Chart,[(SOC > SOCmin+SOCth) && (RealSpeed<SpeedEDmax)],"242",1,decision,0,0
14,ED-NoCharge,179,TransitionNotOperator,stateMachine/Chart,[(SOC > SOCmin+SOCth) && (RealSpeed<SpeedEDmax)],"242",1,decision,0,0
15,ED-Combined,179,TransitionNotOperator,stateMachine/Chart,[(SOC > SOCmin+SOCth) && (RealSpeed<SpeedEDmax)],"242",1,decision,0,0
16,Combined-Combined,179,TransitionNotOperator,stateMachine/Chart,[(SOC > SOCmin+SOCth) && (RealSpeed<SpeedEDmax)],"242",1,decision,0,0
17,Combined-Regen,179,TransitionNotOperator,stateMachine/Chart,[(SOC > SOCmin+SOCth) && (RealSpeed<SpeedEDmax)],"242",1,decision,0,0
18,Combined-DEAD,179,TransitionNotOperator,stateMachine/Chart,[(SOC > SOCmin+SOCth) && (RealSpeed<SpeedEDmax)],"242",1,decision,0,0
19,Combined-ED,179,TransitionNotOperator,stateMachine/Chart,[(SOC > SOCmin+SOCth) && (RealSpeed<SpeedEDmax)],"242",1,decision,0,0
20,Combined-NoCharge,179,TransitionNotOperator,stateMachine/Chart,[(SOC > SOCmin+SOCth) && (RealSpeed<SpeedEDmax)],"242",1,decision,0,0
21,Regen-Regen,179,TransitionNotOperator,stateMachine/Chart,[(SOC > SOCmin+SOCth) && (RealSpeed<SpeedEDmax)],"242",1,decision,0,0
22,Regen-DEAD,179,TransitionNotOperator,stateMachine/Chart,[(SOC > SOCmin+SOCth) && (RealSpeed<SpeedEDmax)],"242",1,decision,0,0
23,Regen-ED,179,TransitionNotOperator,stateMachine/Chart,[(SOC > SOCmin+SOCth) && (RealSpeed<SpeedEDmax)],"242",1,decision,1,1
24,Regen-NoCharge,179,TransitionNotOperator,stateMachine/Chart,[(SOC > SOCmin+SOCth) && (RealSpeed<SpeedEDmax)],"242",1,decision,1,1
25,Regen-Combined,179,TransitionNotOperator,stateMachine/Chart,[(SOC > SOCmin+SOCth) && (RealSpeed<SpeedEDmax)],"242",1,decision,1,1
1,Dead-Dead,180,TransitionNotOperator,stateMachine/Chart,[Acc<0],"227,237,243,246",4,decision,1,NaN
2,Dead-Regen,180,TransitionNotOperator,stateMachine/Chart,[Acc<0],"227,237,243,246",4,decision,1,NaN
3,Dead-ED,180,TransitionNotOperator,stateMachine/Chart,[Acc<0],"227,237,243,246",4,decision,1,NaN
4,Dead-NoCharge,180,TransitionNotOperator,stateMachine/Chart,[Acc<0],"227,237,243,246",4,decision,1,NaN
5,Dead-Combined,180,TransitionNotOperator,stateMachine/Chart,[Acc<0],"227,237,243,246",4,decision,1,NaN
6,NoCharge-DEAD,180,TransitionNotOperator,stateMachine/Chart,[Acc<0],"227,237,243,246",4,decision,1,NaN
7,NoCharge-Regen,180,TransitionNotOperator,stateMachine/Chart,[Acc<0],"227,237,243,246",4,decision,1,NaN
8,NoCharge-ED,180,TransitionNotOperator,stateMachine/Chart,[Acc<0],"227,237,243,246",4,decision,1,NaN
9,NoCharge-Combined,180,TransitionNotOperator,stateMachine/Chart,[Acc<0],"227,237,243,246",4,decision,1,NaN
10,NoCharge-NoCharge,180,TransitionNotOperator,stateMachine/Chart,[Acc<0],"227,237,243,246",4,decision,1,NaN
11,ED-ED,180,TransitionNotOperator,stateMachine/Chart,[Acc<0],"227,237,243,246",4,decision,1,NaN
12,ED-Regen,180,TransitionNotOperator,stateMachine/Chart,[Acc<0],"227,237,243,246",4,decision,1,NaN
13,ED-DEAD,180,TransitionNotOperator,stateMachine/Chart,[Acc<0],"227,237,243,246",4,decision,1,NaN
14,ED-NoCharge,180,TransitionNotOperator,stateMachine/Chart,[Acc<0],"227,237,243,246",4,decision,1,NaN
15,ED-Combined,180,TransitionNotOperator,stateMachine/Chart,[Acc<0],"227,237,243,246",4,decision,1,NaN
16,Combined-Combined,180,TransitionNotOperator,stateMachine/Chart,[Acc<0],"227,237,243,246",4,decision,1,NaN
17,Combined-Regen,180,TransitionNotOperator,stateMachine/Chart,[Acc<0],"227,237,243,246",4,decision,1,NaN
18,Combined-DEAD,180,TransitionNotOperator,stateMachine/Chart,[Acc<0],"227,237,243,246",4,decision,1,NaN
19,Combined-ED,180,TransitionNotOperator,stateMachine/Chart,[Acc<0],"227,237,243,246",4,decision,1,NaN
20,Combined-NoCharge,180,TransitionNotOperator,stateMachine/Chart,[Acc<0],"227,237,243,246",4,decision,1,NaN
21,Regen-Regen,180,TransitionNotOperator,stateMachine/Chart,[Acc<0],"227,237,243,246",4,decision,1,NaN
22,Regen-DEAD,180,TransitionNotOperator,stateMachine/Chart,[Acc<0],"227,237,243,246",4,decision,1,NaN
23,Regen-ED,180,TransitionNotOperator,stateMachine/Chart,[Acc<0],"227,237,243,246",4,decision,1,NaN
24,Regen-NoCharge,180,TransitionNotOperator,stateMachine/Chart,[Acc<0],"227,237,243,246",4,decision,1,NaN
25,Regen-Combined,180,TransitionNotOperator,stateMachine/Chart,[Acc<0],"227,237,243,246",4,decision,1,NaN
1,Dead-Dead,181,TransitionNotOperator,stateMachine/Chart,[Acc < 0],"244",1,decision,0,0
2,Dead-Regen,181,TransitionNotOperator,stateMachine/Chart,[Acc < 0],"244",1,decision,0,0
3,Dead-ED,181,TransitionNotOperator,stateMachine/Chart,[Acc < 0],"244",1,decision,0,0
4,Dead-NoCharge,181,TransitionNotOperator,stateMachine/Chart,[Acc < 0],"244",1,decision,0,0
5,Dead-Combined,181,TransitionNotOperator,stateMachine/Chart,[Acc < 0],"244",1,decision,1,1
6,NoCharge-DEAD,181,TransitionNotOperator,stateMachine/Chart,[Acc < 0],"244",1,decision,0,0
7,NoCharge-Regen,181,TransitionNotOperator,stateMachine/Chart,[Acc < 0],"244",1,decision,0,0
8,NoCharge-ED,181,TransitionNotOperator,stateMachine/Chart,[Acc < 0],"244",1,decision,0,0
9,NoCharge-Combined,181,TransitionNotOperator,stateMachine/Chart,[Acc < 0],"244",1,decision,1,1
10,NoCharge-NoCharge,181,TransitionNotOperator,stateMachine/Chart,[Acc < 0],"244",1,decision,0,0
11,ED-ED,181,TransitionNotOperator,stateMachine/Chart,[Acc < 0],"244",1,decision,0,0
12,ED-Regen,181,TransitionNotOperator,stateMachine/Chart,[Acc < 0],"244",1,decision,0,0
13,ED-DEAD,181,TransitionNotOperator,stateMachine/Chart,[Acc < 0],"244",1,decision,0,0
14,ED-NoCharge,181,TransitionNotOperator,stateMachine/Chart,[Acc < 0],"244",1,decision,0,0
15,ED-Combined,181,TransitionNotOperator,stateMachine/Chart,[Acc < 0],"244",1,decision,1,1
16,Combined-Combined,181,TransitionNotOperator,stateMachine/Chart,[Acc < 0],"244",1,decision,1,1
17,Combined-Regen,181,TransitionNotOperator,stateMachine/Chart,[Acc < 0],"244",1,decision,1,1
18,Combined-DEAD,181,TransitionNotOperator,stateMachine/Chart,[Acc < 0],"244",1,decision,1,1
19,Combined-ED,181,TransitionNotOperator,stateMachine/Chart,[Acc < 0],"244",1,decision,1,1
20,Combined-NoCharge,181,TransitionNotOperator,stateMachine/Chart,[Acc < 0],"244",1,decision,1,1
21,Regen-Regen,181,TransitionNotOperator,stateMachine/Chart,[Acc < 0],"244",1,decision,0,0
22,Regen-DEAD,181,TransitionNotOperator,stateMachine/Chart,[Acc < 0],"244",1,decision,0,0
23,Regen-ED,181,TransitionNotOperator,stateMachine/Chart,[Acc < 0],"244",1,decision,0,0
24,Regen-NoCharge,181,TransitionNotOperator,stateMachine/Chart,[Acc < 0],"244",1,decision,0,0
25,Regen-Combined,181,TransitionNotOperator,stateMachine/Chart,[Acc < 0],"244",1,decision,1,1
1,Dead-Dead,182,TransitionNotOperator,stateMachine/Chart,[(SOC > SOCmin+SOCth) && (RealSpeed>SpeedEDmax) && (Fuel>fuelMin+fuelHys)],"245",1,decision,0,0
2,Dead-Regen,182,TransitionNotOperator,stateMachine/Chart,[(SOC > SOCmin+SOCth) && (RealSpeed>SpeedEDmax) && (Fuel>fuelMin+fuelHys)],"245",1,decision,0,0
3,Dead-ED,182,TransitionNotOperator,stateMachine/Chart,[(SOC > SOCmin+SOCth) && (RealSpeed>SpeedEDmax) && (Fuel>fuelMin+fuelHys)],"245",1,decision,0,0
4,Dead-NoCharge,182,TransitionNotOperator,stateMachine/Chart,[(SOC > SOCmin+SOCth) && (RealSpeed>SpeedEDmax) && (Fuel>fuelMin+fuelHys)],"245",1,decision,0,0
5,Dead-Combined,182,TransitionNotOperator,stateMachine/Chart,[(SOC > SOCmin+SOCth) && (RealSpeed>SpeedEDmax) && (Fuel>fuelMin+fuelHys)],"245",1,decision,0,0
6,NoCharge-DEAD,182,TransitionNotOperator,stateMachine/Chart,[(SOC > SOCmin+SOCth) && (RealSpeed>SpeedEDmax) && (Fuel>fuelMin+fuelHys)],"245",1,decision,0,0
7,NoCharge-Regen,182,TransitionNotOperator,stateMachine/Chart,[(SOC > SOCmin+SOCth) && (RealSpeed>SpeedEDmax) && (Fuel>fuelMin+fuelHys)],"245",1,decision,0,0
8,NoCharge-ED,182,TransitionNotOperator,stateMachine/Chart,[(SOC > SOCmin+SOCth) && (RealSpeed>SpeedEDmax) && (Fuel>fuelMin+fuelHys)],"245",1,decision,0,0
9,NoCharge-Combined,182,TransitionNotOperator,stateMachine/Chart,[(SOC > SOCmin+SOCth) && (RealSpeed>SpeedEDmax) && (Fuel>fuelMin+fuelHys)],"245",1,decision,0,0
10,NoCharge-NoCharge,182,TransitionNotOperator,stateMachine/Chart,[(SOC > SOCmin+SOCth) && (RealSpeed>SpeedEDmax) && (Fuel>fuelMin+fuelHys)],"245",1,decision,0,0
11,ED-ED,182,TransitionNotOperator,stateMachine/Chart,[(SOC > SOCmin+SOCth) && (RealSpeed>SpeedEDmax) && (Fuel>fuelMin+fuelHys)],"245",1,decision,0,0
12,ED-Regen,182,TransitionNotOperator,stateMachine/Chart,[(SOC > SOCmin+SOCth) && (RealSpeed>SpeedEDmax) && (Fuel>fuelMin+fuelHys)],"245",1,decision,0,0
13,ED-DEAD,182,TransitionNotOperator,stateMachine/Chart,[(SOC > SOCmin+SOCth) && (RealSpeed>SpeedEDmax) && (Fuel>fuelMin+fuelHys)],"245",1,decision,0,0
14,ED-NoCharge,182,TransitionNotOperator,stateMachine/Chart,[(SOC > SOCmin+SOCth) && (RealSpeed>SpeedEDmax) && (Fuel>fuelMin+fuelHys)],"245",1,decision,0,0
15,ED-Combined,182,TransitionNotOperator,stateMachine/Chart,[(SOC > SOCmin+SOCth) && (RealSpeed>SpeedEDmax) && (Fuel>fuelMin+fuelHys)],"245",1,decision,0,0
16,Combined-Combined,182,TransitionNotOperator,stateMachine/Chart,[(SOC > SOCmin+SOCth) && (RealSpeed>SpeedEDmax) && (Fuel>fuelMin+fuelHys)],"245",1,decision,0,0
17,Combined-Regen,182,TransitionNotOperator,stateMachine/Chart,[(SOC > SOCmin+SOCth) && (RealSpeed>SpeedEDmax) && (Fuel>fuelMin+fuelHys)],"245",1,decision,0,0
18,Combined-DEAD,182,TransitionNotOperator,stateMachine/Chart,[(SOC > SOCmin+SOCth) && (RealSpeed>SpeedEDmax) && (Fuel>fuelMin+fuelHys)],"245",1,decision,0,0
19,Combined-ED,182,TransitionNotOperator,stateMachine/Chart,[(SOC > SOCmin+SOCth) && (RealSpeed>SpeedEDmax) && (Fuel>fuelMin+fuelHys)],"245",1,decision,0,0
20,Combined-NoCharge,182,TransitionNotOperator,stateMachine/Chart,[(SOC > SOCmin+SOCth) && (RealSpeed>SpeedEDmax) && (Fuel>fuelMin+fuelHys)],"245",1,decision,0,0
21,Regen-Regen,182,TransitionNotOperator,stateMachine/Chart,[(SOC > SOCmin+SOCth) && (RealSpeed>SpeedEDmax) && (Fuel>fuelMin+fuelHys)],"245",1,decision,0,0
22,Regen-DEAD,182,TransitionNotOperator,stateMachine/Chart,[(SOC > SOCmin+SOCth) && (RealSpeed>SpeedEDmax) && (Fuel>fuelMin+fuelHys)],"245",1,decision,0,0
23,Regen-ED,182,TransitionNotOperator,stateMachine/Chart,[(SOC > SOCmin+SOCth) && (RealSpeed>SpeedEDmax) && (Fuel>fuelMin+fuelHys)],"245",1,decision,0,0
24,Regen-NoCharge,182,TransitionNotOperator,stateMachine/Chart,[(SOC > SOCmin+SOCth) && (RealSpeed>SpeedEDmax) && (Fuel>fuelMin+fuelHys)],"245",1,decision,0,0
25,Regen-Combined,182,TransitionNotOperator,stateMachine/Chart,[(SOC > SOCmin+SOCth) && (RealSpeed>SpeedEDmax) && (Fuel>fuelMin+fuelHys)],"245",1,decision,1,1
1,Dead-Dead,183,TransitionNotOperator,stateMachine/Chart,[Acc<0],"227,237,243,246",4,decision,1,NaN
2,Dead-Regen,183,TransitionNotOperator,stateMachine/Chart,[Acc<0],"227,237,243,246",4,decision,1,NaN
3,Dead-ED,183,TransitionNotOperator,stateMachine/Chart,[Acc<0],"227,237,243,246",4,decision,1,NaN
4,Dead-NoCharge,183,TransitionNotOperator,stateMachine/Chart,[Acc<0],"227,237,243,246",4,decision,1,NaN
5,Dead-Combined,183,TransitionNotOperator,stateMachine/Chart,[Acc<0],"227,237,243,246",4,decision,1,NaN
6,NoCharge-DEAD,183,TransitionNotOperator,stateMachine/Chart,[Acc<0],"227,237,243,246",4,decision,1,NaN
7,NoCharge-Regen,183,TransitionNotOperator,stateMachine/Chart,[Acc<0],"227,237,243,246",4,decision,1,NaN
8,NoCharge-ED,183,TransitionNotOperator,stateMachine/Chart,[Acc<0],"227,237,243,246",4,decision,1,NaN
9,NoCharge-Combined,183,TransitionNotOperator,stateMachine/Chart,[Acc<0],"227,237,243,246",4,decision,1,NaN
10,NoCharge-NoCharge,183,TransitionNotOperator,stateMachine/Chart,[Acc<0],"227,237,243,246",4,decision,1,NaN
11,ED-ED,183,TransitionNotOperator,stateMachine/Chart,[Acc<0],"227,237,243,246",4,decision,1,NaN
12,ED-Regen,183,TransitionNotOperator,stateMachine/Chart,[Acc<0],"227,237,243,246",4,decision,1,NaN
13,ED-DEAD,183,TransitionNotOperator,stateMachine/Chart,[Acc<0],"227,237,243,246",4,decision,1,NaN
14,ED-NoCharge,183,TransitionNotOperator,stateMachine/Chart,[Acc<0],"227,237,243,246",4,decision,1,NaN
15,ED-Combined,183,TransitionNotOperator,stateMachine/Chart,[Acc<0],"227,237,243,246",4,decision,1,NaN
16,Combined-Combined,183,TransitionNotOperator,stateMachine/Chart,[Acc<0],"227,237,243,246",4,decision,1,NaN
17,Combined-Regen,183,TransitionNotOperator,stateMachine/Chart,[Acc<0],"227,237,243,246",4,decision,1,NaN
18,Combined-DEAD,183,TransitionNotOperator,stateMachine/Chart,[Acc<0],"227,237,243,246",4,decision,1,NaN
19,Combined-ED,183,TransitionNotOperator,stateMachine/Chart,[Acc<0],"227,237,243,246",4,decision,1,NaN
20,Combined-NoCharge,183,TransitionNotOperator,stateMachine/Chart,[Acc<0],"227,237,243,246",4,decision,1,NaN
21,Regen-Regen,183,TransitionNotOperator,stateMachine/Chart,[Acc<0],"227,237,243,246",4,decision,1,NaN
22,Regen-DEAD,183,TransitionNotOperator,stateMachine/Chart,[Acc<0],"227,237,243,246",4,decision,1,NaN
23,Regen-ED,183,TransitionNotOperator,stateMachine/Chart,[Acc<0],"227,237,243,246",4,decision,1,NaN
24,Regen-NoCharge,183,TransitionNotOperator,stateMachine/Chart,[Acc<0],"227,237,243,246",4,decision,1,NaN
25,Regen-Combined,183,TransitionNotOperator,stateMachine/Chart,[Acc<0],"227,237,243,246",4,decision,1,NaN
